Id,BuiltArea,LotArea,Bedrooms,Bathrooms,Floors,Age,DistanceToCityCenter,SchoolRating,CrimeIndex,HasParking,HasGym,HasSwimmingPool,FurnishingType,SalePrice
1,1748.357077,1660.992254,2,2,3,25,3.685356916,,56.34890897,0,1,0,Semi-Furnished,124.7666155
2,1430.867849,1637.268713,1,4,3,2,9.040218062,10,30.72317086,0,0,0,Fully-Furnished,126.0240575
3,1823.844269,563.4854619,5,4,3,1,11.60082261,9,40.0844965,1,0,0,Unfurnished,115.837455
4,2261.514928,1735.927847,2,2,2,4,2.102468523,1,43.41304204,0,1,0,Unfurnished,145.6380874
5,1382.923313,2586.263265,1,1,2,19,18.05457387,3,35.27496251,1,1,0,,91.43879172
6,1382.931522,980.6143047,5,3,1,11,12.76354373,5,46.59960314,0,0,0,Unfurnished,92.26553377
7,2289.606408,2838.786121,4,4,3,37,8.00541321,3,10.5766716,0,0,1,Semi-Furnished,138.2073449
8,1883.717365,2390.219857,2,3,2,15,4.686367571,4,27.00353222,1,0,0,Unfurnished,147.2705645
9,1265.262807,1412.613342,4,4,2,36,7.299659399,4,22.17647565,0,0,1,Semi-Furnished,96.06410802
10,1771.280022,1886.77629,3,,3,37,8.335209438,1,31.68127303,0,0,1,Unfurnished,95.21819227
11,1268.291154,3278.657446,5,4,3,35,9.762650227,6,38.0673399,1,1,1,Unfurnished,143.5252102
12,1267.135123,2586.838251,5,2,1,28,14.0026434,7,49.90923593,1,0,0,Fully-Furnished,78.55815486
13,1620.981136,2007.026924,2,3,1,34,6.095606122,7,40.34934252,0,0,0,Fully-Furnished,89.10332942
14,543.3598777,1809.853346,5,1,2,36,10.25083935,6,36.95437639,0,1,0,Unfurnished,70.44837205
15,637.5410837,2061.287256,3,2,1,20,2.83028335,7,42.14063673,1,0,0,Semi-Furnished,95.82962802
16,1218.856235,1590.589154,5,3,2,20,6.345597143,3,39.52830447,0,0,0,Fully-Furnished,97.98273212
17,993.5844398,500,1,3,1,27,9.506867391,5,44.42943677,0,0,0,Fully-Furnished,49.27446541
18,1657.123666,3633.742328,4,4,3,5,10.76504996,7,44.98918004,0,1,1,Fully-Furnished,172.4479032
19,1045.987962,2124.259999,3,2,1,19,4.987070093,10,38.30367033,1,0,0,Unfurnished,89.81914524
20,793.8481493,2318.517812,3,3,2,35,6.236833216,5,26.37422998,1,0,0,Semi-Furnished,89.47699535
21,2232.824384,1953.6738,4,1,1,12,13.84222654,10,49.27993921,1,0,0,Semi-Furnished,148.1460668
22,1387.11185,1411.906559,4,4,2,39,12.64763448,2,62.53543454,1,0,0,Unfurnished,90.95281639
23,1533.764102,1851.260415,3,4,2,10,8.833828868,6,34.09034962,0,1,0,Semi-Furnished,139.6215338
24,787.6259069,,4,3,1,23,0.5,7,48.35697926,1,0,0,Fully-Furnished,117.3128358
25,1227.808638,3821.669198,2,2,1,18,18.04453019,2,43.34433131,1,0,1,Semi-Furnished,106.3615379
26,1555.461295,1012.390401,4,4,2,22,7.920273753,10,58.70196767,1,0,0,Fully-Furnished,113.7159029
27,924.5032113,1174.426973,1,2,3,30,6.749731768,8,36.99011993,1,0,0,Fully-Furnished,66.66433103
28,1687.849009,1647.792636,1,3,1,36,5.910560297,5,46.76143544,0,1,0,Unfurnished,83.13699372
29,1199.680655,3030.46058,2,3,2,36,9.505468149,8,48.1447807,1,1,1,Fully-Furnished,130.4597299
30,1354.153125,2011.607199,4,2,3,2,9.546330357,3,53.81847131,1,0,1,Semi-Furnished,119.4867284
31,1199.146694,,1,1,2,33,11.80251149,2,33.48074034,0,0,1,Semi-Furnished,59.08501173
32,2426.139092,3003.470689,5,4,1,28,4.295751343,7,54.56038394,0,1,1,Semi-Furnished,181.638011
33,1493.251388,2584.800501,4,3,2,2,6.750020487,5,42.00983597,1,1,0,Semi-Furnished,133.3448888
34,971.1445355,,2,1,2,14,16.12218289,5,57.71354633,1,0,0,Semi-Furnished,63.46761847
35,1911.272456,2572.587393,4,1,2,6,8.898362533,8,44.03266303,1,1,0,Fully-Furnished,155.3758335
36,889.578175,3915.48952,3,2,1,2,7.309902507,9,68.79324917,0,0,1,Unfurnished,124.2909138
37,1604.431798,3748.075916,3,2,3,15,4.233528938,8,25.86038336,1,1,0,Unfurnished,170.3093699
38,520.1649381,,1,2,3,33,10.02373722,10,58.15065627,0,0,0,Semi-Furnished,68.77852063
39,835.9069756,3299.107994,3,1,3,19,12.12407287,2,54.69487614,0,1,1,Fully-Furnished,67.37463016
40,1598.430618,2306.534552,2,4,3,38,11.49835058,10,56.9153762,0,0,0,Unfurnished,104.5922192
41,1869.23329,2399.276653,1,2,1,32,6.964796546,7,65.79746739,0,0,1,Semi-Furnished,102.9456428
42,1585.684141,,2,4,2,13,9.445009133,5,23.03194391,1,1,0,Fully-Furnished,117.8666307
43,1442.175859,,2,2,3,34,14.68663775,7,82.49812433,0,1,1,Unfurnished,87.59012778
44,1349.448152,1349.741128,3,1,3,10,12.28352917,3,57.78427526,1,1,0,Fully-Furnished,106.4718477
45,760.7390048,2662.447052,3,4,1,19,4.863349031,4,78.93964867,0,0,1,Semi-Furnished,104.7530714
46,1140.077896,2856.8644,2,4,2,29,0.5,7,77.97693371,1,1,1,Fully-Furnished,123.2523036
47,1269.680615,500,3,1,2,27,9.187090028,,56.42382643,1,1,1,Unfurnished,86.25297869
48,2028.561113,1982.372109,3,4,3,14,11.19427251,2,53.86779542,1,0,1,Unfurnished,146.1167358
49,1671.809145,2897.489204,3,1,3,37,3.643102033,1,61.24272372,0,0,1,Fully-Furnished,98.8351732
50,618.4799223,1850.65683,4,1,2,12,7.964841912,1,15.78399717,0,1,0,Unfurnished,61.07414597
51,1662.041985,2583.250916,2,3,1,34,6.945203737,1,48.67909062,1,0,0,Fully-Furnished,106.3281518
52,1307.45886,2280.932374,5,2,2,23,8.417145289,6,64.53330181,0,1,0,Fully-Furnished,103.7901494
53,1161.539,2273.328186,2,3,2,0,5.821214852,5,72.92032836,1,0,1,Semi-Furnished,127.4602337
54,1805.838144,1782.948018,1,1,3,23,13.16204399,10,45.28279276,0,0,1,Semi-Furnished,122.6856743
55,2015.499761,1026.735357,3,1,1,26,8.591875523,8,55.40988751,0,1,0,Fully-Furnished,80.10277153
56,1965.64006,1102.775882,3,4,1,17,4.483932455,5,58.58811508,0,1,1,Unfurnished,120.2090372
57,1080.391238,2567.482012,5,1,1,25,11.66984861,1,48.76626215,1,0,0,Semi-Furnished,67.78113487
58,1345.393812,2015.566604,1,1,3,28,2.943249616,8,35.99615134,1,1,0,Unfurnished,91.05569363
59,1665.631716,1889.190204,4,1,1,7,13.13797751,6,40.06304813,0,1,1,Fully-Furnished,95.09599702
60,1987.772564,1660.887966,2,2,1,25,11.9642377,8,34.33007901,1,1,0,Unfurnished,112.4333522
61,1260.412881,1755.848924,4,3,3,4,13.55910118,2,27.31400637,0,1,1,Unfurnished,88.63522505
62,1407.170512,,1,3,2,32,7.36701451,10,47.45454082,1,1,1,Fully-Furnished,122.2149586
63,946.832513,1731.804735,5,2,1,39,6.015544081,8,83.2512704,1,1,1,Semi-Furnished,85.98594367
64,901.896688,927.1482294,1,2,2,4,8.336087044,6,53.69786447,1,0,0,Semi-Furnished,73.49558107
65,1906.262911,2594.92142,5,2,1,35,7.662252855,1,45.69538133,0,1,0,Unfurnished,119.6525994
66,2178.120014,,4,3,2,12,5.389054858,1,55.59297783,1,1,1,Fully-Furnished,144.2157487
67,1463.994939,2025.116692,4,3,2,16,5.785506743,10,37.61206183,0,1,0,Fully-Furnished,108.8375049
68,2001.766449,3286.062645,1,1,3,12,6.534508611,5,25.08789093,0,1,1,Semi-Furnished,152.8133437
69,1680.818013,1983.551554,1,3,3,24,3.319985254,7,39.66209474,0,0,0,Fully-Furnished,108.8316429
70,1177.440123,2231.346938,3,4,1,1,10.71185316,4,33.04590024,1,0,1,Fully-Furnished,127.434455
71,1680.697803,1056.861207,5,3,1,23,7.79081145,10,22.26687446,1,1,1,Unfurnished,118.7121928
72,2269.018283,1824.264438,3,2,3,35,6.766486123,5,41.74718252,0,1,0,Unfurnished,135.1905311
73,1482.08698,2487.620836,2,3,1,24,3.558583356,10,57.32178588,1,0,0,Semi-Furnished,108.5431772
74,2282.321828,755.7010129,2,1,1,33,3.358508089,3,55.92005179,0,1,1,Semi-Furnished,96.0390739
75,400,2160.676074,1,3,3,11,15.7436562,2,54.06910179,0,1,0,Unfurnished,70.46522153
76,1910.951252,2080.632858,4,2,2,18,5.490970149,2,75.04042264,0,0,1,Fully-Furnished,96.72218194
77,1543.523534,2033.029964,2,4,1,29,10.44211358,5,41.71426547,1,1,0,Fully-Furnished,97.06396009
78,1350.496325,2829.727119,2,2,3,36,8.65053788,4,56.49220186,1,1,0,Unfurnished,126.7481608
79,1545.880388,2267.550812,3,4,1,0,0.5,2,44.17515898,1,0,1,Unfurnished,149.6917996
80,506.2155427,3182.457519,3,1,1,2,15.16980329,5,71.32812077,0,1,0,Unfurnished,87.38382222
81,1390.164056,,2,1,3,25,10.73633592,10,37.87278195,1,1,0,Unfurnished,133.4110617
82,1678.556286,2108.739654,1,3,3,14,4.929319383,9,61.15013522,0,0,0,Fully-Furnished,118.1942761
83,2238.947022,2067.573429,3,1,1,27,7.886533982,8,53.74642518,0,0,0,Fully-Furnished,124.7991519
84,1240.864891,1144.596405,2,1,1,3,3.40326653,9,68.28996217,1,0,0,Semi-Furnished,119.7514711
85,1095.753199,2765.036002,4,2,2,18,15.30488191,,50.13881165,1,1,0,Unfurnished,119.4818611
86,1249.121478,3859.738645,3,2,2,23,4.369369167,8,46.45057894,0,0,1,Semi-Furnished,134.4180063
87,1957.701059,1986.39514,2,3,3,39,5.907664013,9,44.63954174,0,1,0,Fully-Furnished,134.731737
88,1664.375555,2404.016871,5,3,1,5,5.081755687,4,47.70171026,1,1,0,Semi-Furnished,149.1872987
89,1235.119898,2067.614781,3,3,3,15,8.321517601,8,22.02096258,1,0,1,Fully-Furnished,112.938044
90,1756.633717,1429.132264,5,3,3,31,13.481266,2,42.18040527,0,1,0,Fully-Furnished,97.95471206
91,1548.538775,543.3917778,3,2,1,29,15.1574978,9,41.26931166,1,1,1,Semi-Furnished,95.45342024
92,,1435.381214,3,3,2,34,6.404015423,9,32.89427623,1,0,0,Semi-Furnished,122.0804634
93,1148.973453,886.4332952,5,3,3,7,9.513035929,3,41.58429476,0,0,0,Unfurnished,75.08027234
94,1336.168927,3363.281662,1,1,3,4,8.32762165,6,36.5310006,1,1,0,Fully-Furnished,138.1169168
95,1303.945923,1907.912245,2,3,1,36,4.073562942,,42.29881293,0,1,1,Unfurnished,103.3954705
96,768.2425259,1723.264537,1,4,2,11,17.6902223,3,59.366958,1,1,0,Unfurnished,86.14027123
97,1648.060139,2711.32306,1,1,2,24,13.45103825,5,59.40453997,0,1,1,Fully-Furnished,126.9110587
98,1630.527636,1102.599118,2,2,1,32,8.756463399,1,73.68015586,0,0,0,Semi-Furnished,59.93268892
99,1502.556728,,4,4,3,38,14.32750437,3,54.62170982,1,1,0,Unfurnished,88.57638656
100,1382.706433,2054.457815,1,3,1,23,12.84842685,8,27.19348973,1,1,1,Unfurnished,117.9151925
101,792.314629,2823.015193,1,1,1,10,8.327445364,3,45.06194284,1,1,0,Fully-Furnished,109.752733
102,1289.677339,,1,3,2,34,9.303854421,8,40.41400468,1,0,1,Semi-Furnished,102.1176902
103,1328.642742,2198.660114,4,1,3,39,14.04850457,9,35.26370194,0,0,0,Semi-Furnished,93.5820825
104,1098.861365,2062.494188,3,3,3,0,4.215385675,6,66.09419178,1,0,1,Unfurnished,148.25071
105,1419.357144,2320.188684,5,4,2,7,14.69476279,7,56.81753604,1,1,1,Fully-Furnished,147.9176148
106,1702.025428,,5,2,3,22,7.099549757,6,51.05483392,0,1,1,Unfurnished,129.2886504
107,2443.092951,1176.02218,4,4,3,19,14.09870697,8,27.73978632,0,1,0,Semi-Furnished,164.8847842
108,1587.288906,2036.863377,1,4,1,31,7.97909361,7,48.77099092,0,1,1,Unfurnished,123.4741612
109,1628.775195,1141.049073,5,2,1,10,9.35042489,10,84.89460028,1,1,1,Fully-Furnished,148.6863181
110,1462.777042,2064.866034,4,1,1,6,7.862766574,1,37.44825415,0,1,0,Unfurnished,124.951693
111,540.6143924,1615.481647,2,1,3,29,5.872625509,3,46.72886818,1,1,1,Semi-Furnished,124.8286505
112,1486.743062,4031.505298,5,2,3,38,6.919780407,3,70.83234469,0,1,0,Fully-Furnished,153.8855732
113,1530.115105,1968.084493,2,3,3,12,13.51644561,3,43.4209683,1,0,1,Fully-Furnished,106.1336016
114,2731.621056,876.608347,1,1,3,2,0.5,4,43.10343797,0,0,1,Fully-Furnished,156.7999657
115,1403.819518,1892.655831,5,4,2,6,3.044136221,1,46.56951917,0,0,1,Fully-Furnished,110.3481899
116,1650.773671,2415.486997,4,2,2,12,5.098113163,2,55.19890149,1,1,1,Fully-Furnished,150.2589137
117,1482.644115,3338.691157,3,4,3,36,3.68662083,5,35.96608586,1,0,1,Unfurnished,167.0319318
118,915.6609812,1528.43808,5,1,1,24,14.03991844,6,63.84965539,1,0,1,Fully-Furnished,70.68766946
119,2071.411407,734.0576208,5,2,1,22,13.03070791,9,44.08430857,0,0,0,Semi-Furnished,115.1799787
120,1875.966516,2653.469609,5,2,2,32,10.36812724,2,53.0945561,1,1,0,Fully-Furnished,135.0000847
121,1895.515974,895.5210353,5,1,2,4,5.44878373,9,43.74932549,0,1,0,Semi-Furnished,133.9210394
122,1045.306273,1651.075647,4,1,3,31,13.34020747,7,29.96695864,1,1,0,Semi-Furnished,72.71206556
123,2201.397155,1793.903612,4,2,3,29,1.647480296,9,17.06319846,1,0,0,Semi-Furnished,136.6718447
124,799.0744686,1944.293237,3,3,3,30,16.56793056,4,53.43068889,0,0,0,Semi-Furnished,74.91328531
125,1793.428547,2551.331566,4,2,3,12,5.261480811,7,22.76314353,0,0,1,Semi-Furnished,139.8649755
126,2595.227813,1453.092574,4,3,3,4,6.951859113,1,61.46625319,1,0,1,Unfurnished,136.7525427
127,1004.731837,1781.016598,1,4,1,22,6.282624598,8,51.90698498,0,1,1,Semi-Furnished,118.6345396
128,1216.851135,1988.583718,1,3,1,0,3.707570344,7,80.36309056,1,1,0,Semi-Furnished,106.364058
129,1549.825683,2119.678366,2,3,3,9,15.7004525,7,41.24416912,1,0,0,Semi-Furnished,112.8307456
130,1248.262173,2078.26174,3,1,1,26,11.15557852,2,76.01963309,1,1,1,Unfurnished,129.3927863
131,724.6682845,2348.80462,1,2,3,7,12.86188217,10,45.63718086,1,1,1,Fully-Furnished,127.2447835
132,1534.281487,2675.071608,3,4,3,2,3.105322912,,63.93603671,1,0,0,Semi-Furnished,146.4618706
133,968.8481431,2314.107293,3,2,2,18,8.723751308,8,58.18524082,1,0,0,Unfurnished,107.3673294
134,1736.796215,2362.868419,5,3,1,1,10.08411476,1,22.48889149,1,1,1,Unfurnished,148.1638582
135,1040.287883,734.2214666,3,3,1,30,9.083026094,1,97.90230204,1,1,0,Unfurnished,42.49390057
136,2274.967203,2040.182159,5,3,2,9,3.358506196,5,74.27781419,1,0,0,Fully-Furnished,153.3877585
137,1108.373354,2383.606038,2,2,1,15,12.30200008,2,55.96333034,1,1,0,Unfurnished,112.7921847
138,1338.969242,2583.152956,2,3,2,36,8.486200331,1,69.93212133,1,0,1,Semi-Furnished,101.3456398
139,1906.758609,1446.119381,2,2,1,19,4.180143857,10,54.1087094,0,1,0,Semi-Furnished,131.75128
140,884.5678418,1472.76858,5,4,3,2,0.578997842,,63.29121668,0,0,1,Semi-Furnished,127.4146558
141,1613.729967,1540.71946,5,4,2,34,10.42666605,4,52.34933172,1,1,1,Fully-Furnished,126.7052191
142,2153.571377,2429.13112,2,2,3,33,17.80182294,2,34.37910891,1,1,0,Unfurnished,102.2298588
143,696.2583827,2827.104844,5,4,3,20,3.938982907,5,48.47443879,1,0,1,Semi-Furnished,130.2411681
144,1592.316929,1674.031914,4,1,1,35,8.681788202,6,42.14915546,1,0,1,Semi-Furnished,130.7995858
145,1629.941397,2726.369851,4,3,2,31,12.44198912,8,59.48487237,0,1,1,Semi-Furnished,128.936824
146,1890.911436,2098.783847,5,3,3,17,2.921390936,7,34.19240607,0,1,1,Fully-Furnished,148.1123013
147,881.5246446,1900.571378,5,3,3,33,6.080172924,7,52.21662887,0,1,1,Semi-Furnished,118.8995447
148,839.7716935,1830.892616,1,1,2,37,4.559364883,1,28.85742638,1,0,1,Unfurnished,92.58265474
149,1760.970783,2597.289092,1,3,1,2,11.93870678,,61.56276742,0,0,0,Unfurnished,133.1571386
150,,2260.462253,3,2,3,2,13.30209028,3,31.71602644,0,0,0,Fully-Furnished,112.2422323
151,1625.246425,3820.660342,3,3,1,26,8.636145059,7,59.05480275,0,0,0,Fully-Furnished,140.8287241
152,1673.224105,1318.220286,3,2,2,1,4.633063724,2,51.76893868,0,1,1,Fully-Furnished,148.7660035
153,1159.987639,2414.481362,2,4,1,2,6.228836248,10,65.64208376,0,0,0,Unfurnished,105.7747431
154,1616.126849,1576.639192,4,2,2,16,5.478005943,7,47.73015394,1,0,0,Fully-Furnished,94.54407378
155,1646.536237,1304.57041,2,2,1,38,4.090924554,9,62.20903071,0,1,1,Fully-Furnished,118.2810644
156,1142.824291,1991.30629,5,2,1,37,7.591847197,1,52.23352122,0,1,1,Unfurnished,101.1107932
157,2432.887256,2109.881984,1,3,3,39,10.29930594,2,56.42420643,0,1,0,Semi-Furnished,115.3548519
158,1736.91646,4334.538844,5,1,1,18,9.961029778,6,23.12399773,1,0,0,Fully-Furnished,143.3031803
159,904.3482514,,5,1,3,18,7.967070542,2,40.34485534,0,1,0,Semi-Furnished,89.87913848
160,1828.276804,1095.857016,1,2,2,4,8.228215347,2,47.55408165,0,0,1,Semi-Furnished,119.9486443
161,1012.659165,2218.408574,5,3,2,4,7.67379682,,70.5551645,1,1,0,Semi-Furnished,131.2567487
162,1893.542302,500,3,1,3,13,2.811153843,7,55.18830197,1,0,0,Semi-Furnished,111.1034427
163,2079.29779,1926.434574,1,4,1,26,8.640539588,4,24.21667434,0,1,1,Fully-Furnished,122.7412875
164,1089.658841,2012.820226,5,4,2,35,5.665497658,6,56.56725573,0,0,1,Fully-Furnished,68.49781523
165,1981.688065,2635.680306,3,3,2,39,2.610627123,3,36.84071092,0,0,1,Fully-Furnished,139.5567744
166,1706.390463,2778.8978,3,4,2,34,9.482822268,4,38.14531323,1,1,0,Unfurnished,138.1409341
167,1911.03008,1597.144305,4,4,3,20,5.553079854,4,49.12785005,1,0,1,Unfurnished,131.2242684
168,2448.396491,1879.508788,3,4,2,4,8.911015685,4,54.1507124,0,0,1,Semi-Furnished,184.4429733
169,1377.305942,1387.103336,2,1,2,23,11.39055126,1,38.33476859,0,0,1,Unfurnished,70.3770781
170,1123.131918,1097.549956,1,4,2,38,4.199045115,4,23.7985261,0,1,1,Semi-Furnished,112.5013459
171,1055.242785,2247.915824,1,2,2,23,8.368485128,4,47.34271077,0,1,1,Semi-Furnished,110.8796359
172,1092.094858,981.1315611,1,2,3,39,0.758308473,6,46.64144204,0,1,0,Fully-Furnished,76.88636633
173,1461.449145,1668.29848,5,4,3,12,14.13013236,9,71.50346018,0,1,0,Fully-Furnished,91.41536049
174,1670.575987,1203.860832,5,2,1,37,2.563734012,10,50.64055101,0,0,0,Unfurnished,125.3634851
175,1638.3454,2439.746549,2,1,2,0,5.94072135,6,67.68211314,0,1,0,Fully-Furnished,126.2038811
176,1913.591625,3441.144079,3,3,3,38,13.35351962,,81.74212607,1,0,0,Unfurnished,155.6038098
177,1506.500946,958.7296138,5,2,1,9,7.061908296,7,33.39116186,0,1,1,Fully-Furnished,116.8571949
178,2226.767039,517.5852137,3,4,1,1,3.210409255,7,72.05891205,0,0,0,Fully-Furnished,144.4565226
179,1367.671583,1900.090492,3,3,2,15,10.85229293,1,63.98675398,1,1,1,Unfurnished,88.55416577
180,2860.084583,2012.558237,5,3,1,36,10.76212985,8,16.72917804,1,0,0,Semi-Furnished,135.9384617
181,1812.833674,,5,4,3,15,5.467254643,1,47.18037762,1,1,0,Unfurnished,131.4781785
182,1071.421222,1642.943588,2,2,1,22,5.900293917,9,60.58359676,0,1,0,Fully-Furnished,60.85704539
183,964.553751,,4,1,1,25,6.258364118,4,55.06811299,0,0,1,Semi-Furnished,92.9869722
184,1741.236208,2294.008328,1,2,3,15,7.171904157,9,74.86305081,0,1,0,Fully-Furnished,112.1349574
185,1388.268607,2832.344714,5,2,1,26,0.5,8,58.85435515,1,0,1,Fully-Furnished,148.735973
186,1857.000247,500,5,1,1,29,7.274304556,9,28.55320026,0,0,0,Fully-Furnished,66.99140982
187,1736.618812,1704.848449,3,3,1,32,15.13565679,6,61.88924071,0,1,1,Semi-Furnished,122.9472654
188,1463.585544,2171.047035,4,1,1,31,4.416120131,,32.85311575,0,1,0,Fully-Furnished,116.0053362
189,1076.603141,1265.619116,5,1,2,8,5.666025626,4,41.71063094,0,0,1,Unfurnished,111.3242344
190,742.5763877,3384.935705,4,4,2,10,3.265529347,3,66.47477548,1,1,1,Unfurnished,133.2026948
191,1276.742524,,1,4,3,36,10.44864771,3,64.78354426,0,0,0,Unfurnished,50.18748312
192,1928.199397,1966.96585,3,2,1,5,12.81278943,8,50.57504174,0,1,0,Semi-Furnished,145.1946156
193,1607.046872,2444.817677,2,4,3,29,12.72127136,2,39.13208168,0,1,0,Unfurnished,120.934536
194,877.1306106,1526.972169,1,1,2,39,3.007957644,,46.99769585,0,0,0,Fully-Furnished,83.10368558
195,1586.590463,522.7415618,4,1,1,14,9.999166922,9,48.3168815,1,0,0,Semi-Furnished,94.41014923
196,1692.65869,1657.076378,4,4,1,29,13.73500014,9,41.49989647,0,1,1,Fully-Furnished,147.1100759
197,1058.071282,2823.552445,1,4,2,17,10.03865243,8,67.03213694,1,1,0,Fully-Furnished,153.9923599
198,1576.862553,1730.483899,4,4,1,11,9.913638733,8,43.76836712,0,1,0,Fully-Furnished,141.5503875
199,1529.104359,,2,1,1,3,6.113429685,1,46.07405254,0,1,0,Unfurnished,75.25608988
200,928.5148511,2740.537768,2,3,2,15,8.880439295,7,46.48482248,1,0,0,Unfurnished,112.1321914
201,1678.89368,1735.380083,4,3,3,22,12.94527272,1,60.45780537,1,0,1,Semi-Furnished,99.2482868
202,1780.392263,1591.871349,4,4,3,10,9.312835874,9,53.81441445,0,1,1,Semi-Furnished,117.9278049
203,2041.525622,2119.564872,2,2,1,23,3.006900976,3,53.27398525,1,0,1,Unfurnished,128.3978178
204,2026.901026,2616.600168,4,2,2,21,6.175833303,1,35.86055028,0,1,1,Unfurnished,158.3807675
205,811.165316,3905.370825,5,3,3,38,12.83711816,8,53.52149153,0,1,1,Fully-Furnished,119.1583
206,1031.08748,2661.788886,3,4,3,14,9.298973281,7,61.19123494,1,1,1,Unfurnished,120.6785412
207,1757.517634,2927.871973,5,1,1,14,8.476248313,2,44.83396974,0,0,1,Fully-Furnished,125.717372
208,1756.892975,1595.227041,4,2,3,9,5.783937867,7,52.18863242,0,0,1,Unfurnished,158.5366565
209,1757.523843,1179.305515,4,2,2,27,12.75439672,5,63.81155722,1,0,0,Fully-Furnished,102.1442716
210,3426.365745,2049.86508,3,1,3,35,14.64965039,7,37.97880496,1,0,0,Unfurnished,152.3449915
211,1785.445255,2085.735932,4,1,2,16,13.05275649,10,38.18986047,0,1,0,Unfurnished,149.1511228
212,2067.78282,1137.189807,3,4,2,35,13.77036649,7,48.19184579,0,1,1,Semi-Furnished,117.7182574
213,1977.000882,1859.764376,2,1,1,21,6.565175037,2,61.70087639,0,0,1,Semi-Furnished,97.80452296
214,1825.695626,2319.454081,3,1,3,22,5.999323611,2,10,1,1,0,Fully-Furnished,120.6817254
215,1342.365378,2288.314716,3,1,1,28,7.374619306,7,47.066293,0,0,0,Semi-Furnished,85.32333681
216,1879.48461,2403.430283,5,3,3,21,8.154292968,3,39.4297944,0,0,0,Semi-Furnished,124.9726248
217,1113.587393,2232.771784,4,1,1,10,13.72407912,4,55.3617738,1,0,1,Unfurnished,100.6306432
218,1381.590697,1594.393073,2,2,1,35,12.66354696,7,48.52432686,0,0,1,Fully-Furnished,89.74912019
219,1257.318226,1588.879499,1,4,1,28,10.15387755,2,67.1415854,1,1,1,Semi-Furnished,85.98575958
220,1540.93707,1040.838882,3,4,3,31,2.275252937,2,59.745622,1,1,1,Semi-Furnished,120.5201348
221,2657.329283,3427.820031,1,4,1,13,1.247912622,9,46.58563437,0,1,1,Unfurnished,216.9280415
222,566.3674037,2010.760292,4,3,2,17,8.961850979,1,34.72417673,1,0,0,Unfurnished,75.43954684
223,1843.130095,1820.117555,3,2,3,37,11.52105282,3,55.24372048,0,0,1,Unfurnished,122.5470342
224,693.6420644,1256.966335,1,1,2,36,7.681731804,10,45.50954919,0,1,1,Fully-Furnished,79.6522292
225,1264.034067,4348.526322,5,2,1,33,15.65961802,4,46.93390785,1,1,1,Unfurnished,133.809713
226,2044.475298,1141.337574,1,4,1,22,3.670235825,5,32.56372346,1,0,1,Fully-Furnished,135.6642157
227,1532.14001,1656.92166,5,1,2,31,3.166592202,3,52.28971007,1,1,0,Unfurnished,115.3811528
228,961.127611,,2,4,1,2,5.342876102,9,42.38976272,0,0,1,Semi-Furnished,131.3897833
229,1142.348145,2480.170373,4,4,3,21,5.190811147,5,43.89544212,0,0,0,Fully-Furnished,103.0362849
230,1839.798874,2766.345644,1,4,2,22,10.10514347,7,10,1,1,0,Unfurnished,125.4382713
231,1134.816684,3446.086806,3,2,3,3,6.313152593,7,50.50085668,0,1,0,Unfurnished,103.5938462
232,1608.229295,2404.926124,4,2,3,12,1.808638155,9,35.72854691,1,0,1,Semi-Furnished,154.5069802
233,1522.78592,1155.17536,1,4,3,31,11.56631383,2,57.73952902,0,1,0,Semi-Furnished,69.93863378
234,1174.199826,1794.4439,3,4,1,28,0.960192296,3,51.06657611,0,0,0,Semi-Furnished,86.77718527
235,2571.972045,2246.265898,3,1,1,39,3.715127108,4,27.95540555,0,1,1,Unfurnished,144.9016154
236,1816.959511,3654.580833,3,4,2,39,1.509173717,8,48.44596133,0,0,0,Semi-Furnished,127.3979958
237,487.4287067,881.7556173,3,4,2,9,8.828485108,1,53.22406479,1,0,1,Semi-Furnished,97.64515533
238,1593.227157,2962.061204,1,4,3,12,8.744190849,9,81.29981806,0,0,0,Fully-Furnished,123.8369623
239,1169.106768,2143.931496,2,4,1,16,15.66581728,5,58.99051393,1,1,0,Fully-Furnished,107.8032658
240,1926.216667,2670.264428,5,2,1,37,11.65530662,4,30.6301827,0,1,1,Fully-Furnished,143.5474121
241,1103.739631,1918.404227,5,4,1,1,13.76658473,8,79.14770736,0,1,1,Unfurnished,90.25093
242,1442.631779,1326.053896,5,3,2,16,9.154438605,9,45.87680897,1,1,1,Fully-Furnished,119.6880024
243,1752.493639,2600.698224,2,4,1,25,4.092272716,3,45.81204494,0,1,1,Unfurnished,146.6927709
244,1932.877597,2523.544822,3,2,3,37,8.512430408,4,79.12837852,1,1,0,Semi-Furnished,106.9569087
245,899.8517965,2777.645573,3,3,3,36,10.36968403,1,40.57309098,0,0,0,Unfurnished,91.18073851
246,1332.749382,1989.356292,4,3,3,4,10.81522953,3,47.64295224,0,0,0,Unfurnished,93.10978031
247,1262.527344,1520.142381,5,4,1,24,6.110351424,10,25.53001794,0,1,1,Semi-Furnished,128.8715183
248,1173.335384,752.970404,5,4,3,8,9.955145895,5,49.41384801,1,1,1,Fully-Furnished,101.7873516
249,2382.72712,2655.498615,3,2,3,27,4.267888117,8,47.73430147,0,0,1,Fully-Furnished,157.2128573
250,1702.490855,2339.111586,5,3,2,21,3.826889624,1,44.03249653,1,1,0,Fully-Furnished,150.4833729
251,869.5580228,1227.373894,3,3,2,28,3.536861154,1,52.37467263,0,1,0,Semi-Furnished,87.99464068
252,1958.930974,1569.141061,3,2,1,34,8.098503954,3,37.7150284,1,1,1,Unfurnished,107.3046676
253,2561.078099,1626.59295,3,4,1,19,3.28865458,9,71.96817646,1,0,0,Semi-Furnished,157.9547586
254,2016.23263,813.6124544,1,1,1,4,6.301022441,9,50.27563156,1,1,1,Semi-Furnished,131.8551317
255,740.315017,,1,1,1,38,11.61166621,1,38.45182968,1,0,1,Semi-Furnished,74.74726129
256,1257.882964,1092.935715,1,3,1,31,3.883481288,4,29.11272753,0,1,1,Semi-Furnished,93.83812425
257,2133.455575,1670.01679,1,3,2,38,5.982751866,8,50.70984878,1,0,0,Unfurnished,118.9540549
258,1146.165267,1409.042001,2,4,2,9,8.286525107,2,63.77674946,1,1,0,Fully-Furnished,108.7475031
259,1721.909714,698.3960633,4,1,2,39,8.987547606,4,55.34278067,0,1,0,Fully-Furnished,94.15284264
260,1887.317027,3618.072184,4,3,3,16,6.002837637,7,79.7827093,1,0,1,Semi-Furnished,213.0457359
261,1036.534764,3002.032585,3,4,3,36,11.14744027,7,80.10796233,0,0,0,Unfurnished,123.3172821
262,1470.237322,1376.784463,5,1,2,14,10.3618092,5,30.8121513,0,0,0,Semi-Furnished,96.90186286
263,400,2217.937117,1,2,2,8,12.55942642,7,27.63961778,0,1,1,Unfurnished,91.4417606
264,987.8061793,2333.972072,4,3,1,31,7.673592303,,38.45411165,0,1,0,Semi-Furnished,89.66660071
265,1373.715924,2952.868684,4,2,2,22,5.948724762,,60.58023618,1,0,0,Fully-Furnished,93.51549431
266,876.108409,1345.115979,1,1,1,10,5.269471912,9,55.85009141,0,0,1,Fully-Furnished,89.54992319
267,2316.205652,2873.685427,2,4,2,12,9.228110072,5,65.16182101,1,1,0,Semi-Furnished,124.329298
268,784.929311,1561.675757,2,4,1,17,6.491376869,2,34.46559815,0,0,0,Fully-Furnished,108.2433969
269,1279.977757,931.3100767,4,1,2,8,5.723320889,6,23.39207474,1,0,1,Semi-Furnished,93.97857451
270,1565.370289,2579.309247,2,2,1,4,6.206850943,10,41.12943562,0,1,0,Unfurnished,153.2474424
271,2220.636645,3032.606739,1,4,3,21,5.26523806,,58.79880162,1,0,0,Unfurnished,148.0468631
272,782.0689244,4070.327179,4,3,3,31,8.796084451,2,52.42511698,0,1,1,Unfurnished,132.5150486
273,2081.581876,1040.219788,1,2,1,1,2.34966727,10,68.6839369,1,0,0,Unfurnished,107.0479945
274,1505.116531,2559.135748,2,2,1,20,9.21206517,10,39.32097096,1,0,0,Semi-Furnished,128.2124456
275,1009.245674,1672.159005,1,3,3,27,10.70619504,7,64.93336878,1,0,0,Fully-Furnished,85.44957537
276,1731.051737,2626.686968,2,1,2,23,5.676483447,10,40.89348533,0,0,0,Unfurnished,152.889391
277,1599.529848,823.608359,2,4,1,23,15.68814776,2,61.67540986,1,1,0,Fully-Furnished,64.38251349
278,1199.891561,989.7841794,1,2,2,13,8.070485244,7,61.42716012,1,0,0,Semi-Furnished,64.2915753
279,1534.901042,1379.300141,2,4,3,36,1.754628068,,73.6370312,1,0,1,Fully-Furnished,95.29601596
280,1307.343202,2063.171237,3,4,3,26,6.875028375,4,29.91386748,0,0,1,Fully-Furnished,82.38085319
281,1556.758673,1487.134987,1,2,1,23,8.25062458,4,70.74978365,0,0,0,Fully-Furnished,71.03330627
282,1831.065337,2527.243475,3,1,2,5,9.795870222,6,56.68968337,1,0,0,Semi-Furnished,114.0726748
283,2293.008408,2821.515695,1,2,3,25,6.970277904,9,50.90512545,1,1,0,Semi-Furnished,151.9431544
284,881.0922506,2479.662033,2,1,2,14,3.953718897,10,47.9999935,1,1,1,Semi-Furnished,123.0265166
285,2566.516687,3295.030112,2,3,3,28,3.620077528,6,48.90817626,1,1,0,Fully-Furnished,150.107826
286,523.9561002,2332.661304,4,1,1,35,5.385602859,6,50.59137234,1,0,1,Unfurnished,107.8721019
287,1424.107452,1026.482632,4,1,2,9,5.76889855,1,25.86812989,0,1,0,Unfurnished,104.5157805
288,1794.158603,3090.701211,3,2,2,27,3.46010334,5,53.66059182,0,0,1,Fully-Furnished,150.9945319
289,1640.495934,1515.875012,2,4,1,8,5.068747356,1,52.27153546,0,1,0,Unfurnished,127.7611288
290,1188.65024,2728.3348,4,4,1,20,10.6378341,9,40.13103579,0,1,1,Unfurnished,115.2074809
291,1395.938875,3258.987373,2,1,1,9,14.59365043,10,50.49275289,0,0,0,Fully-Furnished,107.9119571
292,1253.499533,2365.350409,1,1,1,3,11.02184686,4,66.54975844,0,1,1,Semi-Furnished,112.2611375
293,1205.317622,803.0729495,4,2,3,3,13.22344434,2,40.77777827,1,0,0,Unfurnished,103.4425235
294,1924.801049,1265.430267,3,1,2,5,11.89647387,9,32.91281936,0,1,0,Semi-Furnished,123.3418522
295,1678.507743,3058.195574,4,2,3,25,11.33252131,6,39.1596034,1,0,0,Unfurnished,129.2679094
296,1153.545202,1864.701851,2,3,1,39,6.648814948,10,18.70261599,0,0,0,Fully-Furnished,83.34551757
297,1949.799938,2063.658828,5,1,3,15,8.563643514,3,76.86064295,1,0,1,Fully-Furnished,109.5918929
298,1653.64976,2607.059533,5,3,3,7,6.31752263,2,37.52921436,1,0,0,Semi-Furnished,153.530252
299,1906.431059,2557.05829,2,1,2,27,7.123571351,6,68.94136669,1,0,1,Semi-Furnished,122.0059467
300,1814.814421,2223.03985,1,1,2,15,8.272668402,10,31.39309078,1,0,1,Semi-Furnished,133.5951456
301,1085.502495,1833.065303,4,3,2,37,10.85426461,6,40.71997131,0,1,1,Semi-Furnished,124.3669515
302,1219.90948,,5,3,1,0,9.693293526,9,50.96138975,0,0,0,Fully-Furnished,106.0467324
303,1873.646803,2686.31906,1,2,1,18,7.352682948,5,59.65930968,1,1,0,Fully-Furnished,130.0889086
304,1805.185133,2442.855625,2,2,2,16,8.222154964,9,48.95397516,1,1,1,Fully-Furnished,136.1689589
305,1489.549203,1794.16,1,3,3,27,9.733854697,5,26.90703101,1,0,0,Semi-Furnished,81.75330435
306,1558.663692,2865.68985,2,1,2,11,10.66957775,2,49.16767458,1,0,1,Fully-Furnished,126.47845
307,2138.832448,1896.772708,4,2,1,5,1.924019347,1,68.88936662,0,1,1,Fully-Furnished,112.2956034
308,1204.214306,1318.670261,1,1,3,6,3.690444144,9,54.88618202,0,1,1,Unfurnished,131.6549446
309,1773.548691,,4,4,1,7,12.42924214,10,83.2356499,1,0,1,Unfurnished,95.75401064
310,1398.903674,1217.007331,1,2,2,2,7.75652172,7,52.57121198,1,0,1,Unfurnished,104.0962042
311,1391.159398,1782.071987,2,2,2,20,6.303693627,3,65.19846078,1,1,0,Semi-Furnished,93.91920084
312,2049.388426,2986.979423,2,2,3,7,6.946002108,6,57.87828049,1,1,1,Semi-Furnished,177.8279226
313,1912.708174,1355.923855,1,4,2,27,6.945178778,10,40.50052168,1,1,0,Fully-Furnished,113.6863554
314,1906.754818,2150.780609,2,3,1,29,10.23175113,4,49.07509061,1,0,1,Fully-Furnished,96.43268896
315,2152.739404,1474.648523,3,1,1,31,3.567934424,9,66.69088893,0,0,0,Semi-Furnished,94.76679988
316,1510.501921,1791.752767,3,4,1,10,8.099110986,2,44.79582391,1,1,1,Unfurnished,92.08631588
317,1840.976486,791.9670304,4,3,3,19,8.984470918,4,55.99267006,1,1,0,Fully-Furnished,123.3065956
318,1344.866622,1823.569417,3,2,1,15,9.585071666,1,40.68023285,1,0,0,Unfurnished,121.762476
319,1662.083176,1845.035696,3,3,2,24,8.891455985,7,63.93707667,1,1,0,Fully-Furnished,135.8754817
320,1434.928473,2432.230355,5,3,3,8,10.06362492,4,51.2404755,1,0,1,Unfurnished,132.600283
321,1548.497982,2178.624731,5,3,1,38,5.709215396,5,62.97030388,1,0,1,Fully-Furnished,123.3149335
322,1797.578513,1041.2863,5,1,1,39,4.232789071,1,68.68006134,1,0,1,Unfurnished,91.63785624
323,1090.889658,2867.358595,5,3,2,39,17.82801777,2,60.07377947,0,1,0,Unfurnished,82.7987853
324,2546.193638,2168.242432,2,3,2,2,6.794941262,4,47.29033301,1,0,0,Semi-Furnished,161.0476284
325,996.9913093,2158.714814,4,3,3,15,7.262182117,2,47.56490362,0,0,0,Fully-Furnished,77.6229697
326,892.9056936,1992.654117,4,3,1,11,10.71136039,1,18.41536212,1,0,1,Unfurnished,109.6547073
327,2079.055437,1585.794042,3,4,1,14,14.38435717,10,56.42503729,0,1,1,Semi-Furnished,134.4368554
328,1895.831347,2174.241872,4,4,2,3,5.821887532,,65.74157636,0,1,1,Fully-Furnished,152.5853637
329,1812.059909,2380.470749,3,3,3,22,4.004738927,6,31.42832235,0,0,1,Semi-Furnished,145.9109125
330,1814.172755,602.4834469,4,3,2,26,3.031386597,2,47.6508745,0,0,1,Unfurnished,84.81304113
331,1493.876614,1568.99133,1,3,2,38,14.37242489,3,47.34657805,1,1,1,Fully-Furnished,104.949558
332,1051.372814,1796.042424,1,2,3,36,3.847572054,5,56.95760085,0,0,1,Unfurnished,111.1647923
333,1537.902279,2204.936485,4,3,1,12,7.889776254,3,52.20003998,1,1,1,Unfurnished,141.889616
334,1161.419144,2954.648805,2,3,1,36,4.090860672,6,36.32104305,1,1,1,Semi-Furnished,111.4457696
335,1987.559867,1382.607348,3,4,1,39,2.206576328,,74.16817478,1,1,0,Unfurnished,134.3803787
336,1426.471309,1601.630523,4,4,3,20,6.830498588,10,24.97494921,1,1,0,Fully-Furnished,135.0318871
337,1087.251402,1589.972711,3,4,3,28,4.248853335,6,40.90872079,0,0,1,Semi-Furnished,75.84895417
338,1339.307079,1358.777928,5,1,3,28,5.233486298,2,30.02365925,1,1,1,Unfurnished,104.7011741
339,1706.465727,1722.250804,4,2,3,10,16.02442039,9,55.33605426,0,0,0,Unfurnished,122.3304843
340,1218.137724,2616.641776,2,3,3,27,9.699584417,2,56.9660173,0,0,1,Unfurnished,101.920454
341,1088.889802,1156.931604,5,4,2,9,11.72587808,6,48.24866936,1,1,0,Semi-Furnished,111.3717544
342,1621.843606,2342.251516,4,1,1,4,11.29863825,9,31.81166857,1,1,0,Fully-Furnished,123.9416702
343,1622.483286,638.478216,1,3,3,24,7.596556308,9,36.01039365,0,1,0,Semi-Furnished,102.5193224
344,1246.528412,1550.929603,4,3,1,32,6.241126562,2,63.38302348,0,1,0,Unfurnished,106.6980012
345,1264.480847,1736.40856,1,4,3,16,8.995738447,9,48.80356152,0,1,1,Semi-Furnished,123.5543545
346,1616.024969,3339.887738,1,3,1,32,8.67380308,8,43.17899304,1,0,1,Unfurnished,137.8841816
347,775.9578293,1780.158156,4,3,2,24,5.724778331,7,39.55156383,0,1,1,Semi-Furnished,105.9424922
348,796.2681128,500,4,3,1,32,8.519391322,8,48.20152724,1,1,1,Unfurnished,80.95302106
349,1140.777889,500,1,4,1,8,5.174681173,10,58.54051021,0,0,1,Semi-Furnished,82.51603514
350,1393.276424,2027.223669,3,1,3,26,7.314168277,8,46.32869816,0,1,1,Unfurnished,110.7854443
351,1655.453783,2491.016685,5,3,1,24,6.658866102,1,56.49246202,1,0,1,Unfurnished,128.7535117
352,2237.678108,2300.364686,2,1,2,3,2.92450963,9,26.55880884,0,1,0,Semi-Furnished,124.5296763
353,1928.829812,2134.056085,4,3,2,8,0.5,6,67.01549261,1,0,0,Semi-Furnished,161.5982926
354,1420.030735,2929.807678,5,4,2,14,4.243747,1,49.43060095,0,0,0,Unfurnished,118.4509149
355,1490.491896,1568.327023,5,1,3,15,15.21641866,1,35.2897484,1,1,1,Fully-Furnished,89.83012311
356,998.7353177,2715.928445,3,4,3,15,6.761272872,,56.61287402,1,1,0,Unfurnished,154.5476024
357,1490.743432,694.388092,5,2,3,12,11.10387264,10,52.71263063,1,0,1,Unfurnished,113.1732217
358,1355.670681,1276.041734,4,3,3,13,0.5,2,33.14816574,0,1,1,Fully-Furnished,134.5878307
359,1661.35928,554.3668841,5,2,3,21,3.966855728,6,48.17675043,1,0,1,Unfurnished,101.3047048
360,1086.384528,1780.123759,4,2,2,20,2.582041531,,42.23337696,1,0,0,Semi-Furnished,119.421075
361,1759.673257,1962.991026,4,2,1,8,7.19079996,5,30.98394579,0,0,0,Semi-Furnished,130.2824237
362,2266.369457,2091.281194,1,3,2,3,17.68782192,10,43.67592936,1,0,1,Fully-Furnished,139.508074
363,1445.619926,2049.506682,3,4,3,9,9.840955773,6,34.32031785,1,0,0,Unfurnished,95.4908587
364,1700.855861,1257.957335,2,2,2,34,14.78245013,8,31.65226084,0,1,0,Semi-Furnished,108.2184282
365,1845.071996,1847.807324,1,1,1,8,6.982253089,5,57.45638923,0,0,0,Unfurnished,103.9186442
366,1299.389764,802.0426651,2,3,3,15,13.4594775,8,54.58564941,1,1,0,Fully-Furnished,109.7509759
367,1612.046241,3090.58318,4,4,2,17,16.29302683,5,46.14803805,0,1,1,Semi-Furnished,131.1585711
368,1506.2962,1757.099142,1,4,2,9,7.562523734,10,16.37538936,0,0,1,Fully-Furnished,124.7413266
369,1548.838049,1608.891105,5,2,1,20,5.842941155,6,48.9275695,1,1,0,Unfurnished,121.7350805
370,1113.495108,3271.152263,5,3,3,14,2.728756252,8,61.40741901,0,0,1,Unfurnished,170.7863947
371,1512.255087,1006.202773,2,2,3,14,6.763758966,2,68.16425905,0,1,1,Unfurnished,86.42437635
372,1748.999146,1099.530309,4,1,1,10,8.327586701,7,65.26368113,1,1,1,Fully-Furnished,112.5241274
373,2225.571804,1123.02374,2,4,1,39,16.12381447,3,32.15424806,0,0,1,Semi-Furnished,92.9175535
374,1979.635413,,3,4,1,36,2.820104104,9,38.33357571,1,0,1,Fully-Furnished,129.7955527
375,2576.591229,2345.305304,5,3,1,19,8.238647575,10,47.50090821,1,1,1,Semi-Furnished,174.953067
376,1116.326219,2591.740374,1,4,3,33,0.742767514,7,48.84962978,0,1,0,Unfurnished,131.5415755
377,1936.160318,4057.596254,1,3,3,21,6.292948685,3,50.45560137,1,1,1,Unfurnished,157.8422955
378,1591.671003,500,1,2,2,17,9.24558143,8,66.79387849,0,0,1,Fully-Furnished,116.4493173
379,2594.901467,2486.988471,5,1,2,15,10.05033261,10,52.93187907,1,0,0,Semi-Furnished,179.3411504
380,1095.850857,1554.295542,4,3,2,4,10.35609232,2,68.20590539,1,1,0,Unfurnished,97.41160078
381,1080.139079,1530.867881,5,2,3,0,9.589616132,10,38.38987677,0,0,0,Unfurnished,96.86782806
382,1200.303677,1504.182297,5,1,3,18,10.32168776,8,44.15852772,0,0,1,Fully-Furnished,113.0248031
383,438.0521378,1272.984263,1,4,3,9,8.182956516,7,43.63354802,1,1,0,Fully-Furnished,109.286295
384,1237.122489,3347.619868,5,1,2,20,3.808534776,5,49.15501658,1,0,1,Semi-Furnished,150.7455898
385,1120.433669,2673.837862,1,1,1,12,0.593372145,4,29.65284578,1,1,1,Unfurnished,114.4288228
386,1575.196893,2018.556783,4,1,1,23,5.813248713,10,78.82073153,0,1,1,Semi-Furnished,119.8238791
387,1670.877988,3080.812602,3,4,1,22,7.461538268,10,51.44662137,0,0,0,Semi-Furnished,113.4055991
388,2438.08542,789.9768278,1,3,1,22,13.01572719,1,32.84807983,0,0,1,Semi-Furnished,87.0241253
389,1975.211919,,2,3,1,10,7.597593299,4,33.69035691,1,1,0,Fully-Furnished,130.702846
390,1211.548172,500,3,1,3,1,7.213723863,,51.20450397,0,1,1,Semi-Furnished,105.21629
391,1050.792664,1440.468368,4,2,2,5,9.542108507,6,58.88433278,0,0,1,Semi-Furnished,122.8677766
392,1745.959586,2129.358821,3,2,1,10,6.91995205,2,64.09896851,0,1,0,Semi-Furnished,97.8477653
393,839.8833965,2082.286862,1,1,1,14,11.242168,9,50.70969732,1,1,1,Fully-Furnished,120.6213854
394,2415.729383,2119.473529,4,1,1,8,15.91733447,1,59.14952424,0,0,1,Fully-Furnished,147.4333835
395,2089.72006,871.1545351,2,2,3,11,16.76314206,4,55.10394263,1,0,1,Unfurnished,138.7235166
396,1265.412174,2642.523794,1,1,1,35,8.388162509,4,48.4242217,0,1,1,Fully-Furnished,113.181911
397,643.4327355,2191.702015,1,1,2,27,9.347569459,2,44.89101579,0,1,0,Fully-Furnished,32.69244093
398,2176.936187,2586.443425,4,3,3,22,14.31542448,8,50.40573242,0,1,1,Semi-Furnished,157.875885
399,1442.730077,500,4,3,3,26,7.400151908,2,48.26102701,0,1,0,Unfurnished,56.68276231
400,2118.908156,2249.192687,3,1,3,23,10.71676857,2,49.90798462,1,1,1,Fully-Furnished,100.5689428
401,702.7861706,1049.787808,2,1,1,13,3.459359481,,56.74084411,1,0,1,Unfurnished,79.96899872
402,1200.312489,,3,4,1,34,6.756643407,1,74.29825696,1,1,0,Semi-Furnished,101.4257242
403,1502.62185,2427.491919,3,3,1,26,12.62445847,5,34.93289791,0,1,0,Fully-Furnished,83.54271245
404,1523.490297,2072.874885,1,1,1,20,5.127217465,4,51.42251156,1,1,1,Semi-Furnished,82.18877536
405,1274.967264,1318.768016,4,4,2,12,7.487795285,2,55.27691487,1,1,0,Semi-Furnished,97.88942153
406,1811.424966,2005.018525,1,4,3,7,1.703161418,1,44.43007696,1,0,0,Unfurnished,135.6248265
407,966.1897853,774.7717478,2,4,1,33,16.02307318,1,66.19948989,1,1,1,Fully-Furnished,65.24498397
408,1428.810257,2920.213917,3,4,2,22,13.05211228,2,42.70922607,0,1,1,Unfurnished,117.9191732
409,1560.147816,1835.772784,2,3,3,8,8.752398265,1,60.11845967,0,1,0,Semi-Furnished,89.22708385
410,1757.219417,2894.839955,4,4,3,0,10.03005149,9,68.89293051,1,1,0,Fully-Furnished,151.2246866
411,1855.807439,1578.77465,4,3,3,35,9.583592428,2,55.96511406,1,0,0,Semi-Furnished,119.0111205
412,937.6789541,1581.139209,5,4,1,15,13.53724701,3,47.35723874,0,0,0,Unfurnished,85.55099974
413,732.9429146,1388.650571,2,4,3,24,5.924799831,9,57.21133985,1,1,1,Unfurnished,107.8573488
414,2138.838411,2700.939145,1,2,1,17,10.92907048,5,44.04310671,1,0,1,Semi-Furnished,164.0723662
415,1666.157006,1432.455074,2,3,2,33,12.309666,8,39.36910685,1,1,1,Unfurnished,142.3210498
416,1125.756732,2515.676346,3,2,3,37,12.86130388,7,55.49228283,0,0,1,Unfurnished,125.9102033
417,2275.575988,1694.038082,4,2,2,2,0.5,6,61.2480423,0,0,1,Semi-Furnished,190.7622182
418,1557.837317,,4,4,1,19,5.602902087,2,51.44203763,0,0,1,Fully-Furnished,81.67471867
419,2089.648592,1543.748746,2,3,1,18,3.923317515,4,58.38197542,1,0,0,Fully-Furnished,102.6362795
420,1533.759241,1056.713429,2,1,1,12,8.598353142,9,84.59471578,1,1,0,Fully-Furnished,106.4946695
421,2530.373962,2027.122179,2,4,3,16,0.5,7,68.30033256,1,0,1,Semi-Furnished,162.0847292
422,2377.670421,1047.673811,3,3,3,13,0.5,3,41.52898017,1,0,1,Semi-Furnished,144.3961536
423,1375.517926,2740.780081,3,2,2,29,16.68037997,6,52.77873173,0,0,1,Unfurnished,73.35490468
424,1985.785475,1927.139312,1,3,1,21,10.47075755,8,54.53100939,0,0,0,Fully-Furnished,117.8669441
425,1822.687975,1857.923204,2,4,2,28,8.484036973,8,37.39338282,0,1,0,Unfurnished,114.8471462
426,2184.315779,,1,3,1,1,9.454690591,8,59.23428784,0,1,0,Semi-Furnished,139.259246
427,1017.53827,2771.125547,5,2,1,7,8.585363695,8,38.66260568,0,1,0,Fully-Furnished,119.5085411
428,1843.02573,1983.920999,3,3,2,13,11.98940263,,60.09168502,1,1,0,Semi-Furnished,107.874007
429,2029.212243,1383.03976,4,3,1,33,5.470223232,6,78.99787753,0,1,1,Unfurnished,112.2900776
430,620.6302568,580.8243071,5,2,2,12,8.746459304,10,48.10793083,1,0,1,Unfurnished,109.2952937
431,908.3707437,1451.160194,4,4,3,9,8.909685072,3,56.5588635,1,1,1,Semi-Furnished,112.6172386
432,480.3839111,1506.230203,5,1,2,7,3.812568166,9,54.37858867,1,0,0,Semi-Furnished,114.4855075
433,1365.296583,2085.645962,1,2,2,6,13.10793224,3,35.9932617,0,0,0,Fully-Furnished,76.26272219
434,1858.771128,1723.882495,1,2,1,12,6.21729304,4,38.95394072,0,0,0,Semi-Furnished,111.7528989
435,2251.178526,2550.346378,3,4,2,25,12.06968668,10,55.38929627,0,1,0,Unfurnished,129.8547691
436,1537.04739,1509.613383,4,4,3,31,8.459650905,1,51.96981828,0,0,0,Unfurnished,125.4473506
437,2314.307773,1954.367067,5,3,3,18,14.53433933,,47.99957367,1,0,1,Semi-Furnished,121.7985856
438,809.9492709,2947.189955,2,2,3,14,3.834483646,6,63.98183114,0,0,1,Semi-Furnished,128.3796862
439,648.3087803,2273.460171,2,3,3,1,3.660964794,1,56.99108596,1,0,0,Fully-Furnished,92.51969144
440,1472.226151,1951.969967,3,3,2,36,4.377217636,9,83.05732516,1,1,1,Unfurnished,139.0974128
441,1692.032724,1518.444446,4,4,3,18,8.533182202,8,36.07339878,1,0,0,Unfurnished,102.7784246
442,1483.652626,1493.414883,2,4,2,32,14.16587358,2,43.99409651,0,0,0,Unfurnished,72.53500017
443,466.27895,1319.509398,3,3,2,38,14.37237447,2,71.79684282,1,1,0,Semi-Furnished,64.83408579
444,1455.43998,1567.194507,3,2,1,32,0.5,8,75.3210952,0,1,0,Unfurnished,102.2197493
445,847.7652497,2604.532671,4,2,2,0,8.998828645,8,37.11049303,0,1,0,Semi-Furnished,119.9458209
446,1834.836274,1822.489383,2,3,2,38,0.5,1,44.16049695,1,0,1,Fully-Furnished,111.2263779
447,1683.299123,920.1815445,2,1,1,27,11.18012718,5,47.31514594,1,0,1,Semi-Furnished,87.24741176
448,1030.060107,3414.535434,2,1,3,16,12.47267766,2,71.12854986,0,0,1,Fully-Furnished,100.3973417
449,1243.066541,2255.972153,1,4,3,5,7.839022901,1,47.96619402,0,1,1,Fully-Furnished,105.9137905
450,970.3932391,874.4452796,2,2,2,19,8.33592631,3,47.45249541,1,1,0,Semi-Furnished,106.9869912
451,1468.660451,1646.520858,5,3,1,12,8.294555572,3,46.03455468,0,0,1,Fully-Furnished,135.7997288
452,1977.57116,2088.709106,1,3,2,11,4.862232325,10,51.63245797,0,1,0,Semi-Furnished,159.8185324
453,1007.136977,3363.673675,1,2,2,29,9.726823141,9,55.15158171,0,1,0,Unfurnished,120.1636156
454,1752.023258,1113.510033,1,4,3,20,7.074367993,10,78.17745414,0,1,0,Semi-Furnished,126.251324
455,1234.871191,2780.832575,1,4,1,1,11.72116684,,71.96200775,1,1,1,Fully-Furnished,110.5453309
456,1103.563584,3119.589142,3,1,2,17,7.545492262,2,33.77215929,0,0,0,Fully-Furnished,88.1514585
457,1446.48482,1497.076556,5,2,3,27,4.555907574,9,47.18737855,1,0,1,Unfurnished,139.7219885
458,982.3788388,1777.989105,4,2,2,3,1.856541317,5,50.30602636,0,0,0,Semi-Furnished,110.4979315
459,1223.175347,1170.952602,2,3,3,5,0.5437407,9,43.34485228,0,0,0,Unfurnished,127.542347
460,901.0610537,,1,2,1,37,13.25003738,6,65.03914352,0,0,0,Fully-Furnished,68.62853615
461,2482.362566,,4,1,2,8,6.168842589,10,70.22572124,0,1,1,Semi-Furnished,149.8624643
462,1517.631776,2527.719998,3,2,1,19,9.35429676,10,42.80369048,0,0,0,Fully-Furnished,99.57951042
463,1150.137246,2872.146777,4,3,3,29,15.13291957,3,50.18029567,1,0,1,Semi-Furnished,118.7047644
464,1606.989955,1401.523148,1,1,1,36,5.748782675,8,63.45533883,0,1,1,Unfurnished,111.5736989
465,1443.835975,500,5,3,1,37,5.490090062,9,66.02607167,0,1,0,Unfurnished,98.53503683
466,1389.5152,1983.004177,4,2,1,3,7.471352991,2,42.44155333,0,1,0,Fully-Furnished,96.61348076
467,1807.08335,2234.830024,1,4,2,37,8.117730802,9,57.17215519,1,1,1,Unfurnished,136.0804091
468,1878.753855,2199.53415,1,2,3,12,15.5502054,4,39.60467394,0,1,1,Unfurnished,126.974215
469,1234.749426,1738.661402,2,2,1,34,14.26328238,8,65.84939497,1,1,0,Fully-Furnished,76.63621907
470,1212.09088,2099.80168,2,3,2,29,10.48350166,5,39.08670688,0,1,1,Fully-Furnished,124.9536269
471,1362.474151,3212.355847,5,4,3,3,13.79765508,6,51.68001974,1,1,0,Fully-Furnished,141.875851
472,400,2305.387335,2,2,3,24,7.28712395,,42.87495252,1,0,0,Semi-Furnished,104.6644971
473,742.4044689,1701.30526,5,1,3,30,9.196658269,5,35.25768917,1,1,0,Fully-Furnished,94.37941909
474,2183.437134,1599.841746,3,1,1,11,6.793945422,1,41.44037936,1,1,0,Semi-Furnished,122.861514
475,2322.483857,1864.118114,3,3,1,14,2.83852647,3,44.81282971,0,0,0,Fully-Furnished,136.7054009
476,1375.48198,3309.391969,2,3,1,25,12.81549897,4,68.72497177,1,0,1,Semi-Furnished,87.5953629
477,1788.278482,1853.359432,3,4,3,9,10.12679494,1,42.93114705,0,0,0,Fully-Furnished,114.6517555
478,1655.625077,1984.164524,4,3,3,11,8.072293894,3,51.08443258,1,1,1,Semi-Furnished,99.86589074
479,3039.440404,1614.149143,4,4,1,21,7.990128603,4,39.90611322,1,0,0,Unfurnished,152.1171112
480,2059.787456,2879.186686,4,2,1,39,1.975140516,9,63.81221856,1,0,0,Fully-Furnished,147.7366421
481,1436.041204,3567.869804,3,1,3,20,4.090098667,3,65.8411336,1,1,1,Fully-Furnished,136.2838076
482,1022.22978,2360.49044,4,1,3,34,9.34461268,3,61.76227028,1,0,1,Semi-Furnished,119.2590976
483,696.7768399,2066.218323,5,1,2,6,5.883549331,4,44.68542568,0,0,1,Unfurnished,101.6404169
484,1601.731818,2029.426267,1,3,2,17,7.129147835,9,40.03003563,1,1,0,Unfurnished,135.7150356
485,1121.824627,500,2,3,1,26,7.581375741,9,36.17582326,0,0,1,Semi-Furnished,80.71132381
486,788.8731452,2596.120691,5,2,3,34,5.270124924,1,61.53329437,1,1,1,Fully-Furnished,113.0222525
487,1176.713558,2107.333133,4,3,3,1,4.12832672,8,43.10499016,1,0,1,Unfurnished,131.4155954
488,959.2259982,2342.673641,1,4,2,31,1.550569476,10,62.76768552,1,0,1,Fully-Furnished,125.8294853
489,2343.570818,1430.830245,2,1,3,14,7.413926884,1,37.17685335,1,0,1,Semi-Furnished,147.126635
490,1940.819878,1692.434497,5,2,1,23,10.47443419,2,46.87092254,0,1,0,Fully-Furnished,114.3496947
491,1496.013679,1671.180051,2,4,2,19,1.425463431,10,43.16676322,1,0,1,Unfurnished,152.7951838
492,2239.972069,2817.298387,3,4,3,9,7.9038087,5,39.27982548,0,0,0,Semi-Furnished,149.3949642
493,1538.684154,1696.992131,4,3,3,23,9.124573011,6,23.8224433,0,0,0,Unfurnished,128.5672244
494,1069.357899,3666.128258,5,3,1,23,4.041678385,2,30.142505,0,0,1,Fully-Furnished,143.195397
495,2261.562039,2344.689935,5,1,3,23,13.68856725,10,66.92264189,0,0,1,Fully-Furnished,138.3669086
496,1769.455022,979.453872,1,2,2,39,6.457138524,5,37.45685095,0,0,0,Semi-Furnished,95.52065114
497,981.3769228,1897.162965,1,4,2,33,7.594961246,3,60.04777954,0,1,0,Unfurnished,94.3608012
498,1404.830661,1478.659902,1,3,3,39,7.354921998,7,50.22712035,1,1,1,Unfurnished,119.3489554
499,1062.190873,500,2,3,3,10,0.91690231,1,44.83166615,0,1,0,Unfurnished,52.9871654
500,808.6001345,3279.576752,4,2,3,25,12.03500829,5,43.64092315,0,1,0,Semi-Furnished,90.80524513
501,1963.088774,2562.514034,2,2,3,0,4.177924926,3,48.76857652,0,1,0,Fully-Furnished,138.1078664
502,2454.70832,2426.565854,4,3,2,29,7.053917938,2,59.99318119,0,0,0,Fully-Furnished,139.7093568
503,800.7162131,2132.322928,5,3,1,17,10.39064401,3,31.58331699,0,1,0,Fully-Furnished,104.9571917
504,1781.484618,894.385945,2,1,2,25,13.8436137,10,49.01223704,0,0,1,Unfurnished,89.37888938
505,1174.678715,1613.106288,2,2,3,8,3.680270872,4,55.76988466,1,1,0,Semi-Furnished,119.1009528
506,1256.437308,2673.42462,2,4,3,8,6.214065658,2,61.16335834,1,0,0,Unfurnished,86.18147097
507,1203.803038,1159.023976,3,3,2,0,13.52967452,2,65.15377131,0,1,1,Semi-Furnished,74.69180228
508,1068.004615,500,4,3,2,6,9.854855517,3,47.24809964,0,0,1,Unfurnished,75.75881056
509,1524.260814,1818.315194,4,3,3,15,10.68468544,2,28.97931219,1,0,0,Semi-Furnished,141.0327878
510,1084.524942,1886.593957,2,3,2,37,3.795473057,6,56.09107822,0,1,0,Unfurnished,106.8352549
511,1635.228413,2108.450733,3,1,3,10,6.48316188,2,48.21414704,1,1,0,Unfurnished,114.1990276
512,1474.880945,2582.814915,2,2,2,24,7.32865827,1,68.07159299,1,0,1,Semi-Furnished,136.3826014
513,1380.525977,2510.08465,4,3,3,28,4.568420971,8,53.00075641,1,1,0,Fully-Furnished,114.8363992
514,1046.218169,2207.015844,5,2,2,18,1.301721497,10,68.22463112,0,1,0,Fully-Furnished,107.8221139
515,1211.614335,2956.42511,3,4,3,17,5.958005765,4,42.11687264,1,0,0,Semi-Furnished,128.8169191
516,1877.695613,784.8241753,3,4,1,28,13.4171528,2,68.21942811,1,0,1,Semi-Furnished,96.94435124
517,1750.458594,2403.665452,2,4,1,15,8.236693862,4,52.35143846,0,0,1,Fully-Furnished,132.0544164
518,1011.222378,2501.230691,5,4,2,39,13.49716365,2,56.26539967,0,1,1,Unfurnished,94.46852866
519,1549.666153,1008.350171,4,2,1,7,8.716083657,5,24.24801759,1,0,1,Fully-Furnished,121.6908511
520,1875.693562,,1,4,3,33,4.941169082,7,66.65548352,0,0,1,Semi-Furnished,106.7171797
521,665.2973594,1403.246299,4,4,2,5,13.11047605,,47.24357361,0,1,0,Unfurnished,107.414803
522,1771.680096,1470.766846,4,3,2,29,8.849304563,2,57.42649989,1,0,1,Semi-Furnished,121.9592484
523,1168.688121,2602.735571,5,3,3,33,11.84735533,,45.07540328,0,0,1,Fully-Furnished,97.85360742
524,1785.299334,,3,3,3,20,3.726687316,8,67.28437074,1,1,0,Unfurnished,109.4283977
525,1118.370422,1314.921185,4,1,3,11,12.15502516,7,53.40175069,0,0,0,Fully-Furnished,101.0991132
526,597.5589497,1510.693011,3,3,2,5,12.2755571,7,52.20670574,1,1,0,Fully-Furnished,74.04228979
527,686.2287811,2894.905867,5,4,3,38,9.159068577,4,78.40417656,0,1,0,Fully-Furnished,113.3883916
528,1524.042473,2010.4347,5,2,1,5,4.772311657,1,12.62125162,1,0,0,Unfurnished,116.8341154
529,1629.861251,1856.59918,2,4,2,3,7.815964685,,43.85285583,0,0,0,Fully-Furnished,129.5180888
530,1047.841687,1911.995601,1,2,3,8,10.44516459,6,47.65799128,1,1,1,Unfurnished,99.99698114
531,1819.296229,,5,4,2,4,8.93828008,8,37.57880511,0,1,1,Fully-Furnished,172.5708836
532,669.2399689,1400.662619,5,1,1,9,10.40433095,5,54.97952269,0,1,1,Fully-Furnished,104.8132962
533,1466.960101,3052.406633,3,3,1,7,12.04898363,8,29.92063664,1,1,0,Semi-Furnished,131.593267
534,894.4919001,2168.397039,5,4,3,22,5.406213387,10,30.52966629,0,1,0,Fully-Furnished,106.2942388
535,1174.081946,1871.664494,4,3,2,3,3.379697516,8,56.55256516,1,1,1,Unfurnished,121.8599185
536,1523.699336,4000.720398,2,1,3,36,7.849844795,9,36.28267122,0,1,1,Semi-Furnished,108.2855229
537,1069.793317,,2,1,2,6,6.681027365,1,57.67764087,0,0,0,Unfurnished,60.80793612
538,1307.722228,1717.051392,4,3,3,5,11.14338565,3,41.02413506,1,1,1,Fully-Furnished,138.9253422
539,2003.146405,1014.055009,5,3,3,14,3.702006441,6,37.43450197,0,0,0,Semi-Furnished,98.45538086
540,1211.554065,2761.969576,1,2,2,34,12.0815275,4,35.1892431,1,1,0,Semi-Furnished,91.9198853
541,1917.846056,3351.351147,5,3,2,31,13.41444844,8,35.72277129,0,0,0,Semi-Furnished,139.8874904
542,935.1465727,3335.938225,2,3,1,13,8.001219857,10,43.57482152,1,0,0,Unfurnished,124.6970116
543,1764.902089,2979.159003,1,2,1,34,8.242944502,1,38.03360369,0,1,1,Semi-Furnished,107.3320838
544,2220.78431,1841.903626,3,4,2,10,4.929813995,5,48.12565095,0,1,1,Semi-Furnished,170.9813349
545,400,1707.807218,3,2,1,9,5.829356404,4,22.09291395,1,0,1,Unfurnished,102.082414
546,1101.552372,663.064182,5,4,1,16,6.366653277,1,37.29461685,0,0,1,Unfurnished,72.95563772
547,1788.536064,3628.698828,5,4,2,12,13.77176027,10,68.73728097,0,0,0,Unfurnished,146.9402697
548,1398.477307,,1,4,2,33,7.712516857,6,31.13907036,1,1,1,Fully-Furnished,113.8057474
549,1685.572937,1606.434476,1,2,2,4,2.711308173,10,40.05088892,0,1,1,Unfurnished,141.6719269
550,1198.007407,3062.445511,5,2,3,9,9.021417368,3,68.5868819,1,1,0,Unfurnished,148.554817
551,1543.294894,1221.788387,2,1,2,31,11.3051605,5,49.38655318,0,0,0,Semi-Furnished,84.48871092
552,1422.161382,2325.297627,3,4,2,11,7.898354523,6,24.16341139,0,1,1,Fully-Furnished,158.4050733
553,2083.891031,1861.896693,1,2,2,12,13.87685376,4,58.93528573,1,1,0,Semi-Furnished,116.8524964
554,1627.210422,2510.941712,2,1,1,20,11.11003467,10,67.78238686,1,1,0,Unfurnished,95.33712263
555,1668.801331,1949.141169,5,4,2,32,3.80348508,10,49.63611537,0,0,0,Unfurnished,113.7038659
556,1294.061517,839.2576871,4,2,1,31,5.79426875,6,41.6238058,1,0,0,Semi-Furnished,95.42823515
557,1256.196888,2060.461098,1,2,3,11,8.904905126,7,23.86759979,0,0,0,Fully-Furnished,101.7811144
558,1283.720906,2839.091314,4,2,2,34,1.335243048,2,42.71278775,0,1,0,Fully-Furnished,116.0248929
559,1697.226071,1976.626875,2,3,2,35,9.34542695,7,31.30504391,1,0,0,Semi-Furnished,102.9711048
560,1289.50776,2620.092097,3,1,1,37,0.953670291,,49.87289771,1,0,0,Unfurnished,100.712563
561,1644.887428,1163.576411,2,2,3,27,12.09373382,2,62.41608396,1,0,1,Fully-Furnished,108.8562381
562,2537.700399,1978.991365,3,3,2,12,11.62909474,3,35.16503896,1,0,1,Fully-Furnished,177.4616609
563,1935.562352,1500.391636,2,1,3,11,10.01912544,3,60.2749858,0,1,0,Semi-Furnished,100.8364328
564,1336.988234,2597.584672,1,1,3,21,5.296486543,1,23.69941319,0,0,1,Fully-Furnished,98.42958363
565,2100.606961,2025.19325,1,3,2,1,8.680811298,1,46.28425374,1,1,0,Unfurnished,145.8042832
566,1295.962313,2552.058941,4,1,3,28,5.94649005,10,19.86548148,0,0,0,Semi-Furnished,139.584478
567,480.9377324,2870.168341,2,3,3,12,3.87673889,6,52.73135247,1,1,1,Fully-Furnished,137.0385489
568,995.9568445,2553.29486,2,4,2,34,6.645027953,,66.90524558,0,0,1,Unfurnished,136.3703903
569,564.6040395,2218.494747,4,2,1,12,10.79306215,9,43.47592516,1,0,0,Unfurnished,112.0396679
570,1324.243258,1201.430193,5,3,2,33,8.175256771,1,52.42491755,0,1,0,Semi-Furnished,98.2530701
571,1509.20919,1997.771111,2,1,3,18,13.8028397,7,42.4463022,0,0,0,Semi-Furnished,115.9808473
572,2338.218656,1573.527678,2,1,2,8,11.06312216,6,55.30471637,1,0,0,Unfurnished,131.9825462
573,1663.463687,1724.748835,2,4,1,30,10.63476326,4,62.15992805,0,1,1,Unfurnished,109.5407625
574,1390.449736,1700.372679,5,4,3,32,1.564293802,3,49.79554074,1,1,1,Fully-Furnished,133.8965714
575,1914.702791,1216.05954,1,4,3,26,6.859365879,9,42.02711022,1,0,1,Fully-Furnished,132.7614006
576,400,500,4,4,1,1,3.742510358,10,54.30423128,0,0,1,Fully-Furnished,78.59092046
577,1617.807279,1465.485561,5,4,1,14,7.267988482,5,77.22741146,0,0,0,Fully-Furnished,115.7799074
578,1885.432597,2154.703562,3,2,3,18,5.226895504,8,54.724531,0,0,1,Fully-Furnished,137.4342868
579,760.7068771,921.4583637,3,3,1,30,6.489580188,4,30.90229397,1,0,1,Semi-Furnished,85.78115074
580,2071.877022,2012.545789,5,4,2,15,12.24465093,,78.38197067,0,1,1,Fully-Furnished,138.276097
581,1669.248204,3520.214739,5,4,1,14,9.900999716,,37.78028706,0,0,0,Fully-Furnished,149.5801835
582,1292.356043,2818.445244,1,2,2,5,12.02845772,6,38.24305289,1,0,0,Fully-Furnished,119.3929991
583,1816.390933,3314.833207,3,3,3,13,1.597267564,3,65.12505372,0,0,0,Unfurnished,126.1155404
584,2635.346429,2312.902302,4,4,3,26,8.231898786,2,43.69988945,0,0,0,Fully-Furnished,136.478545
585,1590.933128,2934.007858,2,3,3,37,11.86681993,9,57.46043435,0,0,0,Semi-Furnished,91.80913711
586,1624.110293,1420.828216,2,3,3,18,14.02518366,2,56.37680499,0,1,1,Unfurnished,123.2150962
587,1270.31955,1484.527786,1,2,3,36,1.807646441,9,56.60152213,0,0,1,Unfurnished,97.80709187
588,1075.077815,500,1,2,1,3,6.594065455,8,71.66497003,0,0,1,Fully-Furnished,86.6270822
589,1915.167908,2948.916379,3,4,1,25,12.1369067,10,45.97832223,1,1,1,Unfurnished,153.212945
590,1071.958087,3232.259184,4,1,3,8,7.230886749,7,50.50819389,0,0,0,Fully-Furnished,105.2421379
591,1535.783119,1557.458204,4,2,1,39,4.358329303,5,36.24521726,0,0,0,Fully-Furnished,91.37032172
592,1261.171277,1796.838635,5,3,1,14,1.800003286,3,61.20067646,0,0,0,Fully-Furnished,104.7209295
593,1739.489913,1396.910309,1,3,3,36,4.205193861,2,53.08883795,1,1,0,Semi-Furnished,76.17766619
594,1666.831053,2306.122841,2,4,1,3,1.244393326,8,68.87018539,1,1,1,Unfurnished,159.331594
595,2018.769972,2899.946036,2,4,3,25,8.233841827,2,55.52391918,0,1,0,Unfurnished,139.9743544
596,1244.991801,605.7824209,3,4,3,17,11.58524074,8,75.96900337,1,0,1,Unfurnished,88.68623032
597,1365.062532,2327.550825,2,3,3,34,2.956100964,5,48.0884912,1,0,0,Unfurnished,131.8662737
598,1010.618142,1778.662583,4,2,3,28,9.030918965,9,53.52726662,1,0,1,Unfurnished,109.404546
599,1277.85337,2090.715514,4,1,1,23,11.38108412,4,51.03658518,0,0,0,Fully-Furnished,101.2989796
600,1688.650247,2367.195201,1,2,1,3,7.989166693,,39.58910603,1,1,1,Fully-Furnished,146.0118073
601,1878.494308,1849.438049,3,1,2,20,1.55722282,7,20.64517949,0,1,1,Fully-Furnished,142.9669863
602,1038.917338,1917.130517,2,2,2,38,9.544846219,8,53.36946724,1,0,1,Semi-Furnished,59.86682837
603,1934.80296,1828.899866,1,4,3,6,7.781412221,5,25.98755731,1,1,0,Semi-Furnished,128.9678788
604,2177.818929,2776.252961,5,3,2,22,7.373981406,2,56.9619062,1,0,0,Semi-Furnished,140.543245
605,1706.717452,2335.007968,5,1,1,39,5.812651017,7,67.34120031,0,0,0,Semi-Furnished,91.38165715
606,2438.397906,2176.46683,2,2,1,20,8.347149705,3,49.10732372,0,1,1,Unfurnished,137.2429733
607,1113.1054,983.2386231,2,3,2,0,10.03927163,10,55.72845906,1,1,1,Semi-Furnished,124.3806024
608,877.6726483,1697.136205,2,1,2,24,17.56259254,10,56.23822034,1,1,1,Unfurnished,88.27057766
609,610.6398755,2718.935328,4,1,1,30,8.449328274,10,64.25027282,0,0,1,Unfurnished,76.36919717
610,2248.022156,2030.157258,2,3,2,37,14.04456464,10,48.52493936,1,0,0,Unfurnished,131.2433914
611,1827.182828,2527.625176,5,4,1,4,9.431020334,2,31.87247491,0,1,1,Fully-Furnished,117.9353951
612,1472.207665,3413.20944,2,3,1,30,7.601886689,3,23.73709133,0,1,0,Fully-Furnished,131.654323
613,1639.984313,2830.884855,3,4,2,0,8.594190111,4,44.80442485,1,1,1,Unfurnished,144.3095837
614,937.2554764,2074.52667,5,2,2,29,3.113054521,10,25.55130752,1,1,0,Semi-Furnished,144.7827128
615,2722.87599,1591.208664,3,2,3,17,9.223441083,7,50.56782568,0,1,1,Unfurnished,133.2778948
616,1564.610591,500,5,3,3,7,0.5,10,53.77177514,1,0,1,Fully-Furnished,126.9819697
617,1554.697397,1865.292062,1,4,3,25,4.549334568,1,42.08522138,1,0,0,Semi-Furnished,89.17425804
618,1862.883312,1739.190003,5,2,3,39,8.439372373,6,61.07325993,1,1,0,Fully-Furnished,111.6717738
619,1740.504616,2312.292956,5,4,3,14,12.77592909,6,52.40812985,0,1,1,Semi-Furnished,172.0007154
620,1611.942012,1876.875818,3,4,1,18,13.72249759,8,40.0629954,0,0,1,Fully-Furnished,110.0947905
621,1104.762772,1743.691952,3,4,2,9,7.053813681,2,43.17135119,0,0,1,Unfurnished,86.08393276
622,1735.734179,576.4808556,5,3,1,23,8.622869278,,70.24938716,0,1,0,Fully-Furnished,100.0512998
623,2441.012248,,5,4,3,15,11.93744988,1,24.4874909,0,0,0,Semi-Furnished,122.795611
624,2172.710023,2381.320833,4,3,3,30,2.682025711,3,46.38981058,0,1,0,Fully-Furnished,135.3453949
625,2296.593313,3372.726105,1,2,2,15,9.618990021,7,52.97672972,0,0,0,Semi-Furnished,141.1294731
626,1244.392162,1921.979693,1,2,1,15,4.688428531,8,40.88656236,0,0,0,Fully-Furnished,94.38101526
627,1005.19759,2262.248859,2,1,3,27,7.312699821,7,39.16589422,0,1,1,Fully-Furnished,122.0780864
628,1437.10654,2761.982526,5,1,3,19,6.163906998,9,66.56726873,0,1,1,Unfurnished,113.3097781
629,1527.862456,1351.284851,5,2,3,34,9.741432508,8,80.62683136,1,0,0,Semi-Furnished,98.14601139
630,2047.095759,,5,4,3,8,10.2012147,8,44.98432287,0,1,1,Semi-Furnished,162.9452899
631,653.7676851,1407.607915,5,4,1,39,11.56431471,2,50.3819891,0,1,0,Unfurnished,69.87862576
632,2264.77516,2691.859551,1,2,1,9,9.392795314,1,58.70329473,1,1,0,Fully-Furnished,120.3876505
633,1420.996051,2121.122438,3,2,3,17,8.68661508,6,34.72167651,0,1,0,Semi-Furnished,98.30378645
634,1286.559465,2238.761451,4,1,1,14,15.4160952,,51.05298885,0,0,0,Semi-Furnished,89.86463983
635,993.9478124,1373.921122,3,4,3,29,1.902563719,,73.00337602,1,0,0,Semi-Furnished,78.39427946
636,672.5716641,2565.625888,3,2,2,31,14.78243944,7,85.75275183,0,0,1,Unfurnished,86.73986437
637,1911.585292,3667.770337,1,1,2,39,6.840712365,8,31.2783645,1,0,1,Unfurnished,161.3480977
638,1536.658984,1193.670644,4,1,2,26,10.28356635,,36.57795688,0,0,1,Semi-Furnished,90.70057704
639,855.0195501,1728.192794,5,4,1,26,6.697361278,1,43.5201201,0,0,1,Fully-Furnished,86.17948571
640,852.460614,2185.285979,1,1,3,18,5.189833482,10,44.43772291,1,1,0,Fully-Furnished,73.30219345
641,1332.10765,2629.12497,1,1,2,9,9.938308771,8,66.25506634,0,0,1,Unfurnished,117.3663582
642,2334.510763,1552.362972,4,3,2,5,12.16851323,8,50.5124841,1,1,1,Fully-Furnished,141.6773705
643,1370.204324,,2,2,1,23,9.89203182,8,65.03203479,0,1,0,Unfurnished,72.02523226
644,748.4285234,3087.351595,1,4,1,8,5.831536853,,53.62496426,1,1,1,Semi-Furnished,121.7596475
645,1377.128468,2608.404896,3,2,2,26,22.44540025,7,48.29540642,1,0,1,Semi-Furnished,100.7000009
646,1363.638215,605.6419756,3,3,3,6,12.79429468,2,56.70255962,0,0,1,Semi-Furnished,89.0245671
647,400,1513.944967,5,4,3,5,11.73336922,4,15.83360033,0,1,1,Unfurnished,105.0566037
648,1472.852567,3254.545944,1,2,3,32,6.588143077,9,45.09001407,0,0,0,Fully-Furnished,135.5217054
649,1384.532735,3158.237135,5,1,2,20,5.499336847,8,45.64042173,1,0,0,Semi-Furnished,128.5502844
650,1848.103182,2750.912018,1,4,1,37,6.880643697,4,29.11410511,1,1,1,Fully-Furnished,132.5773281
651,2424.478047,1859.110053,4,3,3,16,12.32562618,8,70.15489543,0,1,0,Fully-Furnished,160.5309404
652,2063.282515,2066.389935,1,1,2,30,4.037582652,10,46.32245087,1,0,1,Unfurnished,146.9258358
653,1365.555655,1895.259356,2,3,2,36,3.727184674,6,55.51927293,1,0,1,Unfurnished,127.7452765
654,946.7370456,2902.591827,3,1,1,10,10.15819013,9,62.9732845,1,0,1,Fully-Furnished,130.1910971
655,2786.679902,1299.326075,4,2,3,27,9.276785779,,37.51200346,1,0,0,Fully-Furnished,169.9143609
656,1529.609217,1355.360276,3,2,2,4,4.918745848,6,54.27315437,1,1,0,Semi-Furnished,128.3953882
657,1506.964646,2808.219669,5,2,3,11,3.635185686,4,25.46597829,0,0,1,Semi-Furnished,124.4718911
658,1487.937456,1964.510836,4,3,3,2,13.75158797,3,58.18635381,0,1,0,Semi-Furnished,123.7484225
659,1599.04238,3102.773884,2,4,3,37,9.428017701,5,41.70808557,1,1,0,Fully-Furnished,134.3445831
660,1427.819794,1462.790234,3,2,2,1,2.545856545,10,45.80033701,0,1,0,Unfurnished,117.1023387
661,1213.168997,1956.177312,1,3,3,25,2.825497856,8,66.82875403,1,1,0,Fully-Furnished,103.7008069
662,1226.570529,1262.069612,1,1,1,1,6.55395211,10,77.28236628,1,0,1,Semi-Furnished,100.0535083
663,1483.623365,2005.890145,1,2,2,11,10.93136723,6,39.19780924,0,1,1,Semi-Furnished,82.6615535
664,1228.287614,817.1624504,4,1,2,39,10.38003521,1,37.24835474,1,0,1,Unfurnished,33.92466044
665,1143.577109,1609.893263,2,2,3,1,12.52671415,6,60.34255302,0,0,1,Fully-Furnished,99.37315855
666,1553.215114,850.9969081,2,1,3,15,2.03860077,7,59.6388107,0,1,1,Semi-Furnished,101.135275
667,1372.511391,2555.138587,2,3,3,29,8.895386759,6,32.16328333,0,1,0,Unfurnished,105.1261227
668,2251.996494,2573.271472,3,2,2,35,13.70364133,3,49.64858085,0,0,0,Semi-Furnished,111.6588363
669,400,615.7898156,4,3,1,3,13.33120692,9,49.67793547,1,1,1,Unfurnished,61.41051454
670,2045.753426,3067.108596,1,3,1,10,9.435639926,10,49.37370491,1,1,1,Fully-Furnished,172.6364093
671,2123.042596,3997.932101,3,1,2,23,17.39207403,10,59.92026447,1,0,1,Unfurnished,150.9880996
672,463.3048838,2036.805109,2,2,1,17,10.43714047,4,72.74846971,1,1,1,Fully-Furnished,85.47964145
673,1328.656203,1487.108592,1,4,3,26,12.17098653,5,46.50746934,1,1,0,Fully-Furnished,109.9940865
674,1314.279567,4259.464473,4,4,2,36,8.177791675,5,76.96248261,0,1,0,Semi-Furnished,128.7470946
675,796.2441526,944.8252014,5,3,1,1,4.876098829,3,48.15243453,1,0,1,Fully-Furnished,110.309226
676,1111.091656,2016.085173,2,1,2,14,4.499163197,2,74.51707562,0,1,1,Semi-Furnished,105.0744599
677,944.7120773,2143.697818,2,1,1,10,8.726460859,8,56.36881034,1,0,0,Semi-Furnished,108.3378156
678,2376.135222,3076.118096,2,1,2,26,7.153991973,7,66.28766667,1,0,1,Fully-Furnished,167.3614618
679,1967.839197,2287.79118,2,2,1,22,0.92565732,5,64.18710159,0,1,1,Unfurnished,143.9629439
680,2135.777547,1601.092883,1,2,2,34,3.89682566,1,37.81552829,1,0,1,Fully-Furnished,115.5671166
681,1860.836032,1239.052504,4,1,2,29,6.726385704,10,55.47676593,1,1,1,Fully-Furnished,132.0298936
682,935.4741144,1726.542544,3,4,2,23,10.9091175,1,36.26449365,0,1,0,Unfurnished,69.30668145
683,1237.739867,1194.458111,1,4,2,18,7.935704455,8,48.45826362,0,0,1,Semi-Furnished,103.5067682
684,1744.687281,2038.260256,4,2,2,28,7.711743158,4,32.83797585,1,0,0,Semi-Furnished,126.3577741
685,888.9360956,1548.643056,3,1,3,12,4.052349492,4,46.97356439,1,1,0,Fully-Furnished,81.83878677
686,1856.499215,804.7697654,2,4,2,22,8.09266432,9,50.91192782,0,0,1,Unfurnished,131.0127528
687,1379.837301,3004.116631,4,4,2,11,13.27640411,2,37.20402223,1,0,1,Unfurnished,129.3621936
688,1312.589596,1601.861981,2,2,2,28,8.622300451,5,49.98989754,0,0,1,Unfurnished,97.45517482
689,1855.479984,985.490556,4,2,1,5,1.970745674,6,62.06092504,0,1,1,Unfurnished,109.2662626
690,1722.131656,1865.392692,5,4,2,22,2.993908823,6,35.31116055,1,1,0,Fully-Furnished,103.8679409
691,1319.516917,2054.697253,2,1,3,30,10.35515551,10,63.33607652,0,1,1,Fully-Furnished,125.0141799
692,2079.664902,602.8266195,2,4,2,20,7.102738099,3,63.86622225,1,1,1,Semi-Furnished,115.7703338
693,959.4683362,2265.318134,2,4,1,23,7.70167908,10,35.71578029,1,1,0,Unfurnished,127.5244525
694,1807.967803,,1,1,1,7,5.5490633,6,10.77952344,0,0,1,Fully-Furnished,110.1607272
695,1796.550629,3368.823047,3,2,2,8,10.01364885,,66.35196774,1,0,1,Fully-Furnished,141.1985138
696,1345.22678,2419.16841,2,1,2,21,6.796329147,10,46.32174651,1,1,0,Unfurnished,144.9830433
697,1663.066511,1680.080008,2,1,2,3,7.253547113,5,50.00435439,1,1,1,Unfurnished,124.0522889
698,874.4432118,1403.865784,1,1,2,12,4.595106433,8,80.32547265,0,0,0,Semi-Furnished,79.29358578
699,1962.01351,1916.025834,1,1,1,33,11.68676519,4,56.37392674,0,1,1,Unfurnished,103.3348157
700,1407.548932,2490.232593,5,2,2,2,7.115468834,10,56.97765455,1,1,0,Semi-Furnished,118.7632732
701,1238.63849,1979.604697,4,4,1,36,10.43152133,10,49.87712734,1,0,0,Semi-Furnished,111.4830126
702,2024.504613,1826.272954,2,3,1,27,3.225633744,3,47.12043369,0,1,1,Unfurnished,134.0706303
703,1147.828155,2046.696233,4,2,3,25,14.93553255,6,49.05303807,0,1,0,Unfurnished,107.7147694
704,795.7693518,1516.912855,1,1,1,33,13.10949615,10,47.75184069,1,1,1,Fully-Furnished,68.72249249
705,721.6854132,1725.435259,1,4,2,14,0.5,9,24.72273001,1,1,1,Unfurnished,95.14837758
706,1803.004976,500,5,4,2,7,4.7922501,8,35.0275763,1,0,1,Unfurnished,138.3392783
707,859.7853238,2778.980985,3,1,2,34,9.910537564,10,49.14661271,0,1,1,Semi-Furnished,126.0062498
708,2377.397091,2239.038224,1,2,2,23,2.721085375,8,80.55659298,0,1,1,Unfurnished,124.4445677
709,459.0352961,1381.235325,2,1,3,36,7.473623671,3,29.17886469,0,0,1,Fully-Furnished,41.32389268
710,2348.228184,3518.987985,5,4,3,3,9.706527144,1,42.21239265,1,0,1,Fully-Furnished,170.3143225
711,1605.508734,2069.613184,3,4,3,11,7.261096352,3,42.06300132,0,1,1,Unfurnished,108.9251567
712,1451.643444,1171.085142,5,2,3,18,10.15535481,3,60.36183418,1,1,0,Unfurnished,94.29839686
713,1227.540457,2685.389937,1,3,1,14,5.226680382,6,51.39942079,0,0,1,Semi-Furnished,122.4759943
714,1699.568057,2318.438573,3,1,3,29,0.5,3,40.35585473,0,0,0,Unfurnished,125.1378089
715,1481.182649,2315.663988,4,3,1,36,11.92846125,2,67.31293363,1,0,0,Semi-Furnished,103.6504482
716,2051.650941,1659.395516,3,4,2,11,11.90325861,9,35.11437857,0,0,0,Unfurnished,125.8085519
717,1557.113824,2360.396579,2,3,1,18,18.01454657,6,42.38834143,1,0,0,Semi-Furnished,123.7068746
718,1575.150881,1790.593368,4,1,1,33,0.5,5,33.32532438,0,0,1,Fully-Furnished,82.89090173
719,1318.193894,2444.753161,4,1,3,6,11.00332844,3,64.89108522,0,0,1,Unfurnished,95.61881781
720,1471.527188,,2,4,2,27,0.5,7,49.27303618,0,0,0,Unfurnished,91.71129255
721,1653.900884,1652.90123,4,2,2,27,15.02597313,7,39.32207324,1,1,0,Semi-Furnished,96.09803823
722,644.9158037,3377.724078,1,2,3,28,9.951467335,4,56.69050037,0,1,0,Semi-Furnished,92.28739666
723,825.9072889,1386.346036,3,4,1,36,4.192284609,10,73.68270506,0,1,1,Unfurnished,102.0093529
724,1871.632047,1516.929362,3,1,3,19,11.1208899,2,16.12136491,1,1,1,Semi-Furnished,111.7406718
725,1585.432719,1641.630929,2,2,1,10,5.787819969,2,59.23959407,0,1,1,Unfurnished,102.607657
726,1408.008332,1028.155091,1,3,3,38,9.201664398,8,76.00538919,0,1,1,Fully-Furnished,86.12475811
727,1509.216967,500,4,4,3,22,8.823842865,4,73.32423349,1,0,1,Semi-Furnished,110.0628186
728,1673.790853,1815.530881,3,3,2,19,14.97667254,7,46.25253296,0,1,0,Unfurnished,118.9003615
729,1230.12016,2108.687539,3,1,2,19,15.25970364,3,51.44515798,0,0,1,Fully-Furnished,101.7547272
730,1110.847637,1957.995945,3,2,2,10,5.610938507,9,53.12043208,1,1,0,Unfurnished,117.9482772
731,1597.922628,1884.09715,3,1,3,1,12.23242247,10,46.13053993,0,1,0,Unfurnished,123.701452
732,1010.813611,2034.432697,5,3,2,12,9.419360622,9,63.85919698,0,1,0,Fully-Furnished,127.8064385
733,1704.126378,2818.273177,2,1,2,12,2.349271732,7,25.90806032,1,1,0,Semi-Furnished,130.0843501
734,648.7081979,1847.643051,4,1,3,14,5.215086479,7,58.63347367,0,1,1,Fully-Furnished,119.1015851
735,2014.577819,1540.733938,4,4,2,30,17.3445844,1,48.86076107,0,1,1,Unfurnished,113.6806191
736,1736.298741,,2,4,1,22,9.431417604,10,65.16258446,0,1,1,Fully-Furnished,125.7965002
737,1628.014867,2463.477408,1,1,2,21,11.99911832,8,66.64875358,1,1,1,Unfurnished,113.8688035
738,1991.345492,3129.621503,2,4,1,15,7.151822751,2,51.6505754,1,0,1,Fully-Furnished,165.5478627
739,2332.737222,1497.485009,3,1,2,28,5.840232341,8,40.66187904,1,1,0,Semi-Furnished,146.1100946
740,2007.185033,2079.14703,3,3,3,19,8.109058031,2,65.57316545,1,1,1,Fully-Furnished,116.1180944
741,579.5628843,2270.685954,2,4,3,27,6.935583779,,30.89044549,0,1,1,Fully-Furnished,99.99716189
742,860.2115166,1205.937595,2,1,2,26,2.026988276,8,34.20820878,0,0,1,Semi-Furnished,75.53016756
743,1187.590711,2016.333734,4,4,1,28,3.98669817,4,48.85275979,1,0,0,Unfurnished,100.7657814
744,1513.045525,827.4609141,4,1,2,4,10.83153806,,42.2032856,1,0,0,Fully-Furnished,80.42485505
745,1758.82951,584.759757,5,4,3,37,6.477237244,6,46.77223925,1,0,1,Unfurnished,112.1926863
746,1137.128093,2293.397126,5,2,2,37,8.102819528,10,45.44187047,0,0,0,Fully-Furnished,104.549447
747,1593.383382,1692.900207,3,1,3,1,8.939692202,10,49.60260461,0,0,0,Semi-Furnished,119.654425
748,1122.308534,,5,2,1,19,9.252200195,1,72.31140332,0,1,0,Fully-Furnished,87.18844299
749,1194.241099,1985.684018,5,1,1,12,12.58631625,9,32.67595525,0,1,0,Unfurnished,102.4801483
750,796.6694516,1218.879961,1,2,3,25,3.60521674,7,43.00313358,1,1,1,Unfurnished,66.0079933
751,1038.383377,1963.796558,2,1,1,34,10.28101089,5,62.36956549,0,1,1,Semi-Furnished,98.87376564
752,824.1576972,1013.518956,4,4,3,7,11.02011117,6,50.54842825,0,0,0,Unfurnished,57.33334717
753,1012.063374,3112.777886,5,2,3,27,11.94340712,3,35.44087461,1,0,0,Semi-Furnished,113.5980418
754,2026.820898,915.2237241,4,4,3,14,2.348329602,9,48.69476235,1,1,0,Semi-Furnished,136.3360726
755,1025.300556,1843.371783,5,1,2,7,9.019276873,2,27.39068085,0,1,0,Unfurnished,106.6015936
756,2816.191032,1166.18273,5,4,1,10,14.86430379,10,65.48440341,0,0,0,Unfurnished,147.4870162
757,1746.65895,2456.336939,3,1,2,28,7.603517923,1,51.77502234,0,0,0,Semi-Furnished,88.53218957
758,1592.418062,,1,4,2,4,9.933978808,1,83.00498069,1,0,1,Unfurnished,118.7789464
759,1070.82111,1585.066624,2,2,1,6,11.12158238,10,33.19801035,1,1,0,Semi-Furnished,103.4506758
760,1850.15494,2682.561236,2,1,2,17,3.898120622,2,40.02659252,1,0,1,Fully-Furnished,129.910997
761,1212.181087,2023.544473,3,4,3,27,15.33529892,6,52.56718693,1,0,1,Unfurnished,107.7258952
762,1561.004907,2413.315557,3,1,2,11,9.998003188,6,69.75699149,1,1,1,Unfurnished,144.8873692
763,2780.042269,1214.939251,2,1,3,11,10.07801126,9,42.72157866,0,1,0,Semi-Furnished,138.7428397
764,1451.97005,876.1464449,2,1,1,35,1.351890488,10,39.44559825,0,1,0,Fully-Furnished,98.06378862
765,2074.636663,2085.76637,1,3,2,28,11.17817919,4,51.13795274,0,1,1,Fully-Furnished,126.8139106
766,1148.411787,1744.922916,5,1,1,10,10.02564137,8,39.92326644,0,0,1,Unfurnished,98.97432573
767,1482.505755,2501.147738,1,4,3,5,14.49676531,4,57.13988857,0,0,0,Semi-Furnished,100.5207823
768,2385.400318,1936.073238,2,3,2,20,6.754939143,3,51.14602308,0,1,0,Semi-Furnished,118.8392623
769,1186.516471,2164.060271,5,4,3,9,4.049366682,4,60.4782988,0,0,0,Unfurnished,123.634218
770,2406.224279,701.293976,2,3,3,31,5.271044021,1,63.41354131,1,0,0,Fully-Furnished,99.651633
771,1853.875968,3510.749552,1,1,3,32,5.98008706,9,55.49495708,0,1,0,Semi-Furnished,118.5143831
772,1218.766612,1868.606412,1,2,1,16,3.524613927,5,67.30781296,1,1,1,Semi-Furnished,108.9883732
773,1816.20387,2558.069576,1,2,1,2,13.1606401,7,44.93665378,0,0,0,Unfurnished,134.5982506
774,1986.277225,1331.126664,5,1,1,17,13.31079145,3,28.34119948,0,1,1,Unfurnished,133.2568103
775,1810.904981,2246.407922,4,3,2,9,7.216833195,5,33.83556415,1,1,1,Fully-Furnished,105.3329508
776,714.8876401,957.7241892,4,4,3,38,6.428960312,10,48.7208757,1,0,1,Fully-Furnished,91.88466487
777,1136.431412,2361.654271,2,2,1,7,0.738072347,4,56.2675352,0,1,1,Semi-Furnished,127.9846074
778,1376.240682,1715.220732,5,1,3,33,10.78384502,7,58.75571782,0,0,0,Unfurnished,97.69778471
779,1462.783285,2023.352403,3,1,1,36,14.61376044,5,40.28418441,0,1,1,Unfurnished,94.68467971
780,1810.336049,2558.379224,4,3,3,32,5.451221131,2,62.98200392,0,0,1,Unfurnished,150.0049266
781,1588.8505,,5,2,1,9,7.532861897,3,15.20128012,0,1,0,Fully-Furnished,125.1892898
782,832.3278206,1452.406616,5,1,1,39,9.737165845,8,41.79341199,1,1,0,Fully-Furnished,80.07511236
783,1690.098926,2365.859425,4,2,1,17,14.89767344,3,57.41246538,1,0,1,Semi-Furnished,109.9630784
784,1805.292873,3678.57718,5,4,1,24,8.799104887,7,63.68987471,1,0,0,Unfurnished,154.4228867
785,1779.895224,1889.534132,5,1,3,35,8.781719664,5,61.35721031,0,1,0,Fully-Furnished,116.1160486
786,2040.390363,2472.908894,4,1,1,1,8.717274005,7,63.95640391,0,0,0,Unfurnished,134.5072489
787,1916.961077,1914.422824,1,4,1,18,2.299869972,10,52.60252809,1,0,0,Fully-Furnished,135.3589026
788,1729.59004,3553.796476,2,1,1,9,2.212837385,9,48.17967693,1,1,0,Unfurnished,178.092892
789,1464.917144,602.2226664,3,3,3,2,4.768019324,7,21.82947452,0,1,1,Semi-Furnished,141.8866434
790,669.5195332,2075.696836,2,4,1,18,12.0515623,6,46.36922651,0,0,0,Fully-Furnished,92.94537635
791,1714.80911,699.5647732,1,3,3,25,6.658571718,1,32.79028861,0,1,0,Fully-Furnished,103.5177311
792,1603.843844,500,1,4,2,24,5.881583805,4,59.24426537,0,1,0,Semi-Furnished,100.4115061
793,1635.789419,2237.969642,5,4,3,16,5.811301583,8,29.48235833,0,1,0,Semi-Furnished,137.5113491
794,861.6257121,2111.598237,2,3,2,9,7.449372486,1,47.67269041,1,0,1,Unfurnished,106.9149189
795,959.4717298,1772.13045,1,4,1,10,14.80843174,6,32.14732936,1,0,0,Fully-Furnished,92.70788755
796,2026.576427,1915.044728,2,2,1,10,7.395210457,2,49.82212161,0,1,1,Unfurnished,146.1774952
797,1480.222423,4478.639547,1,3,3,11,4.854810379,9,48.02653435,0,0,0,Unfurnished,157.9511074
798,1840.750349,1793.45989,3,4,1,39,8.100982516,8,23.69668787,0,1,1,Unfurnished,138.7999064
799,1514.159188,2408.099489,1,3,1,7,15.02033442,,55.1638652,0,0,0,Fully-Furnished,107.0225501
800,1514.87807,1480.508144,2,4,3,23,5.988701124,9,45.73092564,0,1,0,Semi-Furnished,124.4184968
801,1969.141903,2236.18606,5,4,1,13,3.275979966,,50.41884048,0,0,1,Unfurnished,145.6560533
802,1241.977636,1809.41306,2,2,2,22,5.996034921,2,43.77259904,0,0,0,Fully-Furnished,75.67654295
803,1548.060388,1671.585214,4,2,2,35,8.515054945,9,39.24723154,0,0,1,Unfurnished,119.6650427
804,1268.862356,3455.118826,2,2,1,16,10.7529638,2,61.35182552,1,1,0,Semi-Furnished,132.3575869
805,1282.751886,2941.747971,3,4,1,4,12.02753431,4,65.46787925,0,0,1,Semi-Furnished,97.3864617
806,1345.413938,2109.397318,3,2,2,2,3.817130904,2,64.53541582,1,1,1,Fully-Furnished,99.82965811
807,1611.066886,500,3,3,1,8,4.196618662,,29.48816258,1,1,0,Fully-Furnished,105.381684
808,1260.625689,1711.192621,1,4,2,19,6.706950962,10,70.82860962,0,0,1,Semi-Furnished,113.6200786
809,2127.878063,4162.422052,3,3,3,19,10.7379721,7,58.44379966,0,1,0,Fully-Furnished,150.6602517
810,1052.696349,1815.470667,2,2,2,18,2.959968409,5,68.74141844,1,0,1,Semi-Furnished,106.7172002
811,1406.564178,2882.574058,5,4,1,20,5.570692358,3,68.49004265,0,0,0,Unfurnished,118.0774696
812,1280.134471,3153.553922,3,3,1,15,5.629025082,8,55.23648075,0,1,1,Semi-Furnished,107.4809274
813,2223.488942,2175.171133,2,1,2,32,11.76699542,5,38.08318222,0,1,1,Unfurnished,129.5381825
814,1598.277388,1326.542695,1,3,2,4,10.11304304,1,38.62443038,1,1,0,Fully-Furnished,89.87784497
815,2015.92227,500,1,4,1,23,11.61487344,9,39.79303183,0,1,1,Unfurnished,119.0852819
816,757.2198135,2547.330567,5,1,1,14,13.3547119,5,47.28479082,1,1,0,Semi-Furnished,91.11434063
817,1633.525133,1348.195198,5,2,1,25,6.77739962,3,35.17012252,0,0,0,Fully-Furnished,102.4402377
818,1944.815398,,2,2,3,24,3.250375381,6,24.27196839,0,1,0,Fully-Furnished,149.1464459
819,1541.141995,1000.143728,5,3,3,27,3.276145529,8,24.74214769,1,1,0,Semi-Furnished,112.9770524
820,2032.740188,1787.809968,5,2,2,32,0.64756974,2,49.49257512,1,1,0,Fully-Furnished,127.5167669
821,1241.355775,2026.975244,1,3,2,17,6.164932681,3,45.96007746,1,1,0,Semi-Furnished,124.077145
822,2204.67372,2214.874865,2,3,3,17,6.463109541,7,57.64749439,0,0,0,Unfurnished,143.8168453
823,2649.449062,1108.14225,5,3,3,37,11.15021363,2,47.29329016,0,1,0,Unfurnished,124.0350048
824,1318.58072,2957.528759,2,3,2,32,8.067656869,5,67.28588664,1,1,0,Fully-Furnished,136.8481474
825,1277.248739,1522.484172,3,4,3,26,6.038686223,9,41.16071389,1,1,0,Semi-Furnished,111.2233391
826,2226.692239,660.4244316,1,4,2,14,7.536005095,7,54.95595293,0,1,0,Semi-Furnished,114.5475706
827,2289.786073,1912.781264,1,1,1,12,3.844106065,3,58.28148973,0,0,1,Unfurnished,115.1825248
828,1238.569986,2027.500247,1,1,2,33,12.10162628,2,50.80217428,0,1,0,Unfurnished,85.36707794
829,1289.906591,2128.471547,4,2,3,3,4.856337749,10,65.20520524,0,0,0,Fully-Furnished,105.394846
830,1359.107696,3089.705923,2,4,3,34,3.440274912,9,57.89250241,0,1,0,Semi-Furnished,149.9743775
831,827.7747445,1810.840931,3,1,3,18,11.27152787,9,62.0800395,1,0,1,Fully-Furnished,86.59120267
832,1040.674027,1904.304301,5,4,2,30,10.29665683,9,40.38448668,0,0,0,Fully-Furnished,105.7810577
833,997.9296166,1117.452495,3,4,3,24,1.105258486,10,46.70965234,0,0,0,Fully-Furnished,98.30567667
834,1116.101217,2656.442802,2,2,2,39,11.42000654,3,17.20068557,0,1,0,Semi-Furnished,99.76588829
835,1482.657556,2147.447251,1,2,1,11,5.033629444,1,49.05793662,1,1,1,Unfurnished,123.9727822
836,1617.107366,1663.977818,4,3,1,11,6.50358189,9,29.44542148,1,0,0,Semi-Furnished,125.8935465
837,2275.250246,500,2,4,3,24,8.748080431,7,85.20432524,0,0,1,Semi-Furnished,107.9509
838,1000.82298,3155.529756,2,3,2,32,10.34649953,2,54.51880609,0,0,0,Semi-Furnished,96.088386
839,1992.161199,1017.856028,5,3,2,36,9.781916699,6,44.0239076,1,0,0,Fully-Furnished,126.4323799
840,1393.005578,1526.977593,3,3,3,27,7.800726676,9,61.28876583,0,0,1,Fully-Furnished,102.110194
841,1475.268145,2286.675609,3,4,2,8,6.301426684,8,29.13933944,1,1,1,Semi-Furnished,129.3703642
842,1837.409746,1042.753657,5,4,3,13,9.648882774,6,42.59118583,1,1,1,Fully-Furnished,143.5829681
843,938.6389892,805.1921774,4,3,3,2,7.526448651,6,44.76964497,1,0,0,Fully-Furnished,96.99223348
844,1691.204873,500,1,4,1,4,15.22141784,8,59.67064984,0,1,1,Unfurnished,121.8561444
845,1583.226104,2576.797562,1,3,3,25,10.34563604,9,35.32681808,1,1,1,Semi-Furnished,143.1782001
846,1746.225632,1563.851004,4,1,2,17,4.3063375,8,39.54130186,0,1,0,Semi-Furnished,139.2027593
847,1644.584322,4341.816074,5,4,3,37,6.089600195,1,51.67379325,1,1,0,Fully-Furnished,178.6086397
848,2727.65007,,2,2,1,20,8.192768709,2,59.471345,1,1,0,Semi-Furnished,126.751449
849,1181.130008,1262.839181,3,2,1,38,13.19772486,6,53.17121623,1,0,1,Semi-Furnished,77.87020649
850,1234.501522,1547.685624,2,3,2,15,13.64442004,8,36.40743454,1,1,0,Semi-Furnished,118.2252091
851,1188.429737,2194.507724,3,1,3,39,6.415461119,4,51.59804911,1,1,0,Semi-Furnished,98.03074222
852,1222.26144,1623.837329,2,4,2,22,4.265463134,4,39.72491109,0,1,1,Fully-Furnished,103.3577157
853,1181.306436,2489.865771,5,3,2,28,3.754009435,2,35.85624539,1,1,0,Unfurnished,113.6465239
854,2094.508266,1217.129288,5,1,3,9,9.009715029,10,56.12190866,1,1,0,Fully-Furnished,125.8082351
855,2210.252124,894.7266252,4,1,1,4,17.21513724,1,58.19528113,0,1,1,Unfurnished,78.76697542
856,1214.626853,,2,4,2,10,10.15637642,10,49.7956434,0,1,1,Semi-Furnished,110.3168111
857,1083.822213,500,2,2,2,28,1.624349893,9,57.66628472,1,1,1,Semi-Furnished,82.92701331
858,1735.707778,1585.544784,4,2,1,26,5.095983587,7,61.54891667,0,1,1,Semi-Furnished,98.19487209
859,1223.888478,1759.21575,4,1,3,33,5.504343193,9,13.28529581,1,0,1,Semi-Furnished,125.6553683
860,1816.465909,1494.850378,5,2,3,13,4.71198992,2,56.15879258,1,0,0,Semi-Furnished,96.30571525
861,1601.46151,2994.724638,5,1,3,9,6.4484247,10,73.22993265,1,1,1,Semi-Furnished,172.4393782
862,742.1279425,2982.424168,2,1,1,10,9.477579444,5,45.73648851,0,1,1,Semi-Furnished,117.1934321
863,2273.752601,1732.15761,5,1,2,10,10.72792468,2,73.05719442,1,0,0,Unfurnished,130.3280488
864,2397.938837,564.8631094,5,2,1,34,12.36705396,10,54.73054906,0,1,1,Fully-Furnished,103.8756925
865,1193.605655,1546.635914,2,3,2,18,10.09681029,7,51.19467908,1,0,1,Semi-Furnished,74.47069908
866,1306.14922,1520.142885,4,2,2,23,0.5,9,53.99495286,1,0,0,Semi-Furnished,99.63790008
867,1642.932695,1474.29203,2,3,3,0,3.77078165,3,27.17967545,0,0,0,Semi-Furnished,77.39637973
868,1667.228395,1441.824877,1,2,3,11,7.367623853,1,75.073588,1,0,0,Unfurnished,61.38697798
869,1829.272136,1477.229683,2,4,3,13,8.589119423,4,42.54423012,1,1,0,Semi-Furnished,135.4923986
870,2505.102269,1690.766707,1,4,1,2,11.44567344,4,32.02745562,0,0,0,Fully-Furnished,164.5887556
871,1411.526386,1491.567121,2,2,3,31,8.172736705,6,41.99528846,0,1,0,Unfurnished,96.01820601
872,1100.851378,2166.658007,1,4,1,15,8.202829015,5,50.34585439,1,1,1,Unfurnished,114.5549328
873,810.340386,2288.294973,1,4,3,37,8.951189453,5,66.94140321,1,1,0,Semi-Furnished,81.11729771
874,1134.53498,1271.48393,2,4,3,9,6.979913045,9,48.86815521,0,0,0,Unfurnished,113.1359144
875,1483.436514,3016.852261,5,4,3,16,8.34754056,1,45.18194016,1,0,0,Semi-Furnished,107.4030113
876,2397.278932,1215.950159,3,3,1,39,12.50332872,8,45.41892172,1,0,0,Fully-Furnished,118.4396702
877,1241.19435,705.7595089,5,1,2,3,7.664356405,8,29.65984764,0,1,1,Fully-Furnished,135.2847784
878,1611.893976,2304.622457,1,3,1,14,7.879149093,8,42.0965517,0,1,0,Unfurnished,123.6541207
879,1491.788552,1346.073492,2,1,1,32,7.865658381,3,41.14601867,1,0,1,Unfurnished,85.5834717
880,2094.196637,2257.033177,2,1,1,38,13.19109526,10,53.75083031,0,1,1,Semi-Furnished,146.4153855
881,2763.466213,,2,2,2,9,3.567786693,8,24.15673988,0,0,0,Unfurnished,166.021695
882,1234.565614,3113.964753,2,2,1,6,15.10338758,2,43.37801304,0,0,1,Fully-Furnished,132.1869873
883,1255.280279,2537.834726,3,2,3,32,3.294472582,8,69.61475144,1,1,0,Unfurnished,117.0305972
884,2022.080439,799.6187607,4,2,2,16,5.383118955,8,56.29930753,1,1,1,Fully-Furnished,143.5835143
885,1840.945745,816.9783009,1,2,1,11,10.97895308,3,64.09997509,0,0,1,Semi-Furnished,114.7898513
886,2423.353663,3337.812723,3,3,1,16,12.12126678,4,44.10378968,0,0,1,Fully-Furnished,149.6157513
887,1791.964093,1410.096077,5,3,2,15,2.386003932,9,74.99154625,1,1,1,Unfurnished,128.5507784
888,1320.353955,1332.652121,4,4,1,13,3.629192547,9,61.95440602,1,1,0,Fully-Furnished,124.8786179
889,1795.327415,500,4,3,2,2,9.111371238,10,51.02681814,1,1,1,Fully-Furnished,113.3702955
890,2054.35179,1719.377436,2,3,3,29,17.37767755,9,59.69270254,1,1,0,Unfurnished,99.90598758
891,1910.241091,,3,2,1,34,12.98505112,10,31.46445335,0,0,1,Semi-Furnished,107.008956
892,1753.637016,2572.394477,5,4,1,25,7.007611801,6,31.15091514,0,0,0,Fully-Furnished,117.4582157
893,2033.337345,880.7372575,2,3,3,11,0.5,1,62.10557215,1,0,1,Unfurnished,108.1220221
894,2084.647795,783.7705662,2,3,1,30,8.326570938,8,67.0071925,1,0,0,Fully-Furnished,105.39467
895,2191.079496,2360.770108,1,4,1,16,9.449187215,9,36.20296854,0,0,1,Fully-Furnished,148.9328303
896,1824.354944,2805.384057,4,1,2,36,6.469219436,8,62.81816362,1,0,0,Fully-Furnished,105.0143876
897,1416.44096,743.0781191,5,2,1,7,4.597104038,1,58.02107964,1,0,0,Semi-Furnished,98.25956529
898,1573.356843,2865.211269,4,3,3,18,8.636661041,6,38.07632493,0,0,1,Fully-Furnished,138.7095894
899,2103.254483,2030.033473,3,3,1,25,4.230955224,9,35.09683169,0,1,1,Unfurnished,131.5130016
900,1091.532165,2873.444271,1,4,2,3,15.48979464,9,39.17987465,1,1,1,Unfurnished,131.6316498
901,1684.336654,1943.823711,2,3,3,14,14.06697919,7,42.66915148,1,0,1,Fully-Furnished,125.9995023
902,1303.330594,500,1,2,3,13,10.63165053,7,44.04958084,1,1,1,Semi-Furnished,99.74955489
903,1514.372411,1878.426094,2,3,3,29,8.358842276,4,26.11769991,0,0,0,Unfurnished,112.8410281
904,2139.225931,2848.115055,1,1,3,23,5.359343654,7,42.68855865,1,0,0,Semi-Furnished,151.5473335
905,1595.549534,1285.003185,2,2,2,33,7.916851264,10,54.76886354,0,1,1,Semi-Furnished,107.5098393
906,1523.218274,1689.628025,4,1,2,18,14.55718854,5,59.93070906,1,0,1,Unfurnished,89.34357877
907,820.0719295,1859.093197,4,4,2,2,11.47461623,10,41.14056285,1,1,1,Unfurnished,116.0839475
908,1873.126783,500,4,2,2,3,8.814769114,5,72.41406255,0,0,1,Semi-Furnished,109.4778245
909,1822.742091,3337.07806,4,3,1,10,11.69589734,1,50.30280634,0,0,1,Fully-Furnished,157.1864589
910,2581.627362,1278.899456,1,2,2,12,10.18244265,2,88.03275187,1,1,0,Semi-Furnished,89.87148116
911,1346.110883,2404.588346,2,2,1,17,9.58511016,9,38.79889128,0,1,0,Unfurnished,114.5177948
912,1609.575164,1930.639091,4,2,3,18,11.92225304,,55.42624266,1,0,0,Semi-Furnished,102.3708018
913,1624.691842,3006.095245,1,1,1,32,10.06811058,10,48.68526776,0,1,1,Unfurnished,129.0374501
914,2288.72664,2324.844898,2,4,1,37,11.43420588,2,39.98897921,0,1,1,Fully-Furnished,110.7266185
915,1452.352234,1812.060583,1,2,1,2,8.645548199,9,62.92378851,1,1,1,Fully-Furnished,137.0392575
916,1639.510763,1285.187926,4,3,2,34,6.983496707,3,61.44129253,0,1,0,Fully-Furnished,96.47886303
917,1803.948255,2638.280561,3,2,2,0,5.807348484,2,46.15296355,1,1,1,Fully-Furnished,144.2461625
918,1593.304562,501.2469568,1,2,3,34,5.330761578,7,54.77665615,0,0,1,Fully-Furnished,92.08828996
919,1276.783193,2516.712336,4,4,2,35,1.57931823,9,53.89617573,0,0,1,Unfurnished,131.1835794
920,1597.044996,1120.764199,5,3,1,37,4.352240213,6,46.08020662,1,1,0,Semi-Furnished,107.4371801
921,2036.815875,3001.82693,2,3,2,38,4.236585882,7,38.66255726,1,1,0,Fully-Furnished,137.0499683
922,986.7423503,2129.039634,4,1,2,24,5.970619216,3,49.97277866,0,0,0,Unfurnished,83.58143633
923,1566.484837,2515.299014,5,3,1,39,14.24897684,3,47.13955318,1,1,0,Semi-Furnished,109.6655685
924,1149.939593,2065.591051,1,3,3,12,7.369752178,8,34.07839668,1,1,0,Semi-Furnished,143.0426442
925,2097.523314,,1,3,2,3,8.96706756,7,59.86482832,1,1,0,Fully-Furnished,119.6861584
926,738.4065476,1311.416669,5,2,3,5,,5,50.67251298,1,0,1,Fully-Furnished,107.47752
927,1220.539076,2537.91147,5,1,1,10,14.35032365,,47.96259483,0,0,1,Semi-Furnished,122.8169899
928,1688.605938,2133.324654,2,3,2,0,5.697658185,9,27.6328278,1,0,1,Semi-Furnished,145.5317477
929,2282.762015,2944.791924,1,3,3,7,7.109911679,3,54.75628913,0,1,0,Unfurnished,171.1036336
930,1467.124869,2322.61965,5,3,3,33,7.575202513,3,27.67579522,1,1,0,Fully-Furnished,95.20717938
931,1222.400237,1226.638487,3,2,1,39,12.54613942,6,52.11622328,1,0,0,Semi-Furnished,77.10773613
932,2440.578535,1363.14869,3,2,2,8,13.37642278,8,62.78525655,1,1,0,Semi-Furnished,153.0449214
933,775.9930498,2082.333912,5,1,3,35,9.898335279,5,74.9325134,1,1,1,Fully-Furnished,101.8256317
934,400.5970217,500,2,4,3,38,12.9316375,1,51.00381579,0,1,1,Unfurnished,22.54042433
935,1720.007225,3338.753508,1,1,3,36,8.710643986,3,76.3750804,1,0,0,Unfurnished,116.7760963
936,1248.972888,2353.397389,3,2,3,20,7.30958701,8,60.99033174,1,1,0,Fully-Furnished,116.9616489
937,989.3835914,2981.627678,5,3,3,19,12.71489635,4,57.08652354,0,0,0,Unfurnished,106.1710854
938,1854.178224,735.5168474,5,3,3,37,9.950470701,9,66.73843994,1,1,1,Unfurnished,111.5602902
939,1621.900357,2995.652128,4,1,3,0,5.057877336,6,70.08610273,1,1,0,Unfurnished,158.454467
940,1217.960685,3785.199129,5,3,3,34,11.98968375,10,62.3519034,1,1,1,Semi-Furnished,142.4857531
941,859.8478007,943.2973157,2,2,3,27,7.166029476,4,47.88370741,1,0,1,Semi-Furnished,96.74089421
942,1936.228664,2617.121436,3,1,3,6,6.676705909,4,41.95515286,0,1,0,Unfurnished,139.7918305
943,1825.100589,2000.887956,4,4,2,8,11.57201747,10,30.63583978,0,1,0,Fully-Furnished,129.634343
944,1450.412068,764.4529214,3,2,1,0,7.644671437,5,52.52098121,0,0,0,Fully-Furnished,119.5855679
945,2423.318498,2394.307177,3,2,1,35,9.555834144,7,67.71975184,0,1,1,Fully-Furnished,129.5535773
946,964.9576168,2666.882564,2,3,1,33,10.64775834,7,35.57428293,1,1,1,Unfurnished,105.5272978
947,737.2374145,,5,2,3,33,4.868227683,10,33.85120617,1,1,1,Fully-Furnished,112.6022085
948,1154.045965,2932.733216,2,2,1,16,9.539402259,7,76.96892829,0,0,1,Semi-Furnished,88.1380814
949,1477.206992,666.5892746,5,4,3,31,13.39789242,5,46.15716955,1,0,1,Fully-Furnished,98.88598972
950,1621.669725,804.1950828,4,3,2,1,4.174131425,9,24.19003677,1,0,1,Fully-Furnished,121.0660425
951,1379.381971,2109.277916,2,2,1,35,9.799635555,2,28.15331835,0,1,0,Semi-Furnished,124.2439001
952,1676.027698,2020.308222,2,3,2,24,4.682129062,8,56.63994449,0,1,0,Semi-Furnished,116.6214785
953,874.2302879,1426.741209,1,2,2,25,12.08559074,10,42.85898284,0,0,0,Unfurnished,58.05099647
954,2221.882302,2647.675549,2,4,3,25,12.04762233,8,57.17679145,1,0,1,Unfurnished,154.5628618
955,1458.924411,2424.715451,1,3,1,20,6.582710639,3,46.67440809,1,0,0,Unfurnished,109.1164357
956,2058.647916,2686.511257,5,3,2,17,16.83851461,5,53.16921204,1,0,0,Unfurnished,145.364923
957,1671.362673,1901.490852,5,4,1,28,12.42650124,8,76.50934487,1,0,0,Unfurnished,99.38930472
958,1728.37661,2482.064214,5,1,2,23,10.82771594,10,47.20096782,1,0,1,Semi-Furnished,157.7226222
959,1784.88364,1643.479758,1,2,2,27,10.60244358,9,67.66195759,1,0,0,Semi-Furnished,108.5908434
960,1723.85428,3643.054952,5,2,3,11,11.93570764,7,51.70212611,0,1,0,Semi-Furnished,138.1791365
961,1821.36138,1349.963384,3,1,1,10,4.017430371,4,32.7398294,0,1,1,Fully-Furnished,123.3377422
962,2164.576265,3684.237944,2,3,3,26,8.778430394,4,79.64556452,0,0,0,Fully-Furnished,150.9113944
963,1598.260585,2027.910358,1,3,3,22,9.532761542,,81.83539059,0,1,0,Fully-Furnished,108.925961
964,1854.501879,899.5912883,5,4,3,32,6.399455747,8,47.70292744,1,0,1,Unfurnished,105.0109207
965,1455.132153,3094.46348,3,4,3,15,9.859181078,6,52.27707726,0,1,0,Fully-Furnished,103.7552778
966,2220.058608,2100.721111,2,4,3,27,12.9267772,10,68.59318592,0,1,1,Unfurnished,121.4325535
967,1161.803849,2680.899279,2,1,2,27,6.312923649,,47.22766639,0,0,1,Unfurnished,109.2194536
968,2400.470216,2979.084735,5,1,1,37,7.782302799,10,64.49725796,0,1,0,Unfurnished,155.3957662
969,1479.921025,2270.364443,3,3,1,5,4.717658817,10,37.79300349,1,1,1,Unfurnished,106.8467332
970,784.6124489,1526.207324,1,4,3,28,0.852043961,9,77.4956545,0,1,0,Fully-Furnished,96.66219972
971,1564.052207,2780.570702,5,3,1,33,11.11572872,3,55.45172568,1,1,0,Semi-Furnished,107.8195138
972,1159.474171,,2,1,2,2,7.897064821,4,61.26164539,0,0,0,Unfurnished,75.14886531
973,1920.321774,2548.686255,2,2,3,5,8.190317669,3,70.34742807,1,0,0,Fully-Furnished,119.7922604
974,1173.68801,500,2,3,2,37,4.052905527,3,62.28074703,0,1,0,Unfurnished,69.50889762
975,1276.908283,2357.585374,5,1,2,12,7.257985884,,49.24008948,1,1,1,Unfurnished,119.4817836
976,555.2296345,1489.13134,4,4,3,35,12.38637516,10,75.80752816,1,0,1,Semi-Furnished,51.73298325
977,1273.84684,3322.64771,4,2,2,14,8.003285347,6,62.52684819,1,1,0,Unfurnished,154.0393812
978,400,2498.469878,4,2,3,5,8.116735032,9,47.53025971,0,0,1,Semi-Furnished,117.5076524
979,708.0485883,,3,2,2,32,8.830113111,5,27.45192861,0,1,0,Fully-Furnished,88.03191067
980,1880.207328,2389.047995,5,4,1,11,3.054471486,10,49.78162248,0,1,0,Unfurnished,127.6050266
981,1892.900079,1201.247318,2,2,1,12,10.49968186,2,42.05694145,1,1,0,Semi-Furnished,93.61946751
982,1712.728781,3298.605352,3,1,1,32,2.97920754,10,50.36855743,1,0,0,Unfurnished,135.2147469
983,1016.511928,3593.096335,4,3,3,27,4.241537675,4,40.37508716,1,1,1,Unfurnished,151.302818
984,1476.144322,2314.330808,1,2,2,35,3.803140924,6,55.76227297,0,0,0,Unfurnished,115.9238139
985,1498.19873,3272.322855,3,2,2,4,7.299100133,7,43.26372973,0,0,0,Semi-Furnished,171.6673017
986,920.8176554,1544.681441,3,1,1,24,6.590189186,7,71.40596102,1,0,0,Fully-Furnished,82.40872955
987,2251.699151,1362.309147,5,4,1,16,7.995099847,4,59.20853738,0,0,0,Semi-Furnished,114.8804974
988,1938.681145,2032.739799,3,2,3,36,4.378975361,10,43.01837179,1,1,1,Fully-Furnished,153.2785301
989,1389.517913,2347.952831,5,1,3,18,12.02198128,10,50.13606035,0,0,0,Semi-Furnished,97.41712505
990,1513.442919,1684.810655,1,1,2,34,11.33611027,5,57.63165923,1,0,1,Semi-Furnished,96.3518478
991,1604.191404,2430.214552,2,4,3,33,7.304745948,4,27.45877905,1,0,1,Fully-Furnished,157.7132291
992,479.1325658,2245.111586,2,4,3,5,6.086533134,10,57.02485684,1,0,1,Fully-Furnished,110.1043444
993,1376.411309,1201.35458,4,3,3,18,5.682570027,6,24.35510545,0,1,1,Fully-Furnished,107.0086259
994,1159.007876,2415.034414,4,2,1,0,6.75942002,7,73.02574603,0,0,0,Semi-Furnished,90.72105297
995,999.1899951,2690.822594,1,3,1,6,2.399019085,2,44.40497295,1,0,1,Fully-Furnished,119.829391
996,1359.449854,2137.175454,2,1,2,33,4.161570751,10,65.73414084,0,0,1,Unfurnished,84.5465147
997,2398.843263,2922.118483,4,2,3,18,11.44048157,3,32.82666322,0,0,1,Unfurnished,136.0598791
998,1820.421431,1026.076965,3,1,1,32,9.207249944,8,58.61632912,1,1,1,Unfurnished,87.55141424
999,1214.410505,2374.360338,5,1,3,25,14.53709794,,32.4046412,0,0,1,Unfurnished,122.3542275
1000,1786.291391,1063.775435,4,1,2,26,6.803219399,1,45.58878011,0,1,0,Fully-Furnished,92.39962591
1001,2199.677718,1108.734913,1,4,3,37,6.553947092,4,64.51620797,0,0,0,Fully-Furnished,123.7901768
1002,1962.316841,1495.255333,2,4,2,25,6.368404302,5,59.25444768,0,1,1,Unfurnished,127.8185735
1003,1529.815185,1246.351853,1,2,2,34,6.723342067,3,58.48301998,1,0,1,Fully-Furnished,83.34108374
1004,1176.531611,,5,1,1,19,5.360183947,4,44.69335387,0,0,0,Unfurnished,98.80248708
1005,1849.111657,1828.679751,5,1,3,23,9.083952859,,34.31618864,0,0,1,Semi-Furnished,138.6765576
1006,1696.742693,2669.723589,1,2,1,20,8.116416269,10,61.71687749,0,0,0,Fully-Furnished,135.7508676
1007,1947.59661,1743.072769,4,3,3,25,5.960341993,10,36.1988382,1,1,1,Semi-Furnished,134.634201
1008,1817.585901,731.4994346,4,1,3,19,13.00459565,7,40.6672871,1,0,1,Fully-Furnished,106.0879652
1009,2024.776358,2912.054277,2,4,2,5,15.58633169,8,71.41037089,1,1,0,Fully-Furnished,129.7178461
1010,1232.382394,1330.327893,2,3,2,2,12.66630882,9,58.6747424,0,0,1,Fully-Furnished,105.5675403
1011,2158.697033,1953.023658,3,3,3,9,10.23249605,2,29.54641454,1,0,1,Semi-Furnished,99.76285321
1012,1598.799802,,3,3,1,11,11.04707891,4,49.83710762,0,1,0,Semi-Furnished,102.0717098
1013,2537.630436,2159.688335,2,3,2,32,15.42566207,1,47.62946743,1,0,1,Unfurnished,119.0616987
1014,1155.406091,2875.343638,3,3,2,21,11.04127726,3,44.38042506,1,1,0,Semi-Furnished,112.7730733
1015,2367.981902,2383.202515,1,3,3,15,5.65925659,8,44.83667319,0,0,1,Semi-Furnished,169.3667769
1016,1598.955392,1310.952336,4,2,3,16,9.569090107,7,69.62800646,1,0,0,Unfurnished,78.94500766
1017,1174.290998,3742.849739,3,2,2,9,10.50497706,8,79.91792597,1,1,1,Semi-Furnished,154.7326301
1018,1258.057083,2155.466771,3,3,1,11,4.021130904,6,49.36254796,1,0,0,Semi-Furnished,119.9394983
1019,1339.826346,1882.127819,1,4,2,18,6.860276725,5,52.457355,1,1,0,Unfurnished,116.199752
1020,1712.082973,2771.140338,5,2,3,39,12.4015673,10,29.5376664,1,0,0,Semi-Furnished,123.4063391
1021,1761.417744,2199.560757,2,2,2,22,0.70602906,9,75.41997104,0,0,1,Unfurnished,140.433088
1022,1213.149998,,1,3,3,39,2.99828582,5,40.12090108,0,1,1,Fully-Furnished,107.6819339
1023,1487.822704,3993.747199,5,4,2,9,7.294371785,9,43.65552952,1,0,0,Fully-Furnished,147.9399075
1024,2571.135179,1779.902857,1,3,3,9,9.414718382,4,61.85713362,0,0,1,Semi-Furnished,139.0387205
1025,2363.771585,1745.791285,4,4,3,9,2.56947022,5,54.21315816,0,1,0,Fully-Furnished,155.2278697
1026,1718.161835,2093.26281,1,4,1,38,7.492842993,1,58.24039502,1,1,1,Semi-Furnished,96.98162407
1027,1519.001739,2857.212748,1,1,3,29,12.61507416,6,60.19157515,1,0,0,Unfurnished,68.34491221
1028,1560.015663,794.7727758,4,2,2,3,8.274605828,3,49.87707409,0,1,1,Unfurnished,117.3785948
1029,1806.758986,500,2,3,3,0,11.75635577,10,63.24384999,1,1,1,Unfurnished,110.8063482
1030,988.6037174,1530.307784,5,2,2,18,5.631543515,2,24.39201524,0,1,1,Fully-Furnished,64.04653558
1031,1371.311731,692.8616328,3,2,1,4,4.760332573,6,74.53463219,0,0,1,Unfurnished,97.47623729
1032,665.7079631,1660.134922,2,4,2,29,11.39549532,1,47.27476524,1,0,1,Unfurnished,74.45856222
1033,1699.611561,2401.999757,1,2,1,25,9.477062139,9,63.09804459,1,0,1,Semi-Furnished,100.581605
1034,1823.59797,1287.400909,3,1,1,39,3.257615969,5,57.39000578,0,1,1,Semi-Furnished,95.96447456
1035,1258.406769,858.5387386,4,3,3,33,4.796636335,7,20.03288285,0,0,1,Semi-Furnished,112.2481937
1036,2286.993382,2055.469729,2,2,1,1,14.25832496,10,53.27619459,1,0,0,Semi-Furnished,114.4864495
1037,887.1171685,2690.034788,5,3,2,23,4.301779122,9,18.30683263,1,0,0,Unfurnished,113.8814742
1038,767.8125599,644.0212492,2,2,1,13,11.73731499,9,57.41097472,1,0,0,Semi-Furnished,74.0306083
1039,1612.225909,2656.185919,2,3,1,12,6.087253211,7,53.26004313,1,0,1,Fully-Furnished,113.2203181
1040,2023.549151,2653.844963,3,3,3,28,7.987296573,4,30.8103309,1,1,1,Fully-Furnished,175.9847808
1041,2341.963846,2763.268082,4,3,2,0,9.178370484,4,52.82519127,1,1,0,Fully-Furnished,176.2986314
1042,1270.557869,2974.784172,4,2,1,33,0.5,7,42.87321315,0,1,0,Semi-Furnished,149.2956147
1043,2039.340417,3761.61114,2,1,3,3,2.149130658,8,47.54483756,0,0,0,Unfurnished,161.7620823
1044,1480.745765,1715.126361,4,3,3,27,8.345332075,7,11.19465297,1,1,0,Semi-Furnished,142.4758567
1045,1413.68635,2087.657264,3,4,2,18,5.102769745,10,31.42757462,0,0,0,Fully-Furnished,123.7172413
1046,1941.829969,1666.849253,3,4,3,0,11.98632518,4,38.19443755,0,1,0,Semi-Furnished,125.2222022
1047,1826.161439,,5,4,1,35,1.575516477,4,32.94484435,0,0,0,Fully-Furnished,104.9908715
1048,711.8039215,3226.298685,4,1,3,12,10.26102023,8,42.11854059,0,0,0,Unfurnished,111.8843869
1049,2238.270175,923.9884129,5,3,2,4,2.495115118,9,39.91690428,0,1,0,Unfurnished,135.3295992
1050,2190.045677,1311.160262,1,1,2,32,6.591580023,,54.52571865,0,1,0,Unfurnished,99.0029566
1051,1187.218649,3101.744749,3,3,3,13,3.742488943,3,10,0,1,1,Unfurnished,141.0730697
1052,1697.901767,,2,1,1,15,15.60971952,10,79.88715007,0,1,1,Unfurnished,150.9522892
1053,1747.015093,1709.494683,3,3,3,31,2.642031348,1,40.7717295,1,0,1,Semi-Furnished,138.4018664
1054,1630.336883,2683.521601,1,4,2,26,7.511761219,5,45.40393847,1,0,0,Unfurnished,132.7360629
1055,1224.847423,2272.972674,2,3,3,34,1.092655408,6,58.91956169,1,0,0,Semi-Furnished,107.0244999
1056,1164.188316,3200.219687,4,1,3,2,14.39828049,9,76.08358085,1,1,1,Fully-Furnished,136.996784
1057,1487.222965,2059.607675,4,3,1,3,9.605129665,5,41.16316552,0,0,1,Fully-Furnished,144.0298026
1058,2086.36451,2820.505691,3,2,3,6,8.547892358,1,60.34040233,1,0,0,Unfurnished,145.646178
1059,1771.800077,4113.609528,2,3,1,12,13.89725176,4,39.93583651,1,0,1,Semi-Furnished,110.3015695
1060,1314.692834,2478.479324,2,4,3,2,8.589689766,2,64.10376649,0,0,1,Unfurnished,155.9756843
1061,1885.849355,2039.462533,5,3,3,16,8.878285425,4,60.45708916,1,1,1,Fully-Furnished,140.9040974
1062,400,2577.957588,1,2,1,9,8.526901152,7,34.01066715,1,1,1,Semi-Furnished,105.6138656
1063,2074.38285,1707.775313,4,2,1,0,10.2545373,9,58.68540266,0,1,1,Fully-Furnished,145.8623214
1064,630.1431106,3910.374164,3,2,2,27,6.030234464,3,28.59078667,1,1,1,Semi-Furnished,126.1566749
1065,1318.779529,2144.05683,2,1,1,9,7.142850771,3,38.87850201,1,0,1,Fully-Furnished,106.6015296
1066,940.1650527,1781.653344,4,2,3,6,11.24133851,4,29.90873247,0,0,1,Unfurnished,77.43643167
1067,852.6592621,1331.448796,3,1,2,38,9.109491806,7,50.01391156,0,1,1,Unfurnished,59.66612553
1068,2080.413394,2877.776153,4,2,1,2,7.543024344,6,64.9752502,1,1,0,Unfurnished,180.0299981
1069,1266.149399,2693.74993,3,1,1,6,2.397910436,5,31.36109968,1,1,1,Fully-Furnished,125.3906895
1070,1673.251941,1602.116503,4,2,2,8,13.99220114,4,56.01366061,1,0,0,Fully-Furnished,121.9584831
1071,1476.539711,2461.161076,5,2,3,39,5.35418356,8,46.371439,0,1,0,Fully-Furnished,124.4737099
1072,1738.520414,793.1552254,1,3,3,34,11.94894895,4,34.59909376,1,0,0,Unfurnished,49.79504457
1073,1538.410946,2147.97646,4,2,2,25,8.703014607,3,43.66987436,1,0,1,Fully-Furnished,96.40245098
1074,858.5038879,2362.205082,1,3,3,4,2.826197909,7,58.68328953,1,1,1,Fully-Furnished,113.3645295
1075,1998.13341,3365.863848,4,2,1,12,13.00910191,2,64.1034641,1,1,1,Unfurnished,159.8631859
1076,1253.121708,1383.344958,2,2,3,29,9.018162586,4,54.61247681,0,1,1,Fully-Furnished,87.64028262
1077,721.7090507,977.317897,5,3,1,39,13.34138143,8,49.44428896,0,1,1,Semi-Furnished,86.21231543
1078,1285.94242,,5,3,3,38,7.270365197,4,50.34383924,1,1,1,Fully-Furnished,100.1762622
1079,2250.379895,930.7451997,1,1,1,9,10.81620492,10,39.02521779,1,1,1,Unfurnished,139.6350282
1080,1925.110871,3069.325886,2,4,2,22,0.949891555,7,51.45333495,0,0,1,Semi-Furnished,137.1513818
1081,1325.673933,3238.911436,3,3,1,10,5.999136546,2,27.94671654,0,1,1,Unfurnished,128.9306915
1082,1325.371148,2256.173262,5,1,3,11,2.908026671,5,48.22120094,0,1,0,Unfurnished,126.3992644
1083,1339.182474,2977.035957,2,2,1,12,6.5008646,4,75.49001445,0,0,1,Unfurnished,112.6820111
1084,2538.373992,2107.166704,2,3,3,39,9.887246958,,43.41580834,1,0,1,Semi-Furnished,148.3349029
1085,1690.967726,1923.910682,1,3,3,15,5.581679649,7,66.81785462,0,0,1,Semi-Furnished,121.8045238
1086,1715.020824,1733.569905,2,2,1,8,11.45536837,9,60.06401622,0,1,0,Unfurnished,125.1030645
1087,2015.141727,1751.687207,2,2,3,9,4.573549426,10,71.56738911,1,0,1,Fully-Furnished,142.2554469
1088,1619.39458,761.758755,3,2,2,28,11.54094645,7,10,1,0,1,Semi-Furnished,98.23533355
1089,1370.478927,2211.403811,1,2,3,8,13.23902866,2,52.65588236,1,1,0,Unfurnished,109.0535523
1090,1401.825075,,1,4,2,32,12.05410454,2,58.82075672,1,1,1,Fully-Furnished,110.2526236
1091,1464.19937,2596.288579,2,3,2,23,6.623243793,2,61.97569015,1,0,0,Unfurnished,111.3698349
1092,1481.388882,2074.818797,3,2,3,34,0.5,5,68.01920549,1,1,0,Semi-Furnished,98.9905504
1093,1863.814772,1869.837039,4,2,2,10,10.32866799,1,60.446186,1,1,1,Semi-Furnished,139.69464
1094,1525.972943,1303.045576,5,4,2,38,7.499061141,7,53.54869936,0,1,1,Fully-Furnished,121.5405906
1095,1866.320039,2057.722589,1,3,1,12,4.086428239,2,35.61842396,0,0,0,Semi-Furnished,111.0189036
1096,1459.64171,2590.589785,3,1,2,22,5.774883741,4,21.45664597,1,1,1,Unfurnished,137.3122834
1097,1539.317595,1085.328807,3,3,2,24,13.73770127,9,70.08978432,0,1,0,Unfurnished,122.3304503
1098,500.8996577,2069.979003,2,1,2,15,3.450639198,8,40.89058577,0,0,1,Fully-Furnished,89.68498037
1099,1958.163837,2186.434361,5,4,2,20,9.873236702,10,44.74620542,1,0,0,Fully-Furnished,140.7431209
1100,1673.244238,1425.548173,1,2,2,9,8.871832703,2,63.58339356,0,0,1,Fully-Furnished,103.7171204
1101,1999.005055,1529.714956,4,4,3,39,6.570449341,4,49.71395881,0,0,0,Fully-Furnished,155.1783613
1102,400,,2,3,2,18,10.57813075,4,32.64095176,0,1,0,Unfurnished,84.38275529
1103,2544.187352,1093.263185,1,2,3,34,14.52898104,,24.38771108,0,1,0,Unfurnished,98.83509719
1104,1430.205186,2279.938972,1,3,3,27,6.816113984,2,44.6225071,1,1,1,Unfurnished,97.56227014
1105,2054.091408,,3,1,3,1,7.027276208,5,51.43873096,0,1,0,Unfurnished,118.623993
1106,980.0470364,2850.282954,5,3,1,29,10.48825962,4,61.94331014,0,1,1,Fully-Furnished,109.7132284
1107,1806.386953,3870.262196,4,4,1,39,11.67297129,8,48.12636688,1,1,1,Semi-Furnished,165.4055636
1108,973.2922184,1311.394559,5,4,3,39,7.489171171,4,50.30003376,0,1,0,Unfurnished,86.00021393
1109,1188.11552,2427.36629,3,4,1,4,6.778505056,8,30.20200193,1,0,0,Semi-Furnished,126.644113
1110,2457.015677,1418.606476,4,2,2,37,0.5,5,65.61978376,0,1,1,Fully-Furnished,142.0293042
1111,1404.6588,2832.763339,4,3,3,14,4.887964351,1,95.19631526,0,1,0,Fully-Furnished,122.5784133
1112,1608.716437,987.7932727,2,2,3,35,3.442753312,9,69.51787531,1,0,0,Semi-Furnished,114.9223736
1113,1935.033865,2384.469407,4,3,3,2,10.73849999,8,68.1605782,1,1,1,Fully-Furnished,141.7163318
1114,1747.840944,1301.608826,1,1,1,23,7.024388206,1,55.17665168,1,0,0,Semi-Furnished,115.1949505
1115,1575.209453,1834.412329,5,3,1,11,6.867913578,3,34.32347448,0,0,1,Unfurnished,141.1831215
1116,1682.480501,1175.17978,5,3,1,7,7.963774946,3,37.07339172,1,1,0,Fully-Furnished,132.6083925
1117,2701.707793,2657.880377,2,3,2,13,4.519294119,5,59.87969764,1,0,0,Fully-Furnished,150.636002
1118,1471.190601,1330.415716,4,3,1,17,14.21298875,7,63.36192884,0,1,1,Semi-Furnished,102.5462963
1119,1600.549523,2441.571407,3,1,3,19,13.19277565,1,35.91301323,1,0,0,Semi-Furnished,94.18547372
1120,2025.327198,1724.721577,1,2,1,22,14.47242713,1,56.81853235,0,0,1,Semi-Furnished,86.63140642
1121,2052.762966,1908.422103,2,4,1,4,10.73366892,10,51.69686788,0,1,0,Semi-Furnished,133.873052
1122,2093.515153,2118.204726,4,3,1,0,7.88208754,,57.42728176,1,1,0,Semi-Furnished,145.7787115
1123,1819.365111,,3,4,1,1,14.45891721,5,55.36628238,1,0,1,Fully-Furnished,115.530054
1124,928.4975436,2168.293691,4,4,3,15,5.276132656,,56.13939234,0,0,1,Semi-Furnished,109.7650347
1125,2316.715766,3224.267651,2,4,1,4,4.515164084,3,20.81877645,1,1,1,Unfurnished,191.9063294
1126,926.8273035,1377.524171,3,4,3,21,5.593953941,4,77.35811594,0,1,1,Semi-Furnished,108.0310873
1127,1651.317733,,3,3,1,0,10.09148507,10,71.23018231,1,0,1,Fully-Furnished,153.6265616
1128,1122.862075,3198.478107,3,4,2,11,4.951579226,,49.77566698,1,1,0,Unfurnished,128.8843142
1129,1467.930827,1347.076009,3,3,2,18,7.378508047,9,32.29851316,0,0,1,Fully-Furnished,106.8867997
1130,1664.381205,835.9563159,4,1,3,21,1.592578824,4,58.44828905,0,1,1,Semi-Furnished,113.9326335
1131,1660.678608,2241.56872,3,2,3,16,9.924390662,10,28.07105098,1,1,1,Fully-Furnished,156.5200811
1132,1710.960377,1562.073982,4,2,2,12,1.931586531,3,75.15427243,0,0,1,Fully-Furnished,137.153703
1133,2306.855635,3494.882575,3,3,2,38,4.271355781,10,47.57877114,1,1,1,Semi-Furnished,156.8345858
1134,1726.767151,2027.846032,3,3,1,27,12.86866854,7,41.05371918,1,0,1,Fully-Furnished,117.3093706
1135,1377.921682,1358.240474,2,2,2,2,12.72127327,9,58.75462859,0,0,1,Fully-Furnished,89.99131969
1136,1982.043584,1082.272391,4,4,3,4,9.497252358,2,42.95671484,0,0,0,Fully-Furnished,93.76738963
1137,2094.735244,,4,3,3,35,9.102654327,6,45.79969798,0,0,1,Unfurnished,159.446411
1138,886.1960924,1543.052821,5,4,2,14,5.876161411,5,38.09612125,1,1,0,Fully-Furnished,126.4609064
1139,1798.700035,2035.06304,2,3,3,16,4.908385345,1,59.3762871,1,1,0,Semi-Furnished,120.2423801
1140,1850.586371,2764.642196,4,3,1,28,6.551033209,7,54.61254711,0,0,0,Semi-Furnished,121.4510999
1141,1351.218248,1612.593318,2,1,1,3,1.945383302,1,65.7551999,0,1,0,Fully-Furnished,92.71172792
1142,2187.853407,1963.256937,2,1,2,31,9.00979422,10,25.62331746,1,1,1,Semi-Furnished,114.3369296
1143,1424.972206,1986.745272,2,2,3,37,8.195324499,9,31.74226432,1,1,1,Unfurnished,134.4247117
1144,1562.788227,2546.659609,1,1,2,3,4.266314933,4,42.23586025,0,1,0,Semi-Furnished,115.375096
1145,1413.464088,2472.595468,4,1,3,12,14.27472768,8,66.66862172,0,1,1,Semi-Furnished,117.9776552
1146,1507.789524,1823.909015,2,2,3,19,10.42765484,1,28.62400437,1,1,0,Fully-Furnished,108.3704813
1147,951.8624566,2050.919249,1,4,3,17,10.76736722,5,37.25640106,1,0,0,Unfurnished,64.84331679
1148,779.9745587,1702.576791,1,1,1,36,6.050640296,3,71.30650077,0,1,0,Unfurnished,63.50701406
1149,2297.252532,817.9100745,3,4,3,11,7.994679688,4,57.94529836,1,1,0,Semi-Furnished,132.2671597
1150,1076.519326,,3,2,1,24,10.50949068,4,66.20509712,1,0,0,Semi-Furnished,79.92150334
1151,1004.303825,3513.753409,4,3,3,29,8.611129468,8,48.63372657,1,0,1,Fully-Furnished,163.2798651
1152,423.3049432,1293.024687,3,4,2,14,14.40760314,10,76.52462148,0,0,1,Fully-Furnished,59.88453531
1153,1180.519126,1381.576232,4,2,1,35,7.184849722,10,28.23378262,1,1,1,Unfurnished,114.9457878
1154,838.4551033,1303.417783,1,4,1,7,5.981757871,,46.78384162,0,0,1,Fully-Furnished,71.74320014
1155,2321.00758,2579.673423,1,2,1,27,10.53701151,1,45.55148899,1,0,1,Unfurnished,134.6721272
1156,2004.908545,2358.788363,4,2,2,21,2.941410911,5,45.73692178,1,1,0,Unfurnished,126.0501519
1157,1155.924827,1873.169846,3,3,1,37,11.69718773,2,31.16733781,0,0,1,Semi-Furnished,98.53480223
1158,2626.217903,1265.584751,3,4,2,15,2.797152798,6,58.31718788,0,1,0,Unfurnished,154.2697237
1159,1990.882743,2073.901433,4,3,3,4,10.55433866,4,31.63067745,1,1,1,Unfurnished,125.6550909
1160,1337.584308,748.3022981,5,3,3,33,5.406905783,9,30.01466313,0,1,0,Unfurnished,102.1649462
1161,400,2114.741253,3,4,2,37,9.906336588,7,11.10644576,0,1,0,Unfurnished,76.96147734
1162,2645.471286,2697.219509,2,4,1,10,11.62937178,2,38.8676294,0,1,0,Semi-Furnished,152.3754648
1163,805.2137666,999.0406907,3,2,1,1,8.613684782,7,52.20059689,1,1,0,Fully-Furnished,64.41243187
1164,677.3006265,773.9853785,5,4,2,24,3.201516193,10,54.32678596,0,1,0,Fully-Furnished,111.2393655
1165,2011.285216,3263.550313,1,2,3,24,4.412899022,8,46.63945101,1,1,0,Unfurnished,137.6979842
1166,2719.876203,1510.592288,1,2,2,0,5.085363436,3,39.95518393,0,0,1,Fully-Furnished,145.6790958
1167,2192.136409,2908.758277,1,2,1,30,0.5,3,43.91680157,0,0,1,Fully-Furnished,126.8891792
1168,1781.95456,1876.801868,3,2,1,4,12.50991143,2,39.88077386,1,1,0,Unfurnished,113.2710157
1169,1797.377171,1870.436146,1,2,1,39,8.440430343,1,80.80920785,1,1,0,Unfurnished,91.58246184
1170,1926.707779,2350.73016,5,2,1,3,3.457927819,3,31.57536981,0,1,1,Fully-Furnished,149.3191951
1171,1879.464295,1292.800915,5,4,3,4,13.82269943,10,38.36965811,1,1,0,Semi-Furnished,158.3732123
1172,1640.595712,2105.997715,3,4,3,4,5.194687599,7,49.99262047,1,1,1,Fully-Furnished,147.8216747
1173,1552.100552,1694.808468,2,1,3,15,9.002289956,9,33.55760143,0,0,0,Unfurnished,129.0774437
1174,1468.703436,943.6052453,3,4,1,17,4.698917819,9,50.69139713,0,0,1,Fully-Furnished,88.23125919
1175,1123.017706,2269.98566,1,3,1,16,0.5,6,25.42821497,1,1,0,Fully-Furnished,136.4019325
1176,1359.662462,1789.353754,3,1,1,34,2.542237765,6,51.85787425,0,0,1,Semi-Furnished,113.9809883
1177,653.5215929,1874.380137,5,4,2,17,6.206038277,5,43.33627022,1,0,1,Fully-Furnished,122.8341007
1178,1450.830187,1031.871245,3,3,1,3,11.59318748,2,38.82007152,1,1,1,Fully-Furnished,139.2650186
1179,1005.704446,,3,4,3,30,9.386132587,,45.62206028,1,1,0,Unfurnished,85.57570035
1180,948.2053414,2701.371349,2,2,3,30,8.560820505,1,41.88565588,0,1,1,Semi-Furnished,68.73857467
1181,1589.947076,2771.324707,5,1,3,8,0.5,6,43.9569924,1,0,1,Fully-Furnished,151.4312142
1182,2196.001143,1755.644238,4,2,2,30,13.08034459,4,61.49917097,0,1,0,Fully-Furnished,83.25254308
1183,1959.158303,616.6536884,4,1,3,4,8.894718786,3,76.98525868,1,1,0,Unfurnished,78.26058835
1184,714.7496982,3562.333906,5,1,2,35,7.52232932,1,10,1,1,0,Unfurnished,105.7592977
1185,1005.185932,1951.121994,4,2,2,15,12.52969244,6,46.51808946,1,0,1,Semi-Furnished,95.09002196
1186,1970.385594,1400.960163,1,1,2,15,12.98998689,7,30.75835463,0,0,0,Semi-Furnished,74.32808591
1187,1008.756303,2333.44126,4,1,1,19,12.61836099,1,44.88210482,0,1,1,Semi-Furnished,85.24867075
1188,1387.683425,2933.69663,1,4,1,29,7.011654013,1,56.0409837,1,1,1,Unfurnished,132.0316898
1189,1775.02605,1981.559555,5,3,3,25,3.986093757,7,85.80773101,1,0,1,Unfurnished,141.3928007
1190,1015.827773,3022.860134,4,2,3,30,11.95569167,6,45.16428764,0,0,1,Unfurnished,120.0879018
1191,1552.687753,2866.399951,4,4,2,14,2.539782228,7,51.94794119,1,1,1,Unfurnished,149.7300617
1192,832.9872525,1138.89505,1,4,1,37,15.78902695,8,36.29137138,0,1,0,Semi-Furnished,83.1443844
1193,1199.316178,1460.967915,1,2,3,37,8.111998181,8,35.50742218,1,0,0,Semi-Furnished,112.7211842
1194,1659.890967,2766.029731,3,1,3,19,3.756462977,9,34.79323688,1,0,0,Semi-Furnished,138.9761748
1195,703.5031332,,2,2,1,34,3.072525783,9,39.23655883,0,0,0,Unfurnished,53.92952693
1196,1720.237369,1880.435445,4,3,2,22,2.889580704,7,42.87915731,0,0,0,Unfurnished,121.1157282
1197,1490.181101,855.3350387,2,3,3,38,8.561451627,9,71.32320986,0,0,0,Unfurnished,62.54199151
1198,1776.244977,1618.756959,2,2,3,24,7.97443072,6,44.80644304,1,1,0,Unfurnished,110.1398594
1199,1611.957067,1760.943929,4,4,1,21,3.056311306,9,58.32611666,1,1,1,Fully-Furnished,147.6805492
1200,2182.070215,1713.404498,1,2,1,7,6.574176854,2,54.41116513,0,1,1,Semi-Furnished,134.5105629
1201,1562.612251,1558.190998,3,3,2,8,2.528258456,2,64.28351739,1,0,1,Semi-Furnished,126.9285374
1202,1285.297229,1122.28508,5,2,2,14,10.35720722,6,21.46856288,1,1,1,Fully-Furnished,87.86198405
1203,1561.148752,3833.529013,4,1,3,19,7.781626936,3,55.14537566,1,1,1,Semi-Furnished,159.2116648
1204,1771.649015,3493.969603,4,2,2,34,6.486389976,2,53.4442923,0,1,0,Unfurnished,122.6289499
1205,1524.430035,1070.347344,5,4,3,36,2.84755708,8,48.50251674,0,1,0,Semi-Furnished,107.6079315
1206,1520.295846,3265.693401,2,1,3,2,6.799377599,7,66.14434517,1,0,0,Unfurnished,123.9044548
1207,1149.004156,1680.427608,3,3,1,33,6.341088475,8,48.18717449,1,1,1,Unfurnished,131.0194445
1208,1168.549541,2103.349979,2,2,3,33,9.270906805,6,63.18388189,1,0,0,Unfurnished,70.93068192
1209,798.6973641,1949.380832,5,4,1,35,8.668071912,9,52.55103801,0,1,1,Fully-Furnished,102.0836773
1210,2374.788372,1472.201087,5,4,3,34,11.16824041,9,53.7102838,0,0,1,Semi-Furnished,118.1624211
1211,878.0683823,2787.081875,3,3,3,8,6.061693826,2,54.74267846,0,1,0,Unfurnished,125.4272706
1212,1153.547401,2100.709224,5,2,3,29,0.558353991,10,47.00943208,0,1,1,Semi-Furnished,129.5917652
1213,1140.796367,1618.758861,5,4,2,25,11.96437151,5,73.45959986,0,0,1,Fully-Furnished,78.93959399
1214,1947.462188,956.328445,3,1,2,11,4.255869948,9,66.13380043,1,0,0,Semi-Furnished,116.8229017
1215,1352.525161,1285.123989,4,2,1,23,3.572331788,3,49.10697072,1,0,0,Semi-Furnished,81.32219655
1216,2123.871036,686.8959075,2,3,3,18,7.82753382,5,52.56476615,0,0,0,Semi-Furnished,117.5290754
1217,1163.254688,2009.778839,4,1,1,15,9.209082052,8,57.21484029,0,1,0,Semi-Furnished,132.1014467
1218,1639.497081,1042.667526,4,2,1,25,5.876654377,2,62.15100702,0,1,1,Fully-Furnished,80.55588718
1219,1082.326473,1787.55159,2,4,3,22,5.845229274,6,74.19052286,0,0,0,Semi-Furnished,114.0679875
1220,2572.574564,3096.081483,4,3,2,32,6.435894729,4,63.6016551,1,1,0,Unfurnished,180.7270442
1221,906.2007905,2959.439658,3,3,2,29,13.6661614,6,47.3836376,1,1,0,Fully-Furnished,100.1512298
1222,1654.910355,1974.178485,2,2,1,22,7.98928765,3,37.73683021,1,1,0,Semi-Furnished,121.1103246
1223,1816.88844,1930.332219,1,3,2,9,4.128148642,6,64.88257007,1,0,1,Semi-Furnished,135.3273742
1224,1706.899549,3503.89964,4,1,3,35,4.168866572,7,54.33550733,0,1,1,Unfurnished,145.3723574
1225,1407.356171,2416.604896,5,2,3,30,6.996463282,,35.26166461,0,1,1,Fully-Furnished,125.3183329
1226,1435.08965,1737.754832,2,1,2,21,8.951431736,3,62.80027176,0,0,0,Fully-Furnished,95.08193333
1227,1521.905736,859.1855063,1,3,2,37,9.935920648,5,72.74630609,1,0,0,Unfurnished,67.32424686
1228,1426.498999,2315.098575,5,3,1,1,8.496634415,8,50.10643374,1,1,1,Semi-Furnished,158.7185962
1229,1981.939558,2663.459018,1,3,2,22,4.632506596,2,73.49906886,1,1,1,Semi-Furnished,126.3872041
1230,2605.261501,1494.67878,4,1,1,34,6.304234802,7,61.49283578,1,0,0,Fully-Furnished,161.2854302
1231,1221.254107,2232.962204,5,3,3,36,10.93563153,1,32.62118562,1,1,1,Fully-Furnished,93.7905631
1232,815.0985102,1709.141364,4,2,3,31,3.415632158,7,56.33834942,0,0,0,Semi-Furnished,128.6387019
1233,1455.858976,1852.774081,5,4,3,11,6.136986428,1,23.43260124,1,1,0,Unfurnished,120.8029487
1234,2789.854669,,2,2,2,34,10.38985143,4,55.31057576,1,0,1,Unfurnished,132.2108852
1235,1098.162716,1822.574877,3,4,2,2,11.50112571,4,34.63046467,1,0,1,Semi-Furnished,127.2686174
1236,2319.558403,2775.495442,3,3,2,33,7.228338516,5,52.88467547,0,1,0,Unfurnished,145.4689053
1237,2338.850407,1494.877956,1,2,1,37,6.355172758,2,60.16325408,1,0,0,Fully-Furnished,123.6314294
1238,1223.205879,2042.021095,5,1,1,23,2.711528234,6,41.17622048,1,1,1,Semi-Furnished,112.7601828
1239,1784.49154,1395.239435,4,4,1,37,10.10255969,,75.35725012,0,1,1,Unfurnished,91.47172811
1240,2314.198312,2288.353341,2,1,3,16,13.27511874,8,36.17786288,0,1,1,Unfurnished,145.3783785
1241,1310.43613,1826.781442,2,4,1,39,18.26061623,10,17.91960716,0,1,0,Fully-Furnished,103.5991447
1242,1398.20982,1248.606767,2,3,2,0,9.545784734,1,49.56672909,1,1,1,Fully-Furnished,100.6064697
1243,1209.159543,3066.041174,3,2,2,7,7.796481393,4,70.47798413,1,0,1,Semi-Furnished,130.0423392
1244,992.6216347,,4,4,3,14,4.320757547,2,49.68504591,1,1,1,Fully-Furnished,111.7168527
1245,1175.361227,1516.074589,2,2,2,24,0.5,8,41.10478072,1,1,0,Fully-Furnished,111.0071607
1246,888.0298666,2398.230648,2,4,2,7,8.707836999,4,25.26986622,0,1,0,Semi-Furnished,101.6572199
1247,1517.041734,,1,4,2,31,17.40135648,8,41.42803386,0,0,0,Unfurnished,102.0028748
1248,1115.013384,2513.840988,5,3,1,12,13.08324892,2,32.86789665,0,0,0,Fully-Furnished,102.3553009
1249,1616.892956,644.5952832,5,4,1,14,12.46625708,4,53.65488121,0,0,0,Semi-Furnished,76.0174741
1250,722.0521769,2805.285233,5,1,2,5,8.982411268,9,54.92621399,1,0,1,Fully-Furnished,122.9180356
1251,1665.440116,1544.24083,1,4,2,32,9.438092641,5,35.76575151,0,1,0,Fully-Furnished,93.40156812
1252,1916.764481,1713.737653,3,4,2,6,0.5,6,45.10618927,1,1,1,Unfurnished,167.6186291
1253,503.1321787,4110.305402,1,4,2,32,11.05004232,10,71.69302628,1,0,0,Fully-Furnished,123.7589967
1254,1687.028285,2241.498705,2,3,1,28,5.682637722,9,43.61078682,0,0,0,Fully-Furnished,119.1319654
1255,2113.834496,1690.94202,4,2,3,37,5.193090614,9,43.23006287,1,0,0,Fully-Furnished,129.365912
1256,895.1794907,500,2,2,2,36,6.706972188,7,52.79769372,1,0,1,Unfurnished,81.41236146
1257,2336.286193,3111.811307,2,3,1,31,6.571982042,2,28.85151553,1,1,0,Fully-Furnished,163.1288453
1258,1709.509505,923.8322634,4,1,2,2,5.129457632,7,64.2471808,0,0,1,Semi-Furnished,137.0712413
1259,1147.494072,1197.248877,5,1,3,19,8.055488289,9,43.80339908,1,1,1,Semi-Furnished,107.0387149
1260,1472.115461,1734.918161,1,3,1,13,5.766889615,2,32.62883968,1,1,0,Unfurnished,89.26454327
1261,1779.163456,3133.129433,3,2,1,27,8.401291823,7,58.05932329,1,0,1,Unfurnished,151.4524572
1262,1538.002696,2618.591989,2,1,3,37,2.051288742,7,42.6842327,0,1,1,Unfurnished,149.3791345
1263,1769.377996,1873.729992,2,3,3,3,7.143768917,3,36.86260735,1,1,0,Fully-Furnished,130.6518109
1264,1039.663203,2246.633651,3,2,1,14,3.614817641,6,51.08972975,1,0,1,Unfurnished,113.4283513
1265,1584.680412,1519.691446,1,1,3,16,5.434202726,8,65.77655463,1,1,0,Semi-Furnished,134.3073939
1266,793.1427515,2111.722952,2,1,2,36,8.573595372,10,43.83955308,0,0,0,Semi-Furnished,63.29593085
1267,1444.386969,2058.669396,3,3,3,23,1.584009541,8,35.52234819,0,0,1,Fully-Furnished,122.5477261
1268,1048.046179,2775.015917,2,2,3,37,4.710370491,3,16.31285273,0,0,1,Fully-Furnished,95.4351625
1269,1132.235029,2773.742498,5,1,1,35,10.27585754,6,28.24930513,1,1,1,Fully-Furnished,117.2045625
1270,2118.046588,2395.181906,5,3,3,7,2.347288633,2,42.7643964,1,1,1,Fully-Furnished,180.9425421
1271,2045.65506,1710.121954,2,1,1,2,15.11146856,2,30.38843919,1,0,0,Semi-Furnished,91.67832002
1272,1804.56906,2593.457836,2,2,2,29,12.81763182,,39.51813175,1,0,0,Semi-Furnished,134.0349937
1273,953.8436177,1926.425227,5,4,3,21,6.021891662,10,78.92021098,1,1,1,Unfurnished,111.9255527
1274,1341.795775,1134.468505,2,1,3,32,4.851161249,5,68.46718866,0,1,0,Fully-Furnished,89.23281195
1275,2106.54885,1677.369766,1,2,1,24,8.807759613,5,37.72859694,0,0,1,Semi-Furnished,81.60079004
1276,1570.858457,2067.621587,1,1,1,29,2.210150972,4,52.0714249,1,1,0,Semi-Furnished,76.40676207
1277,2659.66477,2728.172627,4,4,3,36,0.5,10,33.79182255,0,1,1,Unfurnished,183.8147244
1278,1696.65892,1853.177462,1,4,1,2,6.162659504,4,73.43172414,0,1,1,Semi-Furnished,144.8770392
1279,1596.024558,1032.641031,2,1,3,3,7.463804934,8,51.06704005,1,1,1,Semi-Furnished,135.5300351
1280,1345.441768,2045.393347,2,3,2,28,8.377708897,3,65.75328915,1,1,1,Fully-Furnished,84.63462764
1281,1566.770452,2090.764832,3,1,3,31,5.541037536,3,38.20018,0,0,0,Unfurnished,116.6617892
1282,1423.765082,2148.670103,1,2,2,22,13.09578692,8,74.0187585,0,0,0,Fully-Furnished,99.98288839
1283,1854.054338,2735.897213,5,3,2,18,2.019441366,3,43.40079478,1,0,1,Fully-Furnished,157.2708193
1284,1978.351158,2815.138592,5,2,1,14,3.44695146,2,23.51318943,1,0,1,Unfurnished,186.3698776
1285,1107.00527,1524.631302,4,2,1,15,9.946543825,5,47.39738313,1,0,0,Unfurnished,80.99517347
1286,834.3835232,1507.085234,3,3,1,22,3.353410457,3,39.69688828,0,0,1,Fully-Furnished,103.2986537
1287,581.8973134,1167.841031,5,4,1,39,3.198718191,6,65.07630367,0,1,0,Fully-Furnished,77.50098047
1288,1753.995663,2559.052536,4,2,3,36,8.493419169,7,40.6937249,1,1,1,Fully-Furnished,161.6153293
1289,948.3166969,3159.056087,1,1,2,0,3.785909519,3,58.06732606,1,0,1,Fully-Furnished,125.6715326
1290,423.5547035,1747.934458,3,4,3,18,7.467662288,9,39.76634509,1,1,0,Unfurnished,91.00729591
1291,1694.289302,1806.855548,3,4,2,36,5.200573761,10,37.31251769,1,0,0,Semi-Furnished,111.1652054
1292,2746.499759,3173.426046,2,3,2,34,4.553345187,1,50.01221473,1,0,0,Unfurnished,160.3861664
1293,1496.964544,2404.446283,1,1,2,29,0.5,7,57.97630366,0,0,0,Semi-Furnished,95.09256373
1294,1919.245387,2348.988564,3,1,3,16,8.558252611,4,26.59346791,0,1,1,Unfurnished,91.85442384
1295,1540.914679,1047.266795,4,4,1,38,3.011240032,7,63.84398747,1,1,1,Fully-Furnished,133.1156362
1296,1450.555173,2542.982455,5,2,3,25,7.327031186,,64.05607607,1,1,0,Semi-Furnished,146.7666392
1297,1959.538241,1256.690928,1,2,2,12,5.951580407,9,45.43165741,1,1,0,Unfurnished,124.4861479
1298,1354.862728,1092.783851,1,1,3,21,7.173967765,1,47.14592281,0,0,1,Unfurnished,91.39006196
1299,1633.696157,1722.582739,3,4,2,22,7.401298504,10,10.27062109,1,1,1,Unfurnished,150.9908641
1300,1660.848903,1531.365821,3,4,1,32,8.774513004,4,77.03973896,0,1,1,Fully-Furnished,107.1603043
1301,1165.954773,1822.720244,3,4,1,26,5.088962794,7,45.1745847,0,1,0,Unfurnished,78.53852783
1302,1996.021175,847.2146924,4,3,3,34,12.97078592,10,66.25920352,1,0,0,Unfurnished,110.6615523
1303,1412.520122,2767.053045,2,1,1,11,0.610399757,6,40.92398542,1,0,1,Fully-Furnished,129.1268604
1304,1122.12742,2902.149036,3,1,2,8,7.093635526,9,,1,1,0,Semi-Furnished,156.8887618
1305,1768.254922,500,2,2,2,33,11.34492391,7,57.84583979,1,1,1,Semi-Furnished,105.8765106
1306,1050.766009,2782.766245,2,2,1,13,9.907090212,3,43.11624158,1,1,1,Fully-Furnished,125.0524324
1307,1514.090579,1351.577096,1,1,1,36,4.100657694,7,26.52208299,0,0,0,Semi-Furnished,108.1435988
1308,1495.440502,2685.58043,5,1,1,2,4.767018028,,48.11187742,0,1,1,Unfurnished,149.3726996
1309,2042.947783,1945.242806,5,2,3,20,3.972829763,5,28.78387661,1,0,0,Unfurnished,167.1252199
1310,1737.349116,2023.020451,4,1,3,6,10.39691052,2,37.05806735,1,0,1,Semi-Furnished,109.4757277
1311,1487.486521,1851.92188,4,2,2,32,5.040305086,10,40.54992751,1,1,1,Semi-Furnished,126.1634293
1312,1908.88315,2969.703363,5,1,3,34,9.020492352,3,51.1844521,1,0,0,Semi-Furnished,146.4884772
1313,2195.103775,1008.32959,5,3,3,10,9.057205656,6,40.35504854,1,1,1,Fully-Furnished,125.8433862
1314,1778.905153,2486.272271,1,3,2,31,17.47357387,6,31.71026053,0,1,1,Semi-Furnished,111.5011896
1315,1505.17631,2881.064132,1,4,2,21,9.253005039,7,52.81663797,0,1,1,Fully-Furnished,138.7565174
1316,844.0818838,2573.072064,5,1,1,18,4.755423941,6,59.78375747,0,1,1,Semi-Furnished,120.6248758
1317,967.4431685,3859.759131,3,2,1,35,2.159398952,9,29.20435027,0,0,1,Fully-Furnished,120.5680966
1318,1347.387648,1576.84259,3,1,3,36,6.896589141,5,50.28610686,1,1,1,Fully-Furnished,124.4918539
1319,1195.243899,,1,1,2,10,7.52365663,5,61.28669999,1,1,1,Unfurnished,105.4284287
1320,1406.514349,1915.127492,2,4,3,12,0.5,8,51.52203997,1,0,0,Semi-Furnished,129.5207915
1321,1528.324962,2986.724861,5,2,3,27,5.144583359,8,31.84363948,0,0,1,Unfurnished,129.6971402
1322,1764.846377,1993.848803,4,1,2,14,9.189410171,1,53.59141548,0,1,0,Unfurnished,82.6251755
1323,1464.750611,1689.699375,3,2,2,12,5.870577319,3,49.9947604,1,0,1,Fully-Furnished,102.4563065
1324,1743.250822,3044.857763,2,1,2,32,11.87449514,,52.27999979,0,1,0,Fully-Furnished,111.5893928
1325,1532.237207,,3,4,2,7,1.766574221,6,50.56651238,1,1,1,Fully-Furnished,118.3664767
1326,512.2667168,869.8193929,2,2,3,31,10.70753128,1,19.72151352,1,1,0,Fully-Furnished,76.98632301
1327,1030.332303,1586.522493,5,1,3,36,11.65555897,2,47.39719039,1,0,1,Unfurnished,85.57746113
1328,1427.956222,2495.226357,5,3,3,3,11.8259859,10,64.25436402,1,1,0,Fully-Furnished,143.0324299
1329,895.1526286,3113.631001,5,2,2,17,1.736574461,7,71.55628767,0,0,1,Unfurnished,123.830966
1330,1799.964365,2088.9035,1,4,1,22,9.258211183,1,64.91572149,1,0,1,Unfurnished,112.3907909
1331,2265.375416,3054.557654,2,3,3,28,5.324983526,10,50.38754077,1,1,1,Semi-Furnished,179.0322615
1332,2109.380926,913.4600628,4,2,1,1,2.375430232,5,60.37630252,1,1,1,Semi-Furnished,132.0097196
1333,1393.278565,1645.389228,4,2,1,12,6.3445291,1,58.14488423,1,1,1,Fully-Furnished,78.24022085
1334,2245.363068,1769.139906,5,2,1,15,4.380088032,6,46.51886699,1,0,1,Unfurnished,119.3137388
1335,1574.333729,1908.352458,4,2,2,7,11.68300187,7,67.23971256,0,0,1,Unfurnished,121.4461798
1336,1331.457014,2067.275511,3,1,2,18,10.05225337,8,40.29975496,1,1,0,Unfurnished,106.6850093
1337,1193.298668,2552.728766,2,1,3,31,3.390222128,3,48.38468352,1,0,0,Semi-Furnished,140.092696
1338,1348.765157,1644.154529,2,2,3,2,5.103114745,,63.53208826,0,0,1,Unfurnished,121.0755348
1339,1305.911591,2111.22295,2,4,2,31,6.477210298,1,36.24769912,1,0,0,Unfurnished,104.4435154
1340,1585.208111,1963.901688,3,1,2,20,7.710379411,3,29.96286636,1,1,0,Unfurnished,87.40320744
1341,1580.286991,1259.288077,1,2,1,24,12.0255131,5,35.4452156,1,1,1,Semi-Furnished,90.7273302
1342,1501.52301,1909.066649,3,2,2,16,10.76312931,6,56.66245562,1,0,0,Fully-Furnished,120.2251584
1343,1718.469085,1885.072376,2,4,2,24,8.205567876,3,83.50301188,1,0,1,Fully-Furnished,117.1188701
1344,2095.323137,1867.935548,2,4,2,32,6.9574046,4,67.96715204,1,1,1,Fully-Furnished,118.4145152
1345,1974.777068,2025.407565,2,4,2,30,0.906583862,,61.74143552,1,0,1,Semi-Furnished,117.9189962
1346,757.5510158,2060.538832,4,3,1,35,13.1679905,5,73.48964413,0,0,0,Semi-Furnished,78.55729499
1347,400,1654.163857,1,2,3,22,6.211613609,9,54.34120828,1,1,1,Fully-Furnished,82.08693973
1348,1967.159956,3018.171787,3,4,1,24,14.21936096,8,40.73246875,1,1,0,Fully-Furnished,136.4594119
1349,816.5606508,1064.415497,2,2,2,29,8.784437169,1,49.07958092,1,1,1,Semi-Furnished,71.58730819
1350,1387.617299,1423.223913,5,1,2,12,16.10113683,2,45.98698162,0,0,1,Fully-Furnished,111.1239343
1351,914.943487,4223.970899,1,2,3,28,10.42528613,5,35.55362763,1,1,0,Unfurnished,118.7251963
1352,599.0097812,1169.606916,5,2,3,15,2.271921475,3,46.87471322,1,0,1,Semi-Furnished,113.4926042
1353,1770.731364,916.9962602,1,3,3,37,5.542338079,,26.60141648,1,1,1,Fully-Furnished,107.5064093
1354,1879.57758,2587.581396,2,1,1,26,7.323460157,6,45.16069577,0,1,1,Fully-Furnished,107.4889301
1355,1211.7448,500,1,1,3,25,4.504868452,2,48.53399882,1,1,0,Semi-Furnished,69.50733778
1356,400,1811.780872,1,3,2,10,6.491756731,8,47.40603744,0,1,1,Semi-Furnished,94.97087953
1357,1226.877776,3716.65994,2,4,2,36,2.532243366,5,75.2433613,0,1,0,Unfurnished,101.1251132
1358,1695.902003,764.0512623,5,4,2,2,8.022885124,6,53.00477656,1,1,1,Semi-Furnished,114.2656864
1359,760.5442156,500,5,2,1,25,8.949647796,8,76.46986976,1,0,0,Semi-Furnished,74.73229602
1360,1591.67996,800.6550384,4,3,3,33,3.983562371,6,29.41374913,0,1,0,Unfurnished,95.21045671
1361,1492.345075,2718.687655,5,4,3,32,15.76101717,10,63.14538205,1,0,1,Fully-Furnished,142.3629254
1362,1789.64575,2899.821376,5,1,3,14,8.254053045,3,53.20959386,0,1,0,Semi-Furnished,112.3957085
1363,1559.790184,1589.928962,1,3,3,1,4.733036536,7,48.53817578,1,0,1,Fully-Furnished,114.784503
1364,1013.46553,2546.569923,4,4,2,27,1.4818428,4,30.11548435,0,0,1,Unfurnished,129.5910054
1365,2098.285751,3112.204262,2,1,1,19,8.239771558,6,55.10364065,0,0,1,Semi-Furnished,140.917579
1366,1420.735213,3429.877132,2,3,3,37,6.958045869,,84.11421192,1,1,0,Unfurnished,99.84596303
1367,1486.34773,1802.931775,3,2,2,15,11.13216363,,56.60943863,0,0,0,Fully-Furnished,100.8050377
1368,1033.36602,500,4,2,2,3,7.42651894,1,49.30677365,1,1,0,Unfurnished,104.512488
1369,1278.358874,1343.296862,1,1,1,7,3.225124871,8,52.23020694,0,0,1,Semi-Furnished,98.172739
1370,1057.598643,1658.556644,3,4,3,19,14.68287318,10,58.84463132,0,1,1,Semi-Furnished,97.66799011
1371,1413.52697,1792.848963,3,4,1,25,9.742499518,2,73.43917638,1,0,1,Fully-Furnished,117.2767325
1372,2355.85424,1849.712479,2,3,3,31,6.983565154,4,44.45421003,0,0,1,Fully-Furnished,123.4962982
1373,814.0494285,2895.115678,5,1,1,12,8.658554126,3,52.77462063,0,1,0,Fully-Furnished,111.4198402
1374,693.2193011,3019.542741,1,4,3,4,9.896167826,6,50.07241972,1,0,0,Fully-Furnished,106.8390584
1375,2235.585164,1862.661077,4,2,3,12,2.284573544,1,43.16579479,0,0,0,Semi-Furnished,116.8014977
1376,1395.338161,2878.787901,3,1,1,10,8.63077688,9,52.94260329,0,0,0,Semi-Furnished,109.3300509
1377,1165.463631,2286.129093,1,2,3,36,6.199506107,5,72.95962034,0,0,0,Semi-Furnished,51.61358015
1378,2019.952344,2051.604778,2,1,1,31,10.02919994,5,40.21954231,0,1,0,Unfurnished,122.7233002
1379,1197.19223,2725.235326,3,3,1,17,5.039272302,4,55.52646846,0,0,0,Unfurnished,118.6175025
1380,2413.004857,2057.801639,3,4,3,28,5.58119258,4,56.03789721,1,1,0,Fully-Furnished,151.0252111
1381,1838.962936,3646.248942,2,4,3,14,14.65148439,1,49.85282613,1,1,1,Fully-Furnished,141.1233444
1382,1256.044296,849.2710666,2,4,1,19,12.92364836,9,56.45589341,1,0,1,Fully-Furnished,104.7176341
1383,2578.654107,1587.863281,2,2,2,35,0.5,9,55.80114543,0,0,0,Semi-Furnished,144.8774864
1384,1197.142538,1898.784882,1,4,1,4,12.62704793,4,36.2849461,1,1,0,Unfurnished,116.7260001
1385,1871.047686,2351.562152,1,1,2,39,7.705391895,10,49.09824037,0,0,0,Fully-Furnished,115.4950143
1386,1649.64629,3014.36839,1,2,2,36,5.167271748,10,49.77140119,1,0,1,Fully-Furnished,129.7546184
1387,2150.870645,1980.481146,5,3,1,32,3.971301057,4,34.26472457,1,1,0,Semi-Furnished,135.0673976
1388,2280.755598,862.2162804,3,2,1,17,4.203529487,7,50.8843307,0,1,0,Unfurnished,92.80849006
1389,1516.002075,2674.011117,1,3,1,18,5.280256221,4,49.58629356,1,0,0,Fully-Furnished,98.34208931
1390,1123.291065,2603.967013,5,2,2,31,3.491469665,1,80.34954374,0,0,0,Fully-Furnished,102.1893726
1391,1729.986071,500,3,4,1,21,2.581601356,9,37.63029786,0,0,0,Fully-Furnished,127.6465621
1392,1161.142315,1996.956693,1,3,1,0,3.838479397,2,65.00524334,0,0,0,Fully-Furnished,109.7143275
1393,2506.693624,727.8865355,2,4,3,24,9.29357542,5,57.09949089,0,1,1,Unfurnished,126.5776566
1394,1568.267666,1468.279122,4,2,3,19,8.200360594,4,65.49462587,1,1,1,Unfurnished,104.0800973
1395,1317.339224,1277.752858,1,3,3,34,10.22342581,8,37.98154956,0,0,1,Fully-Furnished,100.9020386
1396,1592.340153,2647.411759,4,1,1,5,7.734520643,6,21.76054499,0,1,1,Semi-Furnished,141.8822643
1397,826.4368552,2093.464139,1,1,1,5,2.773282677,7,48.38963299,0,1,1,Fully-Furnished,94.51207887
1398,1014.192981,,2,2,1,36,9.977763694,2,61.55894226,0,1,1,Semi-Furnished,69.97255164
1399,2100.206954,2704.05277,4,3,2,2,3.981242885,4,45.17720618,1,0,0,Fully-Furnished,165.9469071
1400,1171.552861,852.9553409,5,1,2,36,10.58645721,4,47.78864384,0,1,1,Fully-Furnished,55.3573003
1401,976.5445087,2264.091032,2,4,3,30,3.336319988,2,79.63156725,1,0,0,Semi-Furnished,92.83509819
1402,1768.326376,1348.791465,4,4,2,34,5.250093494,10,39.08745601,1,1,1,Fully-Furnished,152.8594918
1403,2092.852077,1707.458334,4,2,2,14,6.554433438,,63.88127018,0,1,0,Unfurnished,141.6807193
1404,1859.476655,2403.416598,2,4,2,16,10.6976192,9,35.2872061,1,0,1,Semi-Furnished,142.2047746
1405,1998.023843,2417.159519,2,4,3,14,8.703989009,8,67.25243552,0,0,0,Unfurnished,118.8423264
1406,1121.602456,,2,4,3,4,8.080005289,1,48.95282826,0,0,1,Semi-Furnished,101.3912749
1407,789.0946666,1934.19704,3,1,2,21,15.54267514,8,57.32500766,0,0,1,Unfurnished,94.84368314
1408,2250.666826,2245.16069,5,3,1,10,0.652067355,,40.36183736,1,0,0,Fully-Furnished,153.9696078
1409,1338.660081,1649.810142,1,2,3,27,3.846489429,8,51.41269855,0,0,1,Fully-Furnished,112.767786
1410,1374.583492,2145.591906,4,3,2,13,3.675246088,10,52.53136547,1,0,1,Semi-Furnished,153.0992426
1411,2164.097071,2351.588838,1,3,1,38,0.91739076,1,28.7957313,0,1,1,Unfurnished,122.4352902
1412,1778.115005,1921.352122,2,3,1,2,5.121921948,8,42.60036052,0,1,0,Fully-Furnished,127.0446096
1413,1727.943886,556.9996127,5,1,3,10,10.75107666,5,54.00788773,0,1,0,Unfurnished,115.6467496
1414,2582.501172,2265.176717,5,4,1,29,5.633410406,9,38.69353291,1,0,0,Unfurnished,158.5250842
1415,1178.240885,2291.649182,3,2,3,37,6.667988112,9,52.63043087,0,1,0,Semi-Furnished,113.2214147
1416,1963.920064,,2,3,2,4,1.109780688,6,47.22306863,1,0,1,Fully-Furnished,134.9956707
1417,1528.506562,972.4903711,4,4,3,21,4.813897699,3,58.91537654,0,1,0,Semi-Furnished,85.64219506
1418,1634.296139,3180.70332,3,1,1,12,6.153205138,7,47.47289023,1,0,1,Semi-Furnished,149.5595935
1419,2264.234213,2393.156409,2,3,3,20,10.56960169,3,85.71316138,0,0,1,Fully-Furnished,154.5439274
1420,1753.917878,1816.735175,3,4,3,36,1.300334408,7,20.45882316,0,0,1,Unfurnished,135.796584
1421,1769.14804,1090.373693,1,1,2,24,6.179965017,8,38.10467487,1,1,1,Semi-Furnished,123.2705073
1422,2036.253669,,2,4,1,20,12.34727212,5,60.17140974,0,1,0,Fully-Furnished,119.5332398
1423,1317.523635,3042.072317,4,2,3,27,6.219666858,5,52.78403952,0,1,1,Unfurnished,154.2389941
1424,1080.395166,2110.129553,4,4,2,3,0.5,4,56.54458281,0,0,1,Unfurnished,119.1373227
1425,977.595403,,2,4,2,28,13.11670311,3,10,1,1,1,Unfurnished,61.99927818
1426,516.8217053,2407.751385,3,2,2,34,10.93958777,8,47.26883126,1,1,0,Semi-Furnished,107.2754203
1427,2528.103565,1348.48145,5,2,2,22,11.4775887,6,50.09282676,1,1,1,Semi-Furnished,123.7616924
1428,948.3958171,3200.674424,2,4,2,6,1.024865413,6,59.12608019,1,1,1,Fully-Furnished,136.3253139
1429,1389.373188,3082.240428,4,2,3,8,14.0498229,2,55.33357681,0,0,1,Unfurnished,108.9861757
1430,1361.59335,1626.740743,1,4,3,22,4.90689566,4,50.19561536,0,0,1,Unfurnished,92.66648225
1431,1653.703349,1497.063802,4,3,1,2,5.962244223,5,48.46914833,1,0,1,Fully-Furnished,141.2287143
1432,1907.868606,500,5,4,3,8,5.188891336,10,31.10648961,0,1,0,Unfurnished,141.0005468
1433,1930.236744,814.7353828,4,1,1,3,11.78774873,5,55.1754223,1,0,0,Unfurnished,90.83249763
1434,1208.461281,928.42418,5,2,1,24,7.28080659,3,48.15463642,0,0,1,Fully-Furnished,103.6342032
1435,1416.439143,2108.152273,2,3,1,5,9.92696413,10,43.5226847,1,0,1,Fully-Furnished,123.4173093
1436,1641.289975,1739.013036,4,2,3,17,8.303604092,5,49.80313942,1,1,1,Semi-Furnished,154.9875486
1437,1375.654437,923.7316101,3,2,2,6,7.619831985,5,44.60367334,1,0,0,Semi-Furnished,89.90735117
1438,2303.672788,,3,2,1,34,4.212863745,2,28.29325099,0,1,1,Semi-Furnished,124.9910734
1439,1745.487476,2404.269718,4,1,2,30,15.24856235,5,59.85367068,1,0,1,Fully-Furnished,107.8112305
1440,1867.438893,2422.27148,4,1,1,37,2.146425486,3,78.0776866,1,1,1,Semi-Furnished,114.7578852
1441,1831.440634,500,1,4,3,31,9.649015896,3,54.1586913,0,0,1,Unfurnished,97.69273554
1442,2086.736929,1897.389216,4,1,1,34,9.506626368,5,54.43062095,0,1,1,Semi-Furnished,110.8896278
1443,1590.510779,893.3273784,1,2,3,27,12.61742514,9,72.49344362,0,1,1,Semi-Furnished,89.70626141
1444,851.584026,2721.382958,1,3,2,4,13.55236013,2,78.54753786,1,1,0,Semi-Furnished,104.7976865
1445,1699.843976,2627.317133,1,3,3,29,7.450445602,9,47.36382212,0,1,1,Fully-Furnished,163.9779503
1446,1174.321553,1281.578219,1,3,2,21,10.12157722,3,39.16676755,1,1,1,Unfurnished,84.35987529
1447,1235.691659,1387.163838,2,2,3,16,15.05949484,7,56.54700238,0,0,1,Fully-Furnished,80.69118238
1448,1793.182009,1630.98636,3,1,1,9,7.739292932,1,52.36275553,1,1,0,Unfurnished,101.6911276
1449,2119.141536,500,1,3,1,6,3.7342661,1,64.49303322,1,0,1,Semi-Furnished,118.8121628
1450,1510.635788,,3,2,3,3,6.462127549,8,50.05599881,1,1,0,Semi-Furnished,127.2975897
1451,1654.416506,1781.724363,1,2,2,26,2.781416006,9,51.15123815,0,0,0,Unfurnished,94.66597395
1452,2351.107472,2776.140066,3,3,2,6,9.487267244,3,35.59501465,1,0,0,Fully-Furnished,154.0297452
1453,1620.37659,1121.272626,4,3,2,22,12.25782483,6,65.32007496,1,0,1,Fully-Furnished,113.4741166
1454,2800.841557,1504.701641,4,4,3,10,7.515834032,3,40.4695635,1,1,1,Semi-Furnished,163.171806
1455,1782.754823,794.7797936,3,4,3,7,1.516159802,6,32.09899981,0,0,0,Unfurnished,119.9084417
1456,619.6186204,1196.567549,1,2,3,7,12.08660334,7,10.21225047,0,1,1,Unfurnished,91.32231136
1457,1876.670811,1054.414403,2,4,3,36,0.894804154,5,48.48226554,0,1,1,Unfurnished,119.3874657
1458,1690.579192,2796.778943,3,4,2,4,1.816180888,3,39.34431577,1,0,1,Unfurnished,157.1619592
1459,2144.876377,1441.390521,5,3,2,6,7.28664645,8,46.49448311,1,1,0,Semi-Furnished,133.1492132
1460,1836.590676,2099.340548,2,4,3,21,9.007140983,5,42.66899018,0,0,0,Fully-Furnished,102.5887285
1461,1430.772008,1695.389277,5,2,3,35,9.688989995,1,44.5204551,1,1,1,Semi-Furnished,94.14339826
1462,887.8508819,984.4277872,3,3,2,1,7.735441792,9,37.64783008,0,0,1,Unfurnished,64.04964943
1463,1395.488371,1865.359661,1,4,2,23,15.04017506,3,38.78128061,0,1,1,Fully-Furnished,82.61629344
1464,1074.739773,2479.282665,5,4,1,1,8.260673364,2,35.76318311,0,0,0,Semi-Furnished,123.4563547
1465,1209.738275,1033.792486,3,4,3,11,12.13867241,3,47.04957696,0,1,1,Unfurnished,108.0631046
1466,1794.289202,2647.290233,2,1,1,25,11.14781826,7,32.82216398,0,1,0,Semi-Furnished,98.76349867
1467,2334.952252,1320.223263,1,4,2,37,2.828505071,10,68.86722695,0,0,0,Unfurnished,97.20970778
1468,1697.335765,1613.612859,5,4,2,5,7.321078051,8,49.86417485,0,1,0,Semi-Furnished,132.7838139
1469,902.058469,2424.546498,3,2,3,22,16.49328205,2,26.96870422,1,1,1,Semi-Furnished,107.8393106
1470,1722.301334,1469.251074,1,4,1,1,5.982596584,7,53.29667891,1,1,1,Semi-Furnished,122.0109053
1471,2098.315743,2030.059887,1,1,2,25,5.301517903,5,36.52802565,0,1,0,Unfurnished,112.5964462
1472,1195.108548,1748.247337,4,3,1,13,8.682302326,9,65.67412963,1,0,1,Fully-Furnished,125.4697399
1473,1432.991417,2103.494405,1,4,1,17,6.125920283,7,40.80207495,0,1,1,Fully-Furnished,148.3227817
1474,1507.344097,500,3,4,1,37,4.825181682,1,70.90039912,1,0,1,Unfurnished,74.70390864
1475,1107.550843,536.2545478,2,2,1,31,6.066866423,1,64.99569478,0,0,0,Fully-Furnished,62.07815192
1476,1824.140217,2492.773605,4,4,1,13,13.72803869,6,100,1,1,1,Fully-Furnished,136.7238505
1477,1439.525926,2829.745125,3,4,3,29,7.453525234,9,51.4619032,0,1,1,Semi-Furnished,153.5100856
1478,1709.766222,1271.610637,3,4,3,12,2.687699869,1,60.34264304,1,0,0,Semi-Furnished,96.09435434
1479,1056.253911,1804.777318,3,4,1,39,1.953013848,3,50.18900317,0,0,0,Unfurnished,86.07087146
1480,1281.27085,2235.775402,5,3,3,30,16.82721973,5,51.27578491,0,1,0,Unfurnished,89.91512584
1481,1861.190679,2554.574081,5,2,2,36,7.106662522,4,68.49470092,1,1,1,Semi-Furnished,133.7177223
1482,1313.583424,500,2,3,1,37,9.738314004,1,61.58825447,0,1,1,Unfurnished,81.9669713
1483,2363.481926,1291.167802,3,1,3,21,4.914491095,10,48.61857011,0,0,1,Unfurnished,136.7674402
1484,1300.181907,1733.936496,5,4,3,27,9.283943877,4,69.81286587,0,0,0,Fully-Furnished,84.92767506
1485,1612.342363,,5,1,2,18,13.83731861,4,65.01916141,1,1,1,Unfurnished,139.221514
1486,1966.295416,3998.744387,5,3,2,15,5.390947265,10,73.34836758,1,0,0,Unfurnished,177.8929156
1487,790.8171335,1817.595419,2,1,2,4,9.83434712,4,68.30469803,1,1,1,Semi-Furnished,99.53489113
1488,619.595594,874.4180303,2,4,2,1,2.377014896,3,44.6983881,1,0,1,Unfurnished,74.3062345
1489,737.1718427,2321.814462,3,1,1,9,16.09146447,7,43.09238492,1,0,1,Semi-Furnished,102.1339845
1490,2131.292052,3056.796632,4,3,3,18,9.074143721,1,43.61777405,0,0,1,Unfurnished,137.1968675
1491,1224.070927,2086.411297,3,4,3,19,6.348824623,2,61.71314042,0,1,1,Fully-Furnished,98.97658468
1492,2779.099643,1274.681164,5,2,2,28,6.808503507,1,70.14348974,1,0,0,Semi-Furnished,118.130723
1493,1217.876201,2766.395153,5,3,3,24,5.959847302,4,65.87494976,1,0,1,Unfurnished,134.2910517
1494,1592.275652,2530.836495,1,4,3,16,6.164379344,5,28.57890184,1,1,1,Unfurnished,148.3858887
1495,2271.054976,1179.135325,3,2,3,12,0.5,10,39.28218966,0,1,0,Fully-Furnished,144.3947663
1496,2503.046444,2305.140494,5,1,2,15,7.608137072,5,60.24875832,0,0,1,Unfurnished,118.3572441
1497,2530.751788,2797.812454,5,1,3,34,7.440485278,,68.43478118,1,0,0,Fully-Furnished,158.9119666
1498,2104.183115,2945.512034,4,1,3,35,9.954646149,3,54.62162182,1,1,1,Semi-Furnished,154.4977244
1499,2012.031263,1946.84082,1,4,3,38,5.907425014,4,72.91991461,1,1,0,Semi-Furnished,111.762961
1500,1796.263475,1713.536443,3,1,1,2,4.915854743,,21.64066782,0,0,0,Unfurnished,146.5308024
1501,1889.180538,2981.819058,2,1,1,8,7.968900222,6,46.85977619,1,1,0,Semi-Furnished,125.7075558
1502,1224.407142,1031.871598,3,2,3,39,1.550527528,6,71.25709099,1,1,1,Fully-Furnished,99.42275123
1503,1090.900558,2350.863433,3,2,3,28,8.57369275,2,55.08709998,0,1,0,Fully-Furnished,95.44241921
1504,1498.312771,903.9786981,4,2,3,4,0.552722962,2,37.92433861,1,1,1,Unfurnished,126.1878183
1505,1414.907689,2852.301018,3,4,3,2,12.4832746,9,61.8476153,1,0,1,Fully-Furnished,121.1029153
1506,1273.385975,1793.563588,4,3,3,9,10.73707982,2,52.06122007,1,1,0,Fully-Furnished,84.65993215
1507,1848.193724,3014.866589,4,1,3,30,4.295256494,2,43.07045701,0,1,0,Fully-Furnished,129.3287963
1508,1977.652604,2393.130205,5,1,1,10,10.64455205,3,26.4257011,0,1,1,Unfurnished,125.1932495
1509,1544.203443,1021.423816,2,4,2,16,8.446056897,9,60.44371112,0,0,0,Semi-Furnished,103.9427983
1510,2238.765041,3139.702186,4,1,3,39,3.963959076,6,33.69923534,0,1,0,Fully-Furnished,150.5073862
1511,929.1554429,3240.996213,1,4,3,7,0.5,6,82.13273937,1,0,1,Semi-Furnished,154.2444679
1512,1403.17027,2705.829194,1,4,3,1,9.265742734,10,23.2630563,0,1,0,Semi-Furnished,157.5465073
1513,1141.58884,1390.729708,2,4,2,3,4.822872611,,50.82211811,0,0,0,Unfurnished,99.5820488
1514,566.7316915,,4,3,3,15,12.37987828,7,61.27324094,0,0,0,Unfurnished,102.8856506
1515,1458.659657,2116.341774,2,4,3,20,8.056134936,4,34.74452222,0,1,0,Semi-Furnished,117.3915098
1516,1439.126246,1437.031681,5,3,2,4,5.201669214,10,39.35703714,1,0,1,Unfurnished,133.0571965
1517,2256.724872,3353.877258,1,3,3,34,15.19135493,10,62.7531693,0,1,0,Semi-Furnished,168.4675303
1518,1815.405842,2115.461177,3,1,2,13,10.30578597,3,35.73931788,0,0,1,Fully-Furnished,103.4299955
1519,987.9065878,500,1,2,2,14,0.5,7,78.80949414,0,0,1,Semi-Furnished,57.18008031
1520,2427.046283,2271.48465,4,3,3,5,6.054432925,10,50.83454379,0,0,1,Semi-Furnished,165.3329943
1521,2110.516848,1721.474083,2,3,1,15,2.463644032,1,43.70742717,0,1,0,Fully-Furnished,127.8759814
1522,1791.048852,1940.058755,1,2,1,22,4.800808249,6,74.33198975,1,0,1,Unfurnished,127.1866128
1523,1386.757951,1705.104507,3,3,3,30,7.421070404,2,34.12127152,0,0,1,Semi-Furnished,83.09691246
1524,1020.280382,2645.637133,3,2,2,11,9.416194034,2,75.94641115,0,0,0,Unfurnished,91.22452134
1525,1313.896612,2895.750223,2,1,2,18,9.045462968,8,35.26431933,1,1,1,Fully-Furnished,111.8974228
1526,2044.37431,2226.44253,2,4,2,11,12.31149231,3,68.8923218,0,1,0,Semi-Furnished,121.3785185
1527,2442.293153,1728.55105,1,2,3,12,10.54639351,9,77.96614309,1,0,0,Semi-Furnished,154.0431693
1528,2271.621764,1966.930236,4,4,1,1,10.29898772,4,48.4402638,1,0,1,Semi-Furnished,153.1354654
1529,1255.575289,2015.679693,5,2,2,19,8.805969293,6,48.39244844,1,1,0,Semi-Furnished,98.63114603
1530,940.1912834,1358.055968,3,4,2,30,13.14719541,1,45.72380668,1,1,1,Unfurnished,55.76170564
1531,1570.443123,2463.142919,2,1,3,8,6.734893827,10,38.27148832,1,0,0,Unfurnished,123.936653
1532,615.7803172,2368.033859,5,3,1,20,6.838786925,10,51.2719478,1,1,1,Fully-Furnished,118.6073464
1533,1661.583857,3232.352992,5,1,1,7,0.5,3,63.60114307,0,1,1,Unfurnished,150.423228
1534,1426.198707,3004.279824,5,3,3,38,12.22465618,4,58.81991494,1,1,0,Semi-Furnished,99.42882199
1535,1266.981749,1451.460066,4,4,1,36,7.692296977,5,57.62960748,0,0,1,Fully-Furnished,96.42430051
1536,702.6484664,,2,4,3,28,19.73442282,1,38.99748368,1,0,1,Semi-Furnished,59.12211508
1537,1756.800053,1239.237294,3,3,2,18,6.377869233,4,33.83526696,0,0,0,Semi-Furnished,106.5600984
1538,1233.64958,2556.745681,2,2,3,34,8.354312518,5,76.5175697,1,0,0,Fully-Furnished,94.46574582
1539,915.0415821,1586.708641,1,1,2,37,10.18601981,4,29.97529948,0,0,0,Semi-Furnished,71.70044002
1540,400,1181.397421,3,2,3,25,3.592400108,10,47.72197097,1,1,1,Semi-Furnished,110.1133515
1541,1486.242547,2224.036274,2,4,2,10,9.434190856,10,61.28463556,0,1,0,Fully-Furnished,89.61533202
1542,2386.125798,500,3,1,2,35,8.138645728,7,72.8169662,0,0,1,Unfurnished,115.5980874
1543,2330.629607,599.2195405,1,1,3,34,6.785247241,8,50.3216633,0,1,0,Fully-Furnished,122.2974731
1544,1271.451872,1858.006493,3,2,2,3,12.69041583,,54.11532078,1,1,1,Fully-Furnished,130.1200399
1545,1198.89397,2065.953413,5,3,1,2,4.385005128,3,42.91191552,0,1,0,Fully-Furnished,109.8491427
1546,1734.387128,1704.544984,4,3,3,11,9.099608452,5,75.96243425,1,1,1,Unfurnished,147.5824263
1547,1000.80728,736.450961,1,1,1,31,13.81865717,10,70.58449795,0,0,0,Fully-Furnished,44.40891816
1548,1650.89595,1345.686526,3,3,2,25,5.173512976,8,34.99302746,1,1,0,Unfurnished,102.1063147
1549,1883.040139,2312.967462,1,4,2,12,6.812456069,7,59.84452924,1,0,0,Semi-Furnished,131.6608972
1550,2113.466612,2465.425417,5,2,2,37,17.38121825,9,48.25999853,0,1,0,Fully-Furnished,124.2347948
1551,1449.922962,1987.021506,4,2,3,28,9.897564261,10,54.68556736,0,1,0,Semi-Furnished,125.1607978
1552,1398.163125,2925.467025,1,2,2,18,5.975210093,7,37.97972652,1,1,0,Semi-Furnished,117.0592522
1553,1061.008707,2317.917619,5,1,1,34,11.21049904,2,20.68578689,1,0,1,Unfurnished,97.97186361
1554,1086.559823,1402.035477,5,1,1,26,5.727625794,4,33.37093799,1,0,0,Semi-Furnished,69.92170289
1555,1386.760554,1775.598357,5,3,3,30,1.740336303,8,41.66593032,0,1,0,Semi-Furnished,139.7871367
1556,1683.682753,877.7070742,3,2,1,2,13.48945578,9,42.51836397,0,1,0,Fully-Furnished,113.5547044
1557,1956.792313,1913.488808,2,4,3,34,3.587762943,7,14.84762987,0,1,0,Semi-Furnished,97.77971526
1558,1098.410525,2889.680495,1,4,3,23,17.8068505,5,54.67120657,0,0,1,Fully-Furnished,119.2730094
1559,2246.344284,2548.232068,2,2,2,6,6.042670498,1,28.85895645,0,0,0,Semi-Furnished,139.2118805
1560,1364.438199,3121.607461,5,1,1,34,16.53305873,9,49.41209283,0,0,1,Unfurnished,113.9643519
1561,1489.316353,1757.691805,2,1,1,20,2.525315726,,32.2416962,0,1,1,Semi-Furnished,142.2348217
1562,1126.39416,3076.879836,5,1,1,0,12.10197435,2,23.16054731,1,1,0,Unfurnished,98.15712911
1563,400,1845.356619,5,4,2,5,9.998905092,10,49.25346334,1,0,1,Fully-Furnished,115.3584963
1564,1942.022698,3177.268066,4,2,3,38,11.3509849,10,46.99238499,0,0,1,Fully-Furnished,135.6204822
1565,1868.421949,1982.514602,4,4,1,33,11.87209083,2,51.41781392,0,0,0,Semi-Furnished,89.94548888
1566,1359.336221,2565.785099,2,2,1,17,6.009019431,10,73.94337331,0,1,0,Semi-Furnished,137.5918207
1567,1533.495359,3180.089891,1,4,1,24,2.764624632,1,60.64617733,1,1,1,Fully-Furnished,122.5826308
1568,1757.969609,1845.257897,2,4,1,14,7.796329079,4,79.56445852,1,1,1,Fully-Furnished,117.5330524
1569,718.7270716,2174.71119,1,3,2,31,8.89212103,10,45.39417782,0,0,1,Fully-Furnished,96.48394564
1570,1235.473661,3031.09074,2,4,3,17,6.112621515,2,39.17499368,1,0,1,Unfurnished,146.7637516
1571,1897.13234,1893.597469,3,2,1,30,9.110215881,10,56.88001526,0,1,1,Semi-Furnished,120.8649347
1572,872.8552884,943.286174,3,4,1,28,9.318502125,9,77.87561768,1,1,0,Fully-Furnished,94.21762393
1573,1646.778966,3714.405644,1,3,3,14,4.359894214,2,33.21602673,0,1,0,Fully-Furnished,167.9397736
1574,821.7090977,1624.188429,4,3,2,22,9.579885127,9,71.00237563,1,1,0,Semi-Furnished,122.3996811
1575,1733.214991,2127.004841,1,2,2,37,6.931151905,1,57.12652107,0,1,1,Semi-Furnished,124.1985869
1576,1482.179259,2924.805336,2,3,2,10,5.200076399,7,43.38132721,1,1,1,Unfurnished,166.0403106
1577,692.434092,1513.204877,5,3,2,14,11.14950055,6,72.54926682,1,0,1,Fully-Furnished,107.3439616
1578,2082.369677,1193.705669,3,1,1,22,4.892035153,6,32.00567528,0,0,1,Semi-Furnished,97.83486915
1579,1132.704212,2202.989837,5,2,3,2,6.17332964,,60.01368394,0,0,0,Unfurnished,113.1799264
1580,1094.873781,565.5388817,3,3,3,18,8.288203401,1,47.21673145,0,0,0,Fully-Furnished,75.38801918
1581,1600.284599,1769.675139,2,3,3,0,13.49724648,10,66.76190929,1,1,1,Unfurnished,141.0862526
1582,2074.318675,2196.030931,3,3,2,23,8.771136311,8,55.02380798,0,0,0,Semi-Furnished,114.5366715
1583,992.0890905,1784.038483,1,2,2,10,10.11315333,8,66.456219,0,0,0,Unfurnished,94.04450532
1584,1530.839925,765.2392455,5,1,3,29,6.809429856,2,50.72289503,0,0,1,Fully-Furnished,103.8272176
1585,1714.40825,,5,4,1,10,7.686041502,4,43.47674298,0,1,1,Semi-Furnished,159.7335933
1586,1846.552804,2082.830523,2,1,2,38,7.804491066,,48.78674986,1,0,1,Fully-Furnished,95.24142214
1587,1588.220778,3144.921694,5,2,1,0,9.173224944,2,52.74451715,0,0,0,Unfurnished,119.8049594
1588,1316.48608,1791.971,2,2,3,11,6.816129708,9,55.28502946,0,1,0,Unfurnished,116.959562
1589,1086.20489,1295.990415,4,2,2,3,13.35999954,4,60.23574677,1,1,1,Unfurnished,103.1628567
1590,1543.071942,2215.344736,1,4,1,24,6.507335046,4,50.247721,0,1,0,Semi-Furnished,88.64394346
1591,963.930494,1827.370299,3,2,2,7,1.171035459,4,60.19474874,0,0,1,Unfurnished,109.8580901
1592,400,,3,1,3,14,18.97118642,5,83.28249293,0,0,0,Semi-Furnished,28.01705156
1593,1718.279902,3175.827407,3,3,3,29,6.690525236,10,39.14036184,0,1,0,Unfurnished,128.317056
1594,1951.967421,1502.183822,4,3,3,39,13.25267915,8,65.06988886,0,0,0,Unfurnished,86.17497955
1595,400,527.7868922,1,2,1,31,13.61916337,4,39.78820184,0,0,1,Semi-Furnished,20
1596,995.1346476,3062.532843,5,2,2,34,11.78085725,3,35.84828331,0,0,1,Semi-Furnished,72.21494192
1597,1809.577131,1596.561587,5,4,2,20,7.207891122,1,71.53337552,1,0,1,Semi-Furnished,101.0495996
1598,2528.747735,1513.740886,1,3,2,30,9.146739279,,36.48843043,1,1,0,Fully-Furnished,129.6382817
1599,1510.396854,587.6899304,1,4,3,35,2.901959163,4,49.6207314,0,0,1,Unfurnished,92.48263264
1600,1135.998529,3392.753189,3,4,1,26,15.9605911,9,37.99681415,0,1,0,Fully-Furnished,113.5359213
1601,1408.551779,968.4155302,5,4,3,7,4.592776007,1,86.27237295,1,0,0,Unfurnished,96.90155139
1602,2187.43821,2046.759585,1,4,3,22,6.984396149,6,49.57541222,0,1,1,Unfurnished,143.7521801
1603,1177.01791,2730.096258,5,1,1,22,8.395945948,6,33.49018869,1,0,0,Unfurnished,101.6988025
1604,1100.403997,2337.373546,1,2,3,32,7.570240981,10,36.97884622,1,0,0,Unfurnished,91.08563387
1605,1258.628239,1952.27655,2,2,3,12,5.372506871,3,81.82466921,0,0,0,Fully-Furnished,98.12179543
1606,1023.335696,638.6673134,3,4,2,38,13.57735621,10,46.7867687,1,1,0,Unfurnished,95.20715385
1607,1561.335158,1352.220131,1,4,1,34,11.80111713,9,48.77471481,1,0,0,Fully-Furnished,80.65470213
1608,2312.339229,2150.24027,4,1,1,15,9.288188817,10,72.26608961,0,1,1,Semi-Furnished,149.3117466
1609,1661.539637,1370.260744,1,4,2,11,6.401787776,3,69.10272325,0,0,1,Fully-Furnished,93.0709834
1610,1373.823249,2162.687568,2,1,1,30,12.25710349,1,36.82519659,0,0,1,Unfurnished,93.42881868
1611,1354.094366,2545.394727,4,1,2,4,6.142125469,,38.06791409,0,0,0,Fully-Furnished,150.2447268
1612,718.4045957,2770.002309,4,4,3,39,14.28156736,4,41.70637074,0,1,1,Fully-Furnished,108.4531179
1613,1941.554889,,1,2,1,24,8.444883662,4,45.09323507,0,1,0,Semi-Furnished,102.4291188
1614,1461.081401,3757.316844,2,1,1,20,12.91912611,2,62.48459689,0,1,0,Semi-Furnished,120.5090076
1615,1409.760043,2613.983476,4,2,3,2,7.544718695,10,48.69634461,0,0,0,Semi-Furnished,133.1076056
1616,3096.553784,1998.628677,3,2,3,9,8.286132728,6,45.40665788,0,0,0,Unfurnished,160.8930842
1617,1649.376454,2871.629266,3,1,1,22,12.90168425,6,50.07532992,0,0,1,Fully-Furnished,97.94603066
1618,1124.104475,3892.326218,5,3,1,16,16.77570061,3,41.51989671,0,1,0,Fully-Furnished,121.6582082
1619,1286.821202,849.0239192,5,1,1,34,14.24146727,1,73.33790226,1,1,1,Semi-Furnished,73.19684797
1620,2074.222855,1819.789886,2,3,2,24,11.50853848,10,39.5483294,1,0,1,Unfurnished,131.835665
1621,1556.635205,500,4,1,1,1,10.35713373,9,50.40163933,1,0,1,Unfurnished,108.6365517
1622,780.8610108,2154.121226,3,1,1,26,5.972205239,4,59.26200409,0,1,1,Unfurnished,99.49614506
1623,1959.614467,2292.315394,3,2,3,8,9.180918964,9,60.12311775,0,1,0,Semi-Furnished,144.3430871
1624,1165.927957,1968.670308,2,2,3,3,4.347803264,5,44.16290289,1,0,0,Unfurnished,106.265737
1625,2436.648888,1476.373143,4,4,2,25,9.503128535,7,66.44686749,1,1,0,Unfurnished,146.7846183
1626,2040.024033,500,2,2,3,31,9.760202643,3,82.14670486,1,1,0,Unfurnished,80.01058981
1627,1276.339052,2298.826947,1,2,1,28,0.5,3,77.03248275,1,1,1,Semi-Furnished,86.95194561
1628,2140.508181,,3,2,1,21,8.154954437,8,12.80090988,1,1,0,Semi-Furnished,149.4484041
1629,1533.927755,1527.185235,2,2,2,12,9.659499596,1,48.75117331,1,1,0,Fully-Furnished,100.4910309
1630,1926.386838,2352.047943,2,4,3,22,7.665160571,8,40.07220227,0,0,0,Fully-Furnished,105.2645496
1631,1742.366409,745.4845493,1,2,3,30,9.432195355,8,58.34186824,1,0,0,Fully-Furnished,91.00759291
1632,1076.821673,2365.770451,5,3,3,35,2.633111027,,65.78171893,1,1,1,Semi-Furnished,121.3014832
1633,1178.225084,1685.294162,3,3,2,39,4.896542778,1,32.76132727,0,0,0,Fully-Furnished,93.74476536
1634,2014.980409,1390.06564,2,4,3,30,12.13975265,9,63.01906291,0,1,0,Unfurnished,120.3299044
1635,1332.612334,1391.709087,3,2,3,14,8.002286663,4,49.60266242,1,0,1,Semi-Furnished,84.78774392
1636,1298.175768,1685.110734,5,3,3,13,9.359515925,7,46.06396632,0,0,0,Semi-Furnished,111.6603994
1637,1022.43871,2305.946653,2,1,1,34,5.813915357,9,57.92955521,1,0,0,Fully-Furnished,92.90337337
1638,1711.799533,,1,3,2,23,8.077976093,3,47.8213896,1,1,0,Unfurnished,103.531898
1639,2531.26246,1682.307735,3,2,1,29,0.5,5,66.99321579,0,0,0,Unfurnished,147.1226568
1640,966.2335429,1966.822578,1,3,2,29,11.38404775,10,44.09274729,0,0,1,Semi-Furnished,82.73135305
1641,1512.109728,1120.76862,5,1,3,26,15.23173136,3,70.00084012,0,1,1,Semi-Furnished,85.44522036
1642,2206.110278,3437.332161,5,3,1,39,3.739929803,5,49.68222847,1,0,0,Fully-Furnished,152.3016074
1643,1460.179304,1317.203616,3,2,3,13,4.23867125,2,14.33968887,1,0,0,Unfurnished,98.23334762
1644,1726.185898,1464.450469,5,1,3,10,9.763519593,4,37.95402908,0,1,1,Semi-Furnished,92.36210761
1645,968.8032359,1217.35364,4,4,2,25,13.89551716,2,48.43215424,1,0,0,Unfurnished,88.09479543
1646,1714.153549,3438.78407,3,1,3,20,7.99161073,,55.54379164,1,1,0,Semi-Furnished,104.5433994
1647,1406.427867,2442.324183,4,3,1,8,3.082727917,5,48.52002825,0,1,0,Fully-Furnished,132.369664
1648,1992.864998,1250.726395,5,4,2,0,7.165531053,9,39.5419486,0,1,1,Semi-Furnished,130.4823492
1649,2093.693026,2884.985247,3,1,2,5,3.880271679,3,76.71414863,1,1,1,Semi-Furnished,140.6893559
1650,2794.781821,2160.558955,4,1,1,0,5.324614829,,71.06211616,1,0,1,Semi-Furnished,185.9568868
1651,1789.816587,2205.802737,5,1,3,21,6.783835603,6,31.89252783,0,1,1,Fully-Furnished,155.2630484
1652,1662.898158,1724.418233,2,2,3,12,4.282701647,4,37.36554803,0,0,1,Fully-Furnished,123.3898183
1653,1597.192151,1400.46721,2,4,3,37,4.888377103,4,54.78701428,0,1,1,Fully-Furnished,104.4810854
1654,1323.416854,2270.212879,1,4,3,39,8.298136001,10,47.71532024,0,1,0,Semi-Furnished,105.9926413
1655,1669.241922,1563.930216,2,1,3,30,8.860143249,10,10,0,0,0,Semi-Furnished,122.7191299
1656,1352.299295,3453.404504,4,4,2,14,2.304078665,5,39.21559854,1,1,1,Unfurnished,176.1202168
1657,1584.230488,984.5671158,2,3,2,1,9.58552689,7,60.99580303,0,1,1,Fully-Furnished,121.0115897
1658,2158.798768,3228.925418,3,3,1,30,6.472264547,,51.68214464,1,1,0,Fully-Furnished,166.0628056
1659,996.7287174,1910.944921,3,1,3,25,10.88104609,8,36.03316457,1,1,1,Semi-Furnished,98.38051321
1660,2069.939281,2239.268587,3,3,3,1,11.12199008,9,41.61324118,1,0,1,Fully-Furnished,164.7443224
1661,2158.557534,2666.526213,2,1,3,10,5.821835276,9,46.65120576,1,1,1,Unfurnished,143.1850939
1662,1440.965737,1495.800564,2,3,1,32,10.45659078,9,88.41089953,0,0,0,Fully-Furnished,76.9950458
1663,439.0725505,2691.398708,1,1,3,17,4.652175841,2,50.54324716,1,1,1,Fully-Furnished,92.79167434
1664,1196.089006,500,5,1,2,20,13.29504825,3,39.15275681,1,1,0,Fully-Furnished,93.28440801
1665,2148.497273,1424.008373,1,4,3,30,4.803455197,5,77.04642262,0,0,0,Unfurnished,108.9360256
1666,1488.565969,1260.749754,4,4,1,25,9.410998435,1,58.69520965,1,0,0,Unfurnished,105.1785562
1667,1000.348884,997.1951901,3,1,2,29,7.249563421,4,37.9199119,0,0,0,Fully-Furnished,58.10780982
1668,1247.612539,1828.03613,2,4,2,38,3.932421943,5,50.29001672,0,1,0,Unfurnished,109.1065665
1669,1920.310013,2308.599975,5,4,2,20,11.60366305,9,47.12623414,0,1,0,Semi-Furnished,147.1049969
1670,1773.366784,2562.127999,5,2,3,15,5.543472765,8,58.22923249,1,0,1,Fully-Furnished,114.7912247
1671,1380.53395,2192.701406,2,3,1,6,1.19971134,1,31.13860444,1,1,1,Unfurnished,145.4597508
1672,1316.587794,1467.445228,1,4,1,21,0.5,3,32.12612698,1,1,0,Unfurnished,98.62171297
1673,1304.120925,2295.21315,5,1,3,6,4.499821222,3,46.14247256,1,0,1,Unfurnished,107.892401
1674,1038.794908,2099.428556,1,2,1,1,13.50363368,,36.79705012,1,0,1,Semi-Furnished,90.11500437
1675,2307.687845,2748.844934,2,2,2,36,13.03095387,4,65.25816718,0,0,1,Unfurnished,118.5214494
1676,1338.839765,2621.549362,1,4,2,13,5.125606391,4,34.57333674,0,1,1,Semi-Furnished,116.6280992
1677,2108.57926,2024.381131,3,1,1,7,6.502180341,1,86.11184199,1,0,1,Semi-Furnished,113.8914042
1678,2260.658026,1282.197595,2,1,1,28,6.140347698,10,47.72311599,1,0,1,Unfurnished,123.7848237
1679,1999.155449,1477.639875,2,1,3,6,2.666271418,4,51.97282023,1,1,1,Semi-Furnished,142.9519875
1680,1284.189844,1560.168512,5,1,3,37,4.204672514,1,55.26539346,1,0,0,Unfurnished,104.7098198
1681,1701.865045,1747.786933,5,1,3,21,11.92459808,5,48.90642879,0,1,1,Unfurnished,141.1794649
1682,1487.902197,2214.440342,5,3,3,16,10.01555149,3,67.69542445,1,0,1,Unfurnished,155.3960243
1683,1048.14907,2572.139512,3,1,3,15,9.092355434,10,52.18367387,1,0,0,Fully-Furnished,115.7324935
1684,1662.179641,,3,1,3,32,2.659413553,5,42.17879916,1,1,0,Semi-Furnished,115.3267903
1685,910.4801044,2012.89983,4,3,2,38,8.402812856,3,29.52478609,1,0,0,Semi-Furnished,97.44769559
1686,2093.839694,2114.645044,2,4,1,34,0.5,5,55.86976374,1,0,1,Unfurnished,121.0936191
1687,1267.691351,1587.275749,5,2,3,37,11.37121077,4,63.71587522,0,0,0,Semi-Furnished,77.06704339
1688,1600.579828,1259.686194,2,3,2,31,9.034299603,,30.98950527,0,1,0,Unfurnished,108.5222312
1689,1641.643936,595.6496822,1,2,1,2,2.619070192,6,44.28303743,0,1,0,Semi-Furnished,88.26276571
1690,1370.547513,1443.880514,3,2,1,2,14.46570223,10,64.485223,1,0,0,Semi-Furnished,115.6817367
1691,1793.346901,2378.516363,4,3,1,7,0.815341363,2,37.22969779,1,1,1,Unfurnished,158.2915077
1692,1262.548172,,1,1,3,30,10.12122473,1,37.09312448,0,1,1,Unfurnished,76.91354217
1693,1935.648649,1809.75437,2,2,3,8,10.22068708,1,47.72630346,0,1,1,Unfurnished,129.1868808
1694,827.0101599,2373.14503,3,1,3,4,3.041318243,1,69.72989706,1,1,0,Semi-Furnished,101.3987616
1695,1563.18979,2416.551597,5,4,1,27,7.848597237,9,63.77879681,1,0,1,Fully-Furnished,107.8153999
1696,2469.4645,1136.373718,1,3,1,14,1.452688631,5,69.74107399,0,0,1,Fully-Furnished,149.3861694
1697,999.8343377,2797.647485,3,2,2,26,0.5,4,35.09545284,0,0,1,Semi-Furnished,113.6258225
1698,1161.127515,2901.880071,2,1,2,30,3.728495092,10,40.10658563,0,0,1,Semi-Furnished,122.4072209
1699,1756.953925,1096.120114,2,2,2,39,5.533500231,5,47.32372242,0,1,1,Unfurnished,111.3763183
1700,1589.790891,1340.930504,1,4,2,17,10.57702472,9,45.40242554,1,0,1,Unfurnished,87.09551893
1701,1675.31505,2952.872547,1,4,1,37,8.26963234,3,38.34808068,0,0,1,Unfurnished,116.2847998
1702,1744.593565,1882.517183,1,2,3,3,8.374181838,3,57.21234989,0,0,0,Semi-Furnished,97.80226414
1703,1817.360734,500,4,3,3,20,3.942313507,2,25.55282346,1,0,0,Unfurnished,125.5160838
1704,2054.849921,880.2547962,5,4,3,22,5.879954784,8,52.2441069,0,0,1,Unfurnished,128.5929824
1705,1704.909328,1800.5043,3,1,3,21,4.280293561,7,74.92795,1,0,1,Semi-Furnished,119.1004751
1706,1379.371173,1069.56588,2,4,2,0,3.100103972,2,51.17752196,0,1,0,Fully-Furnished,99.08721374
1707,1836.286851,1669.260983,2,1,1,24,5.625202292,4,37.51674115,0,1,1,Unfurnished,138.3341625
1708,2449.940967,2025.916971,5,2,3,27,8.29804954,,30.79358767,1,0,1,Fully-Furnished,143.5730806
1709,1433.683127,3169.803683,1,1,1,36,5.709445922,1,55.41212408,0,0,1,Unfurnished,88.48995636
1710,1012.735348,1767.636867,1,2,2,10,6.705989322,1,76.04566975,1,0,0,Unfurnished,70.05835651
1711,2053.540335,2858.03344,2,4,2,21,10.77965924,8,53.2015261,1,1,0,Unfurnished,137.7313238
1712,1439.809418,3143.00813,5,3,3,24,5.996982325,6,44.97197729,0,1,0,Semi-Furnished,135.4753388
1713,413.665227,3147.447735,2,4,3,20,2.664133476,2,38.55515981,1,0,1,Semi-Furnished,123.0640163
1714,1923.710839,,1,4,2,35,10.25381409,10,27.83952533,1,0,0,Unfurnished,112.6117818
1715,1232.335907,500,3,4,2,19,9.063398594,10,54.08734208,1,1,1,Unfurnished,126.0889405
1716,1454.733359,2368.659892,1,4,1,15,9.314637993,1,25.97738338,0,0,0,Semi-Furnished,107.7777762
1717,1665.990165,,3,3,2,27,10.50335463,3,63.72755031,1,0,0,Semi-Furnished,94.73184753
1718,1595.24984,1935.146316,4,4,1,28,9.826566109,4,59.40631902,0,1,0,Fully-Furnished,79.04041135
1719,1854.725909,3395.667096,5,1,2,25,8.11491477,5,46.75927664,1,1,0,Semi-Furnished,144.8606506
1720,1282.256815,2687.866849,4,3,1,39,17.56581065,10,59.71692705,1,1,0,Unfurnished,96.8707122
1721,1756.552899,,1,3,2,1,2.860125015,3,52.59067546,1,0,1,Semi-Furnished,126.6372499
1722,1370.226661,2869.104569,5,1,2,9,5.654330886,5,59.58287821,1,1,1,Fully-Furnished,130.5911132
1723,1869.40524,2266.695881,1,2,1,12,11.86933746,7,63.41968203,1,1,1,Fully-Furnished,121.5108301
1724,1807.683742,500,5,4,1,14,8.570345168,9,46.17446713,1,0,1,Unfurnished,124.0365232
1725,1032.280649,1600.688839,5,3,3,8,11.03169214,5,30.55468316,0,1,1,Semi-Furnished,118.7946894
1726,2042.991058,2957.734422,1,4,3,26,8.679025718,4,83.87008918,0,1,0,Fully-Furnished,131.0845137
1727,1232.018277,1353.926928,1,4,2,7,13.4962262,10,46.80093204,0,1,0,Fully-Furnished,103.6657475
1728,1904.028899,1821.221996,5,1,2,5,3.969956577,9,43.58002639,1,0,1,Fully-Furnished,131.2848608
1729,1683.643657,1164.130949,5,1,1,35,13.36983956,8,56.65980835,0,0,1,Unfurnished,88.36002087
1730,2419.091838,3427.138076,1,1,2,23,12.68398597,5,47.10070321,1,1,1,Fully-Furnished,159.8360925
1731,1388.267009,,1,4,3,2,3.158843543,9,31.13020864,0,0,1,Semi-Furnished,153.8703245
1732,1325.341602,1292.904884,2,3,1,25,10.52266164,9,32.12244536,1,0,0,Unfurnished,104.6610274
1733,1490.290197,2117.8384,2,3,2,35,7.827840271,1,36.64474663,0,0,0,Semi-Furnished,93.25237248
1734,1348.410109,1455.604762,2,2,1,20,5.573671924,6,55.36012424,0,1,1,Semi-Furnished,72.67468403
1735,1899.970951,2491.955711,4,4,3,12,0.5,5,39.56786861,0,0,1,Fully-Furnished,145.5448585
1736,691.8446958,2407.746462,5,2,3,10,3.956745316,6,64.03269681,0,0,0,Unfurnished,127.3120436
1737,973.1587904,,3,2,3,7,10.83244856,10,47.67538042,1,0,0,Unfurnished,106.3590359
1738,966.0985392,2265.534758,4,2,2,13,11.25536508,3,48.81991256,1,1,1,Semi-Furnished,106.3576179
1739,1975.153796,4348.324965,5,2,2,32,7.157158078,3,50.89968891,1,0,0,Unfurnished,121.4292853
1740,2355.306686,1177.660988,3,2,2,1,11.26794057,10,34.40897006,0,0,1,Unfurnished,124.4979656
1741,1447.775391,631.5173165,2,4,2,0,11.78104031,5,69.128228,1,0,0,Unfurnished,81.07016257
1742,1415.589138,1685.527839,3,1,2,10,8.618559835,7,54.65380421,1,0,1,Unfurnished,140.8323644
1743,1535.026082,745.6093876,1,2,2,5,5.110665505,4,47.40359855,0,1,0,Fully-Furnished,95.04981146
1744,2080.939151,806.030184,1,3,3,31,9.764216451,6,42.06215228,0,0,1,Semi-Furnished,102.319378
1745,1036.323433,1198.948277,5,4,3,14,9.947938831,5,41.77215754,0,1,0,Semi-Furnished,92.92257427
1746,1619.184491,1262.248876,4,2,2,11,10.69577756,2,32.64141198,0,0,1,Unfurnished,84.07152617
1747,1987.598815,1236.305518,2,3,3,36,11.46161308,1,30.02574551,1,1,0,Unfurnished,118.7117335
1748,1750.547085,2414.57516,5,2,1,28,2.551341712,,30.02943215,0,0,0,Semi-Furnished,99.41999747
1749,1594.790808,1595.048751,2,1,2,21,5.960283019,5,65.94439963,1,1,1,Semi-Furnished,110.3198141
1750,2000.523046,1856.38834,1,4,1,13,0.5,9,38.50177104,0,1,1,Fully-Furnished,116.7016505
1751,400,2715.38622,4,1,2,18,10.98798415,7,33.85558047,0,1,1,Unfurnished,91.91463527
1752,1838.93766,1386.94198,4,3,2,4,7.150754208,1,69.31926438,0,0,0,Semi-Furnished,74.16404526
1753,1172.962158,1788.363281,1,2,3,34,9.723256283,10,50.91044895,0,1,0,Fully-Furnished,79.44622674
1754,584.6835516,2292.607989,3,1,1,24,2.097285007,6,32.39343165,1,0,1,Fully-Furnished,113.0793433
1755,1755.6013,500,4,1,3,37,13.6039234,,58.56119305,0,1,1,Unfurnished,67.5242462
1756,2186.829273,500,3,2,2,8,3.222643342,3,71.79772409,0,0,1,Fully-Furnished,105.9282516
1757,1431.275743,2276.893863,2,4,1,6,11.09825322,9,60.17020732,1,0,0,Fully-Furnished,132.7235629
1758,1976.437274,2393.611424,4,3,2,17,8.471800684,2,52.07285188,0,1,1,Fully-Furnished,170.5269304
1759,2306.139129,3651.376108,1,4,3,1,7.24222889,1,57.01832107,1,0,1,Fully-Furnished,174.7890481
1760,2157.457227,2126.475901,3,3,2,9,6.919359574,10,67.92222427,1,0,0,Fully-Furnished,138.0293389
1761,2319.982265,2655.791774,2,3,2,1,5.447747963,10,75.91972836,1,1,1,Unfurnished,170.0846631
1762,1871.063746,1843.621885,2,1,3,7,13.18078471,9,35.7343385,0,0,0,Unfurnished,105.2218807
1763,1537.716819,2237.781777,4,2,2,6,8.050451337,7,50.3356315,1,0,0,Unfurnished,121.0578089
1764,699.0170941,3333.805473,4,4,1,34,2.923113879,10,59.06866723,0,0,0,Unfurnished,158.0599443
1765,1376.968756,,5,1,3,22,6.464159192,,52.57976456,1,1,1,Semi-Furnished,107.4184134
1766,1078.376702,2330.893006,5,1,2,7,8.513356109,4,57.94544287,1,0,0,Unfurnished,114.7411466
1767,2585.471359,3708.469384,4,1,3,20,11.59122113,10,83.12924662,0,1,0,Unfurnished,175.2974406
1768,1412.057094,,5,4,2,32,5.581521118,3,46.07267637,1,1,1,Unfurnished,128.9362013
1769,1561.602403,3320.458371,1,1,3,0,5.848893777,7,28.80877118,0,1,0,Fully-Furnished,143.8899861
1770,1775.742688,1496.63028,1,2,3,11,8.093728509,5,77.750919,1,1,0,Fully-Furnished,136.2672541
1771,1521.801223,1974.362005,5,1,1,10,11.49369928,9,76.51690655,0,0,1,Fully-Furnished,116.8749594
1772,2347.52552,2026.819762,4,1,3,29,2.524981858,3,58.14890974,0,0,0,Unfurnished,125.274825
1773,1188.675319,500,1,3,1,3,10.02141852,6,42.57270763,1,0,1,Semi-Furnished,73.11263881
1774,1597.303728,1065.457738,2,1,3,33,6.143749879,10,62.86282257,1,0,0,Semi-Furnished,96.64102558
1775,1128.764707,1122.499936,4,4,3,22,6.702269673,2,50.48972917,0,0,0,Unfurnished,75.69206573
1776,839.9887444,,3,4,2,31,16.00630298,3,45.35921901,1,1,1,Semi-Furnished,98.943218
1777,1194.115455,2697.722485,3,2,2,2,7.214123102,4,39.85396211,0,1,0,Semi-Furnished,105.2951178
1778,1481.481601,2259.229154,4,4,2,27,11.018775,6,49.75611724,1,1,1,Unfurnished,128.5694965
1779,1285.348888,2659.282317,5,4,3,3,10.87565535,1,58.20348494,0,0,1,Fully-Furnished,114.6442316
1780,1153.78951,1868.68047,1,1,3,11,3.279904344,6,52.46264943,0,1,0,Semi-Furnished,82.81447771
1781,796.8412682,2961.545336,1,2,1,23,0.618422699,4,63.2647347,1,0,1,Fully-Furnished,127.0672768
1782,1458.447214,,4,4,1,32,11.28392837,8,46.71145958,0,0,0,Unfurnished,81.3286424
1783,747.639813,2046.291238,2,2,1,2,3.66581523,9,43.72098861,0,0,0,Fully-Furnished,88.13110738
1784,1880.027982,1787.525893,5,2,2,3,1.343268182,8,55.81159223,1,1,1,Semi-Furnished,160.7825928
1785,1541.219876,2547.560382,2,3,2,29,12.10464886,8,51.2945217,1,1,0,Fully-Furnished,133.3830545
1786,771.2242503,1663.040947,4,3,1,5,3.922293065,2,72.26075456,0,1,0,Fully-Furnished,91.83937012
1787,1345.395461,2781.145102,4,1,3,29,4.909930097,10,44.80130698,1,1,0,Fully-Furnished,127.8429629
1788,1123.921797,1094.280687,2,4,2,7,15.89749262,2,42.4657103,0,1,0,Unfurnished,61.12341464
1789,1659.587255,1120.866996,3,1,2,17,1.361058554,6,47.46794267,0,0,0,Unfurnished,91.79293341
1790,2170.225223,2549.941404,4,1,1,15,2.974855834,5,43.80251762,1,1,0,Unfurnished,123.86565
1791,562.4137652,1929.164628,5,2,2,5,6.16120743,6,40.54689389,1,1,0,Unfurnished,102.4837324
1792,1557.51304,1636.886867,2,2,1,23,7.038972641,9,25.51778548,1,1,1,Fully-Furnished,129.3751595
1793,1419.933602,2712.046186,3,2,2,27,4.425018872,10,32.69620544,0,0,0,Semi-Furnished,127.3095855
1794,1835.670038,1514.190869,2,1,3,31,3.365379611,7,48.19681416,1,1,1,Fully-Furnished,97.267792
1795,1606.598314,1839.838997,3,4,3,24,14.0399773,5,30.38645512,0,1,1,Fully-Furnished,127.1606731
1796,1124.015334,3119.38236,3,1,2,27,9.051944496,10,58.46986172,1,0,1,Fully-Furnished,140.1144996
1797,1340.473032,3231.313877,5,1,1,20,10.34067498,7,55.54971453,0,1,0,Semi-Furnished,116.4425555
1798,1101.987072,3257.918568,4,1,2,7,7.451099294,8,39.95174092,0,0,1,Semi-Furnished,154.3555534
1799,2038.003569,1774.299378,3,3,1,35,9.157819795,1,49.2072097,1,0,0,Semi-Furnished,99.55501178
1800,1510.655824,2984.562324,4,3,2,8,11.73160664,10,47.12558545,0,1,1,Fully-Furnished,123.4673106
1801,2450.595343,1240.837738,5,4,3,39,4.014803942,7,22.92776762,0,1,1,Unfurnished,147.426157
1802,1469.669593,1274.4777,4,3,3,20,9.059343986,4,56.67412685,0,1,0,Unfurnished,95.60381056
1803,1145.796617,500,1,1,2,0,10.78416925,5,41.0375381,1,0,1,Fully-Furnished,98.43706742
1804,743.1428037,3338.294562,3,3,2,3,14.17918939,2,35.37870659,0,1,1,Unfurnished,102.1755001
1805,598.4301619,1308.816121,5,3,2,9,15.79156392,10,60.17314975,1,0,0,Unfurnished,90.04106509
1806,707.9320285,,2,1,3,25,8.279439188,5,53.6480632,0,0,0,Fully-Furnished,46.85013669
1807,1633.563326,1271.740526,5,4,3,39,12.5545558,9,63.66869692,0,1,0,Fully-Furnished,95.6437446
1808,1754.362512,2556.132199,3,3,1,2,0.5,1,48.23168764,1,1,0,Unfurnished,136.4768446
1809,709.404649,1699.493071,5,1,2,8,14.20913164,3,53.22950131,0,0,1,Fully-Furnished,74.07501325
1810,1947.519157,956.1464877,2,1,2,31,5.096465353,4,61.98734671,0,1,0,Unfurnished,72.14285336
1811,1258.469474,2353.330051,1,1,3,2,7.035610204,,75.14506197,0,0,0,Semi-Furnished,99.88754739
1812,1573.396506,853.0159802,3,2,2,3,9.764417937,2,45.32788238,1,1,1,Semi-Furnished,108.78255
1813,2306.110314,1330.07542,3,1,1,5,7.386230531,7,53.72141794,1,1,1,Fully-Furnished,158.6682462
1814,1948.419658,500,5,3,2,8,8.785813518,9,58.60352394,1,1,1,Unfurnished,119.29836
1815,1365.734676,860.8335102,4,3,3,25,14.35077187,10,58.48383134,0,1,0,Semi-Furnished,76.19083359
1816,1054.403887,2142.823336,4,1,2,1,6.463119819,4,42.3024544,1,0,0,Fully-Furnished,141.1928763
1817,424.0922993,500,2,2,3,1,3.652304734,5,48.31959466,0,0,1,Semi-Furnished,42.31599003
1818,1140.42334,815.0834203,1,2,1,20,15.25385543,10,58.45648423,0,0,1,Semi-Furnished,62.46512432
1819,1394.434881,1998.104867,1,2,1,21,10.10705687,,52.64047122,0,0,0,Fully-Furnished,71.58976703
1820,1006.410236,1565.114483,5,3,2,2,15.6889559,7,78.71957669,1,0,0,Semi-Furnished,69.46058217
1821,1434.371516,3593.629309,5,2,2,34,11.45451964,8,45.35739035,1,0,0,Fully-Furnished,127.0942621
1822,1538.425941,3467.117237,4,4,3,37,2.705622432,8,38.00403531,1,1,1,Fully-Furnished,175.1335397
1823,1387.572009,1305.66203,1,4,1,32,10.58153869,3,57.26762222,0,1,1,Semi-Furnished,104.2594592
1824,1174.99871,2445.710095,1,2,1,14,4.064207736,2,35.92434098,1,0,1,Semi-Furnished,119.2265597
1825,1584.327336,2599.426046,1,4,1,10,8.02972721,6,43.12322,1,0,0,Unfurnished,143.1508408
1826,1720.970325,1522.016914,2,1,1,9,7.697142386,1,51.21026543,0,0,0,Semi-Furnished,90.07191001
1827,954.8004613,803.5667708,2,2,2,35,1.529344781,9,49.5055713,1,0,1,Unfurnished,86.63928662
1828,2205.46619,1990.161241,5,2,2,13,4.748758042,7,49.09386576,1,0,1,Fully-Furnished,156.4021787
1829,1450.705934,,4,2,3,1,16.8207492,8,41.54769821,1,0,0,Semi-Furnished,131.8223554
1830,1509.424811,1651.388402,3,1,1,36,8.953509619,7,55.54615991,1,1,1,Semi-Furnished,98.82950229
1831,1854.107212,2353.853495,4,1,2,28,7.297615461,5,82.58884042,1,1,0,Fully-Furnished,139.607376
1832,1616.608066,1399.416314,2,2,2,34,15.25156088,5,62.44164024,1,0,0,Semi-Furnished,105.6525883
1833,1976.568317,1078.401962,2,3,1,19,6.41505876,7,22.34388473,0,0,0,Unfurnished,115.2519132
1834,1643.562083,2087.266376,5,3,2,20,7.634318552,7,43.89031297,0,1,0,Semi-Furnished,138.307621
1835,1193.781313,2308.776074,3,4,3,33,11.96321142,2,57.97966754,0,1,1,Unfurnished,85.37074209
1836,1680.751763,1058.684045,1,1,3,32,6.397056806,2,27.5625846,1,1,0,Semi-Furnished,100.6351402
1837,928.1368963,2742.472489,3,4,1,18,5.013917043,,13.67659751,1,1,1,Semi-Furnished,141.6195251
1838,1554.279853,583.6150898,3,4,3,7,0.5,5,39.12746267,0,1,1,Fully-Furnished,125.0627844
1839,1483.385005,1537.509233,3,2,2,30,4.254006746,2,37.86984847,0,0,0,Unfurnished,104.0705907
1840,1395.941571,1793.593171,5,3,3,10,4.215889016,1,74.60118723,1,1,1,Fully-Furnished,127.6345323
1841,1435.731244,,2,4,2,7,8.634266782,9,55.33219037,1,1,1,Fully-Furnished,121.7783507
1842,559.0754773,1547.951621,1,2,1,24,5.558166937,8,47.83086098,1,1,1,Fully-Furnished,87.2807476
1843,1225.637546,3496.859586,3,1,1,19,16.63207604,2,45.26108929,1,1,1,Unfurnished,115.794932
1844,1546.422451,1319.292729,1,4,2,37,3.769484279,2,56.75987118,1,1,1,Fully-Furnished,104.2151253
1845,1579.928196,3952.977378,3,3,2,6,13.60258675,3,52.97086326,1,1,0,Unfurnished,139.0935455
1846,986.1624295,2349.701424,2,1,3,12,8.879011821,4,56.73159692,0,1,1,Unfurnished,98.07819776
1847,2132.85392,2073.64411,1,2,2,38,11.22709614,9,54.84744334,0,1,0,Semi-Furnished,126.4415757
1848,1066.912576,2380.992283,4,1,1,9,10.98407838,6,65.58730523,1,1,1,Unfurnished,115.0376161
1849,1984.7286,4023.942199,2,4,2,7,0.5,3,50.49224874,0,1,0,Unfurnished,151.7144369
1850,1713.597181,1205.125597,1,1,3,19,7.953789284,8,61.68030334,0,1,1,Semi-Furnished,116.8567141
1851,1176.886345,1103.665665,3,1,3,16,6.951087451,6,55.35256866,1,0,1,Fully-Furnished,82.19214381
1852,2387.655446,1396.107043,3,1,2,10,3.468087621,8,53.03685959,0,1,1,Semi-Furnished,175.455499
1853,903.1815841,2025.714518,2,3,3,15,9.838504149,10,44.00546738,1,1,0,Semi-Furnished,93.55731526
1854,1959.577087,619.3831001,2,4,3,36,14.86616126,2,49.01765835,1,0,0,Semi-Furnished,113.7777416
1855,2000.291159,2017.871391,3,2,1,31,0.5,8,49.2810152,0,1,1,Unfurnished,145.2095304
1856,1164.689895,3354.837707,1,3,2,25,5.862121297,5,66.18127431,0,1,0,Semi-Furnished,108.9686844
1857,2196.23265,2121.125912,4,4,1,36,3.016935344,10,53.53460796,0,1,0,Unfurnished,132.2178027
1858,1374.976743,1765.851633,5,2,1,8,8.287111305,4,36.4443975,1,0,1,Unfurnished,125.9083074
1859,1644.346815,1505.471641,2,2,3,34,6.697514867,3,26.80033279,1,0,0,Unfurnished,92.05378064
1860,1630.160919,2718.809364,3,2,1,2,5.577291149,9,32.93226196,1,0,1,Unfurnished,137.4339172
1861,1432.845629,1339.333781,1,4,2,30,10.75802731,10,39.66630599,1,1,0,Fully-Furnished,93.96301115
1862,1905.404137,3477.116736,2,2,2,6,14.5447252,7,56.9135567,0,0,0,Unfurnished,135.2981062
1863,1896.74436,,1,2,2,1,18.64527461,7,40.71367205,0,1,0,Unfurnished,140.5687932
1864,625.7340134,2205.400639,2,3,1,24,5.041483806,6,68.39745199,0,0,0,Semi-Furnished,100.0666264
1865,2152.170121,1990.78793,3,2,2,39,0.716497793,9,31.60102825,1,1,1,Semi-Furnished,145.5831078
1866,668.754006,2824.527847,1,1,2,11,10.23678574,3,59.94391461,1,0,0,Unfurnished,95.58902495
1867,2016.273102,2875.838802,3,3,1,29,14.44193894,1,22.05632726,0,0,0,Fully-Furnished,110.6340474
1868,2063.352568,1355.206615,1,3,1,29,11.25475987,7,33.24063396,1,1,1,Fully-Furnished,108.1268697
1869,954.5167849,1578.755893,2,4,1,28,14.42538816,9,35.10028793,1,1,1,Semi-Furnished,87.49381021
1870,1294.592856,942.1220523,5,2,1,10,7.098053318,6,34.91401097,0,1,1,Fully-Furnished,59.91675781
1871,947.1476658,2327.251951,5,1,3,22,5.561702241,10,40.43746496,0,1,1,Semi-Furnished,121.2790475
1872,1392.539485,2533.302307,4,1,1,16,8.46174363,2,61.80020075,1,1,0,Fully-Furnished,104.63673
1873,1345.982858,920.0594897,4,2,1,12,6.677787251,8,60.76420313,1,0,0,Fully-Furnished,93.04377795
1874,1889.830266,1635.840876,3,2,2,32,10.65237609,9,34.89693125,0,1,0,Fully-Furnished,105.2566386
1875,2155.154373,922.1968659,1,4,2,0,11.87907111,10,47.05695137,1,1,1,Semi-Furnished,140.7450837
1876,2197.841905,1280.960152,4,1,1,39,12.19233466,8,56.81579042,0,1,1,Semi-Furnished,134.8320022
1877,1218.915987,2440.813648,2,3,1,12,10.04237068,9,47.22492032,0,0,0,Unfurnished,117.7170612
1878,1395.389063,1413.214347,5,4,1,37,8.983289307,1,73.65705471,0,1,1,Unfurnished,81.60540626
1879,658.2809039,1759.339235,1,4,2,2,11.17770676,3,55.73001112,1,0,1,Fully-Furnished,113.7371083
1880,1097.064967,698.1506176,5,3,2,15,0.5,3,37.05150671,0,1,0,Fully-Furnished,132.2377201
1881,1982.425817,2149.592168,1,4,1,6,8.842283009,9,38.54347621,0,1,0,Fully-Furnished,137.6165661
1882,2307.791412,1964.581344,4,2,2,2,8.209912229,3,35.49905501,0,1,1,Semi-Furnished,149.3912023
1883,882.8255641,1416.8326,4,3,2,13,8.852321584,10,39.51096448,0,0,1,Fully-Furnished,114.4268752
1884,1203.76787,1848.788562,3,3,1,15,7.649505815,1,50.32305139,1,1,0,Unfurnished,110.2003547
1885,1486.797122,2144.235904,1,1,2,3,9.727421974,3,46.4674096,0,1,0,Fully-Furnished,99.34665312
1886,1640.080579,1348.105481,2,3,1,30,5.701588314,2,42.95637269,0,0,1,Unfurnished,89.48968173
1887,1095.19824,818.9899648,4,4,3,12,12.51809372,9,58.72714934,0,1,0,Fully-Furnished,86.88124807
1888,1712.030522,3444.459546,3,1,3,26,9.89459911,1,55.14393977,1,0,0,Fully-Furnished,140.5580714
1889,1263.080326,1493.381836,4,4,3,0,8.602743432,2,26.30644795,1,1,1,Fully-Furnished,119.321303
1890,1492.773865,1922.591917,5,2,2,24,5.209933717,,30.88971669,0,1,1,Unfurnished,117.0881409
1891,1773.142124,2808.671788,4,2,3,36,11.26126754,9,35.23434695,0,0,1,Unfurnished,145.9519873
1892,1503.211135,4823.24415,1,1,2,10,8.826638794,7,37.88262474,0,1,0,Semi-Furnished,170.3428516
1893,1281.807055,,3,1,1,8,4.978066426,1,40.4132794,0,1,1,Unfurnished,81.12050042
1894,1445.195098,2359.861771,1,4,3,6,7.77335383,,43.94992401,1,1,1,Fully-Furnished,125.3800988
1895,1455.81852,1433.958172,2,2,2,13,10.51633048,6,55.34649963,0,0,1,Unfurnished,104.4969544
1896,1314.994485,1568.967756,2,1,3,29,10.20629416,5,33.1406167,1,1,1,Fully-Furnished,102.1607544
1897,1370.601969,1423.830383,4,2,2,23,9.948035871,10,38.53174806,0,1,1,Fully-Furnished,123.3765359
1898,2299.323585,1099.476026,3,2,2,2,8.370125567,5,26.24272547,1,0,0,Unfurnished,108.7201441
1899,1780.459724,1966.966911,3,2,1,38,12.10327813,4,36.18122679,1,1,1,Semi-Furnished,108.4727765
1900,1352.259841,820.3978504,3,4,2,26,12.95118602,3,46.8828251,1,1,1,Unfurnished,96.75512684
1901,1848.477202,2757.446053,3,4,2,0,10.94929046,8,36.54373571,1,1,0,Unfurnished,139.3037217
1902,1333.090255,2044.002349,4,2,3,37,5.650194901,7,34.52334192,1,0,1,Fully-Furnished,122.2233532
1903,2086.562319,2337.947978,1,2,1,25,3.767753131,5,42.31297445,1,1,0,Unfurnished,151.1515772
1904,1684.821096,1627.04911,4,2,2,5,5.824240932,9,53.54014584,0,1,0,Semi-Furnished,112.3172131
1905,1446.348928,1706.236853,1,3,3,11,15.81462699,7,36.22963069,1,0,1,Fully-Furnished,121.0095032
1906,1723.858463,2230.051124,5,3,1,37,9.126783655,10,65.3276595,1,0,1,Unfurnished,126.1526084
1907,714.561924,1068.759494,5,4,2,34,16.50576731,2,37.30499398,0,0,0,Semi-Furnished,48.7022761
1908,936.6162655,1713.607652,1,2,3,9,7.519206626,7,43.75296669,1,1,1,Fully-Furnished,101.5412544
1909,903.0374968,,4,3,1,8,6.964745318,7,67.36811812,0,0,1,Semi-Furnished,109.4774176
1910,1571.471547,1287.544952,2,1,1,22,7.703773853,4,58.61580095,1,1,1,Semi-Furnished,95.72131646
1911,2366.2575,500,4,1,1,29,7.63130368,8,47.91547023,1,1,1,Fully-Furnished,119.0502309
1912,2615.650073,3071.461272,2,2,1,21,4.905396353,4,55.57161661,1,0,1,Unfurnished,179.379866
1913,1819.025551,1450.768997,4,3,2,8,3.404606927,7,30.99217833,0,1,0,Semi-Furnished,144.0084526
1914,1750.422237,2930.700844,3,1,2,18,10.00534651,4,77.09640065,1,0,0,Fully-Furnished,112.5112539
1915,599.4711329,2855.033857,3,4,1,7,12.21960287,8,31.77773812,1,0,0,Unfurnished,136.8504881
1916,1228.6631,971.2002348,5,1,1,3,17.7799252,3,53.12708921,0,0,0,Semi-Furnished,85.77597753
1917,1106.108124,1129.271011,5,4,2,4,6.265148373,2,66.84571656,1,0,0,Fully-Furnished,120.6354856
1918,1189.576201,4048.402367,1,1,3,18,6.589378053,10,53.94516179,1,1,0,Semi-Furnished,165.8710375
1919,1415.928091,3400.740754,2,1,1,17,4.915082822,6,49.22883318,1,1,1,Unfurnished,130.9027991
1920,1263.954711,1974.785189,3,3,2,28,12.50290972,,66.88295583,0,1,1,Unfurnished,93.77905825
1921,510.3500948,2205.898485,4,1,2,18,11.25994982,7,59.30559785,1,0,0,Unfurnished,55.98428957
1922,1873.955128,1495.322878,1,1,3,5,4.492261673,6,42.69619634,1,0,0,Fully-Furnished,141.0667162
1923,963.6284871,2345.882171,4,4,2,4,4.391207652,8,73.13639192,1,1,1,Unfurnished,109.971607
1924,1619.623432,1426.254479,3,4,1,4,11.81005903,6,38.83353704,1,0,1,Unfurnished,124.8469057
1925,2537.041335,500,3,1,2,7,9.532784605,6,74.38231265,0,1,1,Fully-Furnished,110.1648426
1926,1040.307704,942.7553708,3,2,1,26,11.03355485,3,58.89864504,1,0,0,Unfurnished,64.23904568
1927,400,2016.874198,3,1,2,36,4.468926087,2,44.09739239,1,0,0,Unfurnished,68.14477279
1928,1356.997889,1095.146212,4,1,1,37,0.5,7,34.68338651,0,1,1,Unfurnished,128.7809406
1929,2050.479817,1946.178028,1,3,1,36,4.500139933,6,52.39906544,1,1,0,Fully-Furnished,132.6757501
1930,2479.173727,1140.271168,3,1,2,17,10.75106692,1,40.73563061,0,1,0,Unfurnished,160.5836961
1931,885.2252028,1374.116862,5,1,1,25,16.44423191,2,51.61806217,0,0,1,Semi-Furnished,69.83370847
1932,1748.349612,2682.532245,1,4,2,15,6.282144042,2,61.45295582,0,1,1,Fully-Furnished,137.7712674
1933,1267.344772,2197.984438,5,4,2,21,17.10342353,1,63.25978774,0,1,1,Semi-Furnished,87.88690205
1934,1447.025823,1992.268463,4,4,2,22,11.31927907,3,70.83049472,1,0,0,Fully-Furnished,93.2892469
1935,2822.171674,2703.171178,3,4,1,2,2.427870793,5,34.62444601,1,0,1,Fully-Furnished,169.5188014
1936,748.5148358,2384.486875,1,1,2,2,8.856135351,4,53.62024423,1,0,0,Fully-Furnished,90.13492335
1937,1626.869831,3157.250633,3,2,3,11,11.45589711,2,28.78987284,1,0,1,Semi-Furnished,124.4747129
1938,1733.846586,1632.11259,3,3,1,22,0.5,8,50.05900325,0,0,1,Unfurnished,119.6533971
1939,2042.893162,1656.292017,1,3,3,10,10.57780463,9,26.69037581,1,1,1,Unfurnished,124.3661989
1940,1548.991577,959.1125869,3,2,3,28,12.69088472,8,81.77694772,0,0,1,Unfurnished,77.42085598
1941,1654.02527,,3,2,3,5,9.595472497,7,69.42139134,1,1,0,Unfurnished,121.2587038
1942,1304.175716,2771.815915,2,3,3,15,7.753115157,10,26.87264694,1,0,1,Fully-Furnished,107.3376283
1943,1634.563471,3039.989898,2,1,2,33,7.308293668,2,40.58440378,0,0,1,Fully-Furnished,142.2311994
1944,1328.403862,2768.244134,1,3,3,36,7.074710689,6,60.84906596,1,0,1,Semi-Furnished,135.4802301
1945,1810.785945,564.6465068,1,2,1,10,3.296080785,4,53.51204375,1,0,0,Unfurnished,131.6857333
1946,1315.194832,2866.51617,3,1,3,10,5.249904672,5,50.28779395,0,1,1,Fully-Furnished,116.3006597
1947,1688.550197,,5,3,3,24,6.333623817,9,53.77311895,1,1,0,Unfurnished,105.0516574
1948,1485.368593,,1,1,3,18,8.453977385,9,62.79676898,1,1,1,Unfurnished,161.7296347
1949,2063.025125,1705.772379,3,1,2,31,5.772740969,4,80.14960277,1,0,0,Semi-Furnished,135.5677509
1950,1474.303138,2562.026651,5,2,3,7,4.52348303,8,33.00905275,0,1,0,Fully-Furnished,133.2533816
1951,613.4837659,,2,4,3,11,11.03908344,5,46.92798466,1,1,0,Unfurnished,62.94678396
1952,2130.96075,2936.934106,1,3,3,34,9.482455888,9,23.01706734,0,1,0,Semi-Furnished,170.3541163
1953,1047.13385,828.0202031,3,2,1,5,5.843081853,2,49.22803035,0,1,0,Semi-Furnished,71.04329878
1954,1173.116831,1465.236071,2,3,2,20,10.02511389,4,74.62233578,1,1,0,Unfurnished,99.31129592
1955,1202.169353,1201.524298,4,4,2,25,6.187368425,3,57.10281612,1,0,1,Unfurnished,108.0657863
1956,2187.219047,596.5721177,2,4,2,0,8.252260118,7,61.57634357,0,0,0,Semi-Furnished,112.7800821
1957,432.162893,2075.622054,3,4,1,16,11.90017622,2,52.72245209,1,0,0,Semi-Furnished,58.108376
1958,3068.874267,3444.871294,5,4,3,34,5.585035627,3,39.22999051,1,0,1,Unfurnished,212.8459697
1959,2028.028405,4133.524178,4,3,1,26,3.310353569,9,26.97717264,0,1,0,Unfurnished,151.8167666
1960,1611.619457,2077.72463,4,1,2,1,7.419461668,8,71.76592307,1,1,0,Semi-Furnished,107.0626203
1961,1472.553,2893.34502,4,1,2,35,2.546139935,2,43.28855722,1,1,1,Fully-Furnished,129.1347585
1962,1642.777037,2185.67571,1,4,2,0,6.890205963,6,47.27809552,0,1,1,Semi-Furnished,117.0394089
1963,1760.561214,2399.106556,3,4,1,9,6.877450083,3,20.5700939,0,0,1,Semi-Furnished,140.844438
1964,1822.607793,1726.281079,4,1,2,30,0.5,,40.30247593,1,1,1,Fully-Furnished,155.7493688
1965,1777.802233,2156.06154,2,2,3,36,10.12254065,5,51.97820942,1,1,0,Unfurnished,128.0968548
1966,1544.790341,2429.982964,5,4,1,4,7.269240933,10,55.1230077,0,1,0,Semi-Furnished,167.1381133
1967,1401.33079,1537.232217,3,1,3,12,12.72758581,4,74.12714443,1,1,0,Unfurnished,108.0371537
1968,1424.363358,1938.00456,2,2,2,23,8.862127919,7,46.21540152,0,0,1,Fully-Furnished,101.1768624
1969,1402.54586,1953.255905,1,1,2,26,10.94243428,10,48.39969456,1,1,1,Semi-Furnished,91.50472857
1970,2066.885048,2661.122654,4,2,1,0,12.76015501,7,72.8261407,1,0,1,Unfurnished,130.5961232
1971,1796.778361,1147.174263,2,3,3,19,7.473131669,4,67.60268295,0,0,1,Unfurnished,116.6334637
1972,400,1958.766233,3,2,1,7,7.996707245,3,28.88264415,1,1,0,Unfurnished,99.48708384
1973,1827.950388,3529.604375,2,4,3,2,1.705827106,4,71.72701277,0,0,1,Unfurnished,150.0937664
1974,1597.368097,2931.248122,1,2,2,31,12.95815098,2,25.92746264,1,0,1,Unfurnished,110.7917756
1975,1490.645622,3079.343239,5,2,1,24,7.417210401,,57.05923434,1,1,0,Unfurnished,138.6823387
1976,1305.740773,2019.545472,4,4,1,24,3.977077799,4,61.28546356,0,1,1,Semi-Furnished,110.8542248
1977,2062.05636,2256.798051,3,3,3,13,10.95888995,5,52.8090741,0,0,1,Semi-Furnished,162.7604638
1978,1973.763231,2801.788933,4,2,2,26,0.5,1,44.36701062,0,1,0,Fully-Furnished,141.9648988
1979,1113.561166,3248.204424,4,3,2,31,6.282903109,2,43.28564495,0,1,1,Unfurnished,133.4315896
1980,1703.526144,500,4,1,3,26,11.63324416,8,12.90886237,1,0,1,Fully-Furnished,100.7717946
1981,1014.171633,947.6469544,2,1,3,3,6.249112592,8,52.27087507,0,0,0,Semi-Furnished,90.82018434
1982,810.1909176,3047.555281,2,4,3,38,5.128312196,8,50.48748399,0,0,1,Fully-Furnished,89.2020849
1983,1186.641388,1778.488515,5,3,3,10,6.335380812,5,72.57925557,0,1,1,Semi-Furnished,117.6992875
1984,1931.196736,1462.623369,1,4,3,2,0.5,8,45.91894136,0,0,0,Semi-Furnished,121.82242
1985,1976.562523,996.6712104,3,4,2,24,10.86191373,9,42.10065325,1,1,0,Fully-Furnished,158.2969318
1986,1756.54271,1555.986639,2,2,2,23,7.508455832,4,42.30908937,0,0,1,Semi-Furnished,109.6159777
1987,1862.547893,878.1045733,4,1,1,8,6.91070156,4,37.41066537,0,0,0,Semi-Furnished,98.4768403
1988,1758.089144,3672.875418,1,4,2,7,6.925325534,,43.17466486,1,0,0,Fully-Furnished,158.7412959
1989,1179.259202,1982.051158,3,2,3,38,8.056319194,5,34.54391859,1,0,1,Fully-Furnished,105.4052167
1990,1715.961272,1953.639567,3,2,2,30,10.61374948,10,59.20331124,0,1,1,Unfurnished,120.7456456
1991,1900.204763,2470.46134,3,3,2,16,7.791745835,1,55.98357255,1,0,1,Fully-Furnished,142.5770445
1992,1877.145665,2769.876135,3,1,2,30,2.553453807,8,28.18957095,1,1,1,Semi-Furnished,158.8265402
1993,2094.456686,2756.710525,5,3,1,3,10.30206449,4,51.41772405,0,1,0,Unfurnished,149.3020358
1994,1854.151924,2858.897555,3,3,1,3,9.994278764,8,66.71059903,0,1,0,Semi-Furnished,164.6269889
1995,1675.724104,,1,4,3,36,8.822107993,2,65.86491402,0,0,1,Fully-Furnished,71.11688577
1996,2035.075119,,2,3,3,7,12.30096523,4,34.40640494,0,1,0,Semi-Furnished,118.5731835
1997,1486.73937,2615.225324,1,4,1,5,8.121514706,2,69.98854412,0,1,1,Fully-Furnished,118.5132903
1998,1059.062674,1578.088751,4,3,2,8,12.44550436,5,42.0578695,1,0,1,Fully-Furnished,103.414515
1999,1418.466518,1995.914694,5,2,2,7,13.62884409,10,50.32221085,0,0,0,Fully-Furnished,108.2795539
2000,1127.548678,2319.011012,5,1,1,31,10.32925154,10,44.72281197,1,0,1,Unfurnished,102.0993461
2001,1162.410863,2628.148066,4,1,3,14,5.008265512,8,31.95133291,1,0,1,Fully-Furnished,148.6760219
2002,1427.740665,577.8552301,1,1,2,17,7.476857126,,38.30206691,1,1,0,Semi-Furnished,73.66069163
2003,1103.79004,2571.79652,1,2,3,22,12.95542414,5,68.67498665,0,0,1,Unfurnished,102.4728475
2004,1346.019235,1813.020754,4,2,2,4,2.009488536,7,69.08339437,1,0,1,Unfurnished,118.8191366
2005,553.1926665,2565.966169,3,3,3,26,6.432185327,5,60.21233474,0,0,0,Unfurnished,94.13144813
2006,1606.646854,2621.545354,3,3,2,32,6.628140654,7,46.62008475,0,0,1,Semi-Furnished,144.6653983
2007,1500.602738,3286.332049,2,3,3,1,4.539157599,4,77.01848165,0,0,1,Fully-Furnished,92.99751857
2008,1091.455684,3082.762918,1,3,3,37,11.4915158,4,64.8239069,1,1,1,Unfurnished,97.44024392
2009,1829.622834,3077.25733,1,1,3,27,9.507260284,10,48.24442416,1,1,1,Fully-Furnished,131.6149927
2010,1968.785069,3154.936255,4,3,1,23,5.155766574,4,20.68334673,1,0,1,Fully-Furnished,151.9679859
2011,696.2200678,2233.103188,4,2,3,20,10.42205168,8,62.91898635,0,0,1,Semi-Furnished,110.7568916
2012,1118.637611,2025.74807,3,2,1,30,7.366335061,1,68.62261059,1,1,0,Unfurnished,115.9668536
2013,1115.428825,2698.253667,1,2,1,10,4.439221707,,56.42991458,1,0,1,Semi-Furnished,138.2113589
2014,1030.048449,2585.664761,1,4,3,27,5.148326359,5,21.34681535,0,1,1,Unfurnished,116.0880576
2015,1914.737421,1752.747011,5,4,1,39,9.744204299,,52.97362821,0,1,1,Unfurnished,122.6062856
2016,1403.086931,2323.858727,2,4,1,3,11.75603951,2,82.64094338,0,1,0,Fully-Furnished,130.0457725
2017,1367.742579,1971.922827,2,3,1,15,6.052927068,10,47.69594033,1,1,0,Fully-Furnished,98.53817442
2018,498.0688178,1316.853673,3,1,2,11,10.17776533,4,79.45579314,0,0,1,Unfurnished,73.63762023
2019,1817.709015,3032.368593,1,1,3,21,14.32701663,5,60.53214378,1,0,1,Unfurnished,142.6648772
2020,880.3708026,2044.159394,5,3,1,34,2.964517775,8,50.709311,0,0,1,Fully-Furnished,99.56481411
2021,1529.966315,3638.966606,1,3,3,15,9.422679491,,71.04346824,1,0,0,Unfurnished,130.6990917
2022,1638.688469,699.6061838,4,4,1,23,11.32262277,,40.87825363,1,0,0,Unfurnished,69.20400389
2023,2180.329298,1554.576982,3,2,3,34,7.619400734,2,31.45431871,1,1,0,Unfurnished,127.8098672
2024,845.5898004,2026.111069,2,2,1,27,12.95313284,8,31.76557369,1,1,0,Semi-Furnished,90.15963604
2025,400,2909.904878,1,4,2,28,16.79534815,3,53.11417991,0,0,1,Unfurnished,86.66048981
2026,1591.924772,2319.575498,3,4,2,20,9.373421394,5,56.68808602,1,1,1,Unfurnished,125.6041317
2027,2400.255591,2248.378203,2,1,2,24,7.065641071,2,39.76644698,1,1,1,Fully-Furnished,126.8868955
2028,2119.473176,1098.188966,1,4,1,38,11.90793123,6,68.29348549,0,1,0,Fully-Furnished,115.3033962
2029,1604.829708,1074.446882,5,2,3,30,11.36827544,10,51.32528097,0,1,0,Semi-Furnished,119.9352164
2030,1254.181907,2258.003728,3,2,1,14,0.5,6,62.44126926,0,0,0,Fully-Furnished,117.9585837
2031,1903.561298,908.7152049,1,3,2,34,7.989057776,2,39.77616635,1,0,1,Unfurnished,104.4300486
2032,1013.2269,1574.4978,2,1,1,37,6.421602133,4,47.27032905,1,1,0,Semi-Furnished,42.16426503
2033,1738.178885,,2,3,3,21,9.586822766,2,23.51835302,0,1,1,Unfurnished,145.7054808
2034,1752.73508,1214.140582,5,1,2,4,7.225366879,,45.7834699,0,0,0,Unfurnished,124.5066046
2035,2030.104954,3284.28477,3,3,1,12,7.659295631,4,53.38366759,0,0,0,Unfurnished,160.3270211
2036,2879.830019,2979.149075,3,1,3,31,4.547148962,7,41.59215395,1,0,1,Semi-Furnished,159.5541223
2037,1696.207984,,1,4,2,2,10.93811687,5,49.09043878,1,0,0,Fully-Furnished,110.6248705
2038,1245.518187,1254.103005,2,2,3,14,14.62016889,10,53.58562394,0,1,1,Fully-Furnished,108.6935593
2039,1487.212844,500,2,4,3,26,4.609312203,4,41.97704363,1,1,0,Fully-Furnished,44.76342297
2040,615.4620476,1373.92691,5,1,2,26,2.411779907,10,46.03322736,1,1,0,Unfurnished,93.27353633
2041,1152.643434,2613.110781,5,1,1,29,8.080012879,10,39.03412766,0,0,1,Semi-Furnished,114.5716071
2042,1295.358781,1668.884046,3,3,1,5,7.885377356,3,35.88110531,1,1,0,Fully-Furnished,95.27805775
2043,1237.955801,2368.637795,2,1,1,24,12.68373114,6,68.44219732,1,0,0,Semi-Furnished,96.96893258
2044,1576.177436,,1,4,1,27,3.08322019,2,28.54887353,0,1,1,Semi-Furnished,102.9994498
2045,1088.790034,2638.380204,4,1,3,21,5.8481793,4,62.80815526,0,1,0,Unfurnished,96.919891
2046,2060.515334,1555.912618,1,1,1,3,0.5,8,29.53367587,0,0,1,Semi-Furnished,127.7567588
2047,1500.103532,2009.735746,5,3,1,14,13.49993454,2,72.67183829,0,0,1,Fully-Furnished,80.45526047
2048,1495.349839,1925.700399,1,1,3,25,9.002178513,9,58.62913039,0,1,1,Fully-Furnished,117.1185806
2049,1336.052642,982.7611833,2,3,3,17,6.146268344,2,44.39439361,1,1,0,Semi-Furnished,99.92780794
2050,1577.595342,1077.532535,3,2,2,8,2.710914086,8,64.15882219,1,1,1,Semi-Furnished,123.2192551
2051,1912.549132,2774.235575,4,3,3,3,3.078095767,8,66.3068789,1,0,0,Semi-Furnished,151.707566
2052,1066.434892,2319.193726,3,1,2,4,9.657067599,7,58.68315384,0,0,1,Semi-Furnished,119.342409
2053,1170.941755,2840.039233,4,2,2,5,3.570299818,10,57.1092601,0,0,1,Fully-Furnished,138.361239
2054,1348.136986,2259.726588,4,1,1,11,8.416021693,6,53.35635063,1,0,0,Fully-Furnished,122.0381176
2055,827.0645383,2114.392508,2,3,1,30,16.17177944,1,71.25036821,1,1,1,Unfurnished,82.85339989
2056,1090.37107,619.1915051,2,4,1,8,6.609649508,2,49.62697144,0,0,1,Semi-Furnished,96.64154985
2057,1261.889563,1783.706643,5,2,3,6,4.154222224,7,51.80094951,0,1,1,Fully-Furnished,140.5265382
2058,1937.19459,1978.092544,5,4,3,28,9.528028822,,62.93402954,1,0,0,Semi-Furnished,138.3106597
2059,1631.280665,3562.485759,4,4,1,13,3.096833037,9,45.22447178,1,1,1,Fully-Furnished,162.5043423
2060,1596.794956,2549.565306,5,2,1,19,14.87993812,3,66.50030853,1,0,0,Unfurnished,118.7588847
2061,1925.448981,3228.848945,2,4,3,31,13.61447867,4,63.37957834,0,1,0,Fully-Furnished,129.4593588
2062,1431.314106,2478.030165,5,4,2,21,7.343313524,3,92.68944317,1,0,0,Fully-Furnished,113.4715756
2063,1695.232425,1430.957418,4,4,2,35,4.410827274,7,48.15054434,1,1,0,Unfurnished,112.0955741
2064,1448.389124,2093.699373,3,4,1,17,6.296920509,2,58.97680854,0,0,0,Semi-Furnished,109.0795202
2065,1632.681175,2188.978917,1,2,1,39,6.817337552,10,57.00421026,1,1,1,Fully-Furnished,91.08261788
2066,1208.620671,1248.675544,5,1,1,24,9.534268527,2,62.15252704,0,0,1,Unfurnished,86.04069951
2067,400,1692.490099,2,4,2,30,12.15852932,2,48.93663319,1,0,1,Unfurnished,76.30836504
2068,1432.860419,1835.386405,3,2,1,34,3.853949477,4,56.97070177,0,1,0,Unfurnished,113.6154097
2069,2211.374068,3284.495866,2,2,2,25,12.04363826,8,52.17985342,0,1,1,Fully-Furnished,154.3616254
2070,1963.107701,500,5,2,3,3,10.47074245,8,62.90004987,0,0,1,Semi-Furnished,138.0310265
2071,1982.698742,2964.654737,4,2,3,19,5.968842037,8,21.17584305,0,0,1,Fully-Furnished,149.0269824
2072,2118.065361,1250.563812,1,3,3,33,3.653152417,8,46.42197681,0,0,0,Fully-Furnished,106.1610981
2073,1544.328795,902.3366502,1,1,1,11,8.464930869,,81.81917315,1,0,1,Fully-Furnished,117.560292
2074,1598.657854,2943.953704,3,1,3,15,3.761646065,6,73.11181711,0,0,1,Unfurnished,123.9074591
2075,1191.174052,2585.518455,1,4,2,4,12.0947234,7,54.55005893,1,0,0,Semi-Furnished,80.83060137
2076,1341.963572,3003.614962,4,2,2,34,3.504468911,5,58.88309434,0,0,1,Fully-Furnished,144.8139161
2077,1807.885575,2640.561558,2,3,2,26,10.19082477,8,57.79805572,1,1,1,Semi-Furnished,164.2144038
2078,2101.942219,3647.876001,4,2,1,0,7.677534541,2,59.4595899,1,1,0,Fully-Furnished,159.2995844
2079,1430.276862,2446.97907,3,4,1,33,5.757500462,5,36.8520442,1,1,0,Semi-Furnished,118.990523
2080,1274.905368,1874.818099,3,1,2,31,7.588673975,7,40.01829729,0,1,0,Unfurnished,88.87573802
2081,1500.263979,2274.341102,1,4,2,38,12.31993268,,40.23782207,1,0,0,Semi-Furnished,133.9149216
2082,1800.603374,2994.775303,4,4,2,32,3.230970364,10,43.32877557,1,0,1,Unfurnished,179.257109
2083,778.0725919,1376.49974,2,4,2,30,6.351373779,1,73.61046861,0,0,0,Unfurnished,56.62490049
2084,400,1478.489134,4,4,3,12,4.993025741,9,32.50500374,1,0,1,Semi-Furnished,107.730025
2085,1224.731575,1752.831988,2,4,2,1,7.845531466,3,79.45710343,1,0,0,Fully-Furnished,129.2208004
2086,889.643787,500,2,4,1,29,5.26127643,1,56.077917,0,0,0,Fully-Furnished,87.45699301
2087,1245.929901,,4,4,1,9,0.92767503,7,32.49449506,0,1,0,Fully-Furnished,135.0631735
2088,1426.109841,500,5,1,1,22,3.779449812,3,41.45273373,0,0,1,Fully-Furnished,96.36861836
2089,1273.375795,2042.44745,4,1,1,32,14.55102007,8,56.57761555,0,0,1,Semi-Furnished,93.16962316
2090,2226.233767,2692.231805,2,2,1,38,8.986912845,2,30.61577178,1,0,1,Fully-Furnished,124.1798635
2091,1663.372382,1618.498831,3,2,2,28,8.849448215,4,44.77563224,1,0,1,Fully-Furnished,119.2537339
2092,1650.23718,,3,3,2,29,6.86955044,2,32.94467169,0,0,0,Unfurnished,149.8746929
2093,1811.103572,831.5992805,1,3,3,33,7.793498304,4,59.53243165,1,0,0,Semi-Furnished,78.61398636
2094,930.5834411,2953.008545,3,1,3,38,6.280752309,1,33.18139726,1,0,0,Unfurnished,98.65107573
2095,2019.555894,2540.109645,5,1,3,16,10.10771412,10,27.37984201,0,1,1,Unfurnished,158.7183891
2096,1462.117857,627.1734014,2,3,2,21,8.403235417,5,71.96287595,1,1,1,Fully-Furnished,78.43569889
2097,1835.240309,4168.635439,4,1,3,4,3.314927159,3,45.42438984,1,1,0,Fully-Furnished,170.719552
2098,964.0713835,1949.003772,4,3,2,10,9.014898012,9,44.10498608,0,1,0,Semi-Furnished,108.856143
2099,723.120617,1298.012782,5,2,1,21,0.5,4,57.06958619,1,0,1,Unfurnished,88.91914824
2100,1908.944829,874.3302442,3,1,2,31,9.655436799,6,49.58382171,0,1,1,Fully-Furnished,126.0095818
2101,1688.204763,1823.985578,2,1,2,23,2.362572573,9,37.65960602,1,1,0,Unfurnished,119.847587
2102,1048.974223,1898.074502,3,3,1,10,7.615779655,2,40.83989177,1,0,0,Fully-Furnished,84.87350164
2103,1065.168459,2082.116423,1,4,1,10,3.221489587,7,60.77675246,0,1,0,Fully-Furnished,121.7564775
2104,2062.717392,1761.763075,3,4,1,16,8.011292798,3,35.53791606,1,0,1,Fully-Furnished,140.1788488
2105,905.2940536,2506.580248,1,2,3,31,10.31311408,1,49.45874212,0,1,1,Fully-Furnished,93.28927979
2106,2321.336477,1689.896134,4,1,3,18,14.01130834,9,75.01787008,0,1,0,Semi-Furnished,140.7048691
2107,1049.689633,500,2,1,3,26,1.83456938,9,45.53752588,0,1,0,Unfurnished,81.21409572
2108,1819.195963,1880.510803,1,3,1,31,11.90189182,4,68.48729231,1,0,0,Unfurnished,94.74886983
2109,1335.690762,500,3,4,3,24,8.524610822,9,34.85322419,1,0,1,Semi-Furnished,92.26989946
2110,1801.593716,2283.016505,3,4,1,27,6.197331389,7,52.76729792,0,1,1,Semi-Furnished,150.2213294
2111,1227.942999,,4,2,1,39,11.03942602,4,68.69101218,0,1,0,Semi-Furnished,96.09034801
2112,1418.603547,2130.688284,5,4,1,26,7.056300596,2,41.44091415,0,0,0,Fully-Furnished,142.5639876
2113,1520.459588,3051.259985,5,4,3,13,10.87012207,5,78.75871832,1,0,0,Fully-Furnished,145.3070741
2114,998.9062721,1241.001044,3,4,3,38,4.030921147,,49.19357393,0,1,1,Unfurnished,128.2939479
2115,1870.412173,,5,3,1,1,5.468011871,10,32.56066317,1,1,1,Semi-Furnished,166.4760796
2116,1243.393217,1653.288347,2,4,3,16,11.77440021,10,65.05911195,0,1,1,Unfurnished,101.6525576
2117,1385.700042,3402.555842,5,2,2,0,13.94160209,6,73.77783106,1,1,1,Semi-Furnished,129.940351
2118,1002.825313,1707.877909,2,4,3,31,7.859872403,5,31.29442353,1,0,0,Unfurnished,93.71028831
2119,400,,3,2,1,18,0.5,4,56.62176912,1,1,0,Semi-Furnished,77.70972358
2120,1404.486119,2549.79076,3,3,1,13,7.20380287,6,39.90719924,1,0,1,Semi-Furnished,156.667856
2121,2706.307711,1651.368216,3,3,1,30,8.129704471,3,34.67785,1,0,1,Fully-Furnished,140.1382893
2122,1892.302144,1326.840389,4,2,2,17,7.068906493,2,36.7703729,1,0,1,Unfurnished,116.2169388
2123,1490.36981,1617.728119,5,3,1,13,9.345354247,1,53.15261789,0,0,0,Fully-Furnished,112.1051226
2124,1368.554585,1964.314774,1,1,1,13,6.09236029,9,69.40212559,0,0,1,Fully-Furnished,124.7194795
2125,1511.232946,3073.744105,1,1,3,23,11.35548344,1,49.08617875,0,0,0,Unfurnished,110.7455729
2126,1773.559558,500,3,1,2,4,3.333146909,4,56.30003374,1,0,0,Fully-Furnished,114.8446019
2127,909.5935923,2018.464527,5,1,3,15,12.94739483,6,41.69124515,1,0,0,Semi-Furnished,108.3581204
2128,2057.160847,2499.922876,2,1,1,4,14.2003153,9,48.10469981,1,0,1,Semi-Furnished,171.4420966
2129,1857.690658,,1,3,1,12,4.347761048,4,36.97792325,0,1,1,Semi-Furnished,108.0848575
2130,1859.092863,3047.892136,3,2,2,15,4.345600698,7,22.84139246,1,0,1,Semi-Furnished,147.6877338
2131,1719.237869,1940.523736,1,3,1,14,9.642781255,7,42.32344674,0,1,1,Fully-Furnished,148.4378558
2132,1509.808329,1852.358846,1,4,2,30,3.251118361,6,66.93934567,0,0,0,Unfurnished,102.515707
2133,1836.430618,2473.863638,1,1,3,4,6.029588516,9,12.57933778,0,0,0,Fully-Furnished,147.6622676
2134,1795.907067,2079.451052,3,1,2,20,12.41010783,10,66.51990246,1,1,1,Unfurnished,94.0171282
2135,1322.979645,,3,3,3,29,10.95042706,7,54.93061763,0,0,0,Unfurnished,82.54881927
2136,1213.199114,,4,4,1,22,15.92078537,3,47.92131873,0,0,0,Fully-Furnished,67.59967769
2137,1550.928148,1477.977365,4,3,3,37,8.68313659,6,42.12006911,1,1,1,Fully-Furnished,106.5737442
2138,2274.510076,1511.058278,4,2,3,28,5.556647991,7,57.18375562,0,1,1,Semi-Furnished,134.8683526
2139,880.4464622,1577.604783,1,1,3,12,8.204974047,7,70.9782805,0,0,0,Unfurnished,82.92141669
2140,766.2373671,3082.455328,5,3,2,31,7.397646642,6,53.8698556,0,0,1,Unfurnished,132.0276673
2141,1582.380421,500,3,2,3,26,7.453771563,3,46.84368044,1,1,0,Unfurnished,101.7754246
2142,1525.443851,2316.479068,4,1,2,33,7.904785168,6,90.48456395,1,0,1,Semi-Furnished,121.1210599
2143,1586.670832,2027.417451,5,1,2,32,4.272933165,2,51.29230069,1,0,0,Unfurnished,99.81803737
2144,1621.976599,655.3036326,4,1,2,3,9.12887102,10,25.4247434,1,0,1,Unfurnished,99.40852083
2145,1388.398873,2247.781423,4,4,1,17,2.365346929,1,54.91737744,0,1,0,Semi-Furnished,115.5537332
2146,2244.931719,2380.601593,5,3,1,5,5.132693568,8,41.17402299,1,0,1,Fully-Furnished,155.534755
2147,699.5480108,2471.711385,4,1,1,27,7.524484947,3,44.70432277,1,1,1,Semi-Furnished,86.04310098
2148,1085.751488,500,1,1,2,26,0.5,8,69.17680043,0,0,1,Semi-Furnished,55.92027009
2149,1448.37262,3093.111529,1,2,1,25,11.07596615,3,63.16697481,0,0,0,Fully-Furnished,100.8585406
2150,678.4055944,1409.810636,1,3,3,19,0.5,2,23.56923459,1,0,1,Unfurnished,95.15852979
2151,1412.072798,2549.254197,2,2,2,12,10.67835076,8,24.06014917,0,1,1,Fully-Furnished,147.0729449
2152,2330.735083,2592.859025,4,3,1,27,2.82876284,3,52.11613778,0,1,0,Unfurnished,165.7340423
2153,1510.443244,1298.642332,2,1,2,33,6.380325237,8,64.58859526,1,1,1,Semi-Furnished,114.1190138
2154,1615.350453,2528.367962,3,4,1,22,10.07652259,2,16.30969912,1,0,0,Unfurnished,161.5743002
2155,869.9176174,1691.605407,5,2,3,9,16.79255808,4,64.69436742,0,0,0,Semi-Furnished,70.23288899
2156,1191.819296,500,3,4,2,29,8.465807911,9,86.99073066,0,1,0,Unfurnished,75.35463135
2157,1312.40181,2934.19354,2,4,1,21,0.5,,67.79517807,1,1,0,Semi-Furnished,120.9297175
2158,1341.142452,1379.96403,1,4,1,4,11.81478053,2,38.10374192,1,1,0,Unfurnished,95.19076544
2159,2140.821898,1316.40523,4,3,3,8,7.072326381,2,59.63103236,1,0,0,Unfurnished,101.3318806
2160,1778.84553,1677.547306,4,3,3,3,8.279626618,9,53.49495528,0,0,1,Unfurnished,126.7736316
2161,944.2710215,2217.78938,1,4,1,0,10.23145212,10,76.7270728,0,1,0,Fully-Furnished,114.4111064
2162,1623.252389,1954.183671,4,1,1,33,0.5,5,67.02880211,0,0,1,Semi-Furnished,128.703481
2163,1749.110874,2438.45354,5,1,2,25,8.026147391,4,36.5153584,1,0,0,Semi-Furnished,102.1332235
2164,2070.074519,928.4085068,5,4,2,17,6.36122444,10,58.80702447,1,1,1,Semi-Furnished,127.0861967
2165,2290.270343,1406.090904,5,2,1,15,12.88733962,10,37.69484675,1,0,0,Fully-Furnished,118.5288178
2166,992.4529041,1907.202342,3,2,3,22,10.90845505,4,65.57243888,1,1,0,Fully-Furnished,99.51508626
2167,1094.571244,3518.309834,1,3,2,35,1.491992309,7,46.19332474,1,1,1,Fully-Furnished,121.4072808
2168,871.2110705,1908.949969,5,2,1,25,13.05050341,3,49.40863511,0,1,1,Fully-Furnished,69.40256776
2169,1382.99007,2868.177811,2,1,3,1,9.798100353,9,52.54142532,0,1,0,Unfurnished,107.327079
2170,1733.179187,2030.844135,5,4,3,4,1.81103361,5,41.73268958,0,1,0,Semi-Furnished,141.8772367
2171,1993.667258,1613.07309,3,2,1,28,8.223012414,9,51.59692331,0,0,1,Unfurnished,120.3786961
2172,1462.024488,1802.620461,2,4,1,3,12.13930446,1,56.88328141,0,1,1,Fully-Furnished,123.2218986
2173,1340.076238,1865.26423,1,2,2,34,3.14382451,10,45.7829425,0,1,0,Fully-Furnished,115.0824004
2174,1575.878996,2482.916591,1,3,1,21,13.51030934,8,53.29031463,1,0,0,Unfurnished,127.1152821
2175,1082.428549,3099.689014,5,1,2,7,1.949484903,2,38.8397041,1,0,1,Semi-Furnished,132.9667344
2176,2544.769361,2287.744678,2,3,3,20,4.835091293,8,31.5411832,1,1,0,Fully-Furnished,152.1916553
2177,696.1694864,2949.662143,2,4,2,7,4.228516658,4,49.48858633,1,1,0,Unfurnished,124.1325676
2178,1592.370289,1228.16821,5,1,1,4,13.50773493,2,65.26150318,0,1,1,Unfurnished,83.44791469
2179,2511.80311,1668.295593,5,1,2,20,6.035935454,2,64.77245376,0,1,1,Unfurnished,149.4603586
2180,1503.399922,1420.557973,4,3,3,26,3.348731989,6,63.8308807,0,0,0,Unfurnished,110.0350883
2181,1404.980482,2251.555673,4,2,3,37,9.780843516,3,65.14812986,1,1,0,Semi-Furnished,122.1346391
2182,1321.277289,1712.833292,5,3,1,4,10.64472396,10,52.76227696,1,1,1,Semi-Furnished,145.7765813
2183,1409.804159,2583.81835,3,4,2,20,10.67014438,3,41.77604355,1,1,1,Fully-Furnished,136.8006845
2184,2186.424237,1255.198631,4,2,1,7,6.914643339,9,46.086178,0,1,1,Fully-Furnished,116.5971727
2185,400,2034.424779,5,3,1,21,9.018137204,5,48.18377518,0,0,1,Semi-Furnished,81.35964608
2186,2266.716851,2549.486329,2,3,3,17,5.399067655,7,40.13023491,1,0,1,Semi-Furnished,169.0986614
2187,788.0214238,500,4,2,2,3,14.69920671,,58.89404634,1,1,0,Unfurnished,96.36007437
2188,1366.673835,3697.305046,3,2,1,3,12.57682063,2,40.81944065,1,1,1,Unfurnished,151.4638527
2189,1285.37779,1773.478492,1,2,3,36,12.33182732,8,22.25405794,1,1,1,Unfurnished,84.29748567
2190,1794.276635,500,2,3,1,14,11.17646374,9,65.87933587,1,0,1,Fully-Furnished,129.7984143
2191,700.9378241,2126.475119,3,2,2,37,10.07893322,2,57.65475014,1,1,0,Fully-Furnished,79.33274165
2192,1731.086333,2026.754774,3,2,1,26,3.022550063,2,24.12101745,0,0,0,Fully-Furnished,117.5301675
2193,2512.154812,1934.484496,3,2,2,20,10.53320495,4,40.28089491,1,0,1,Fully-Furnished,153.0325567
2194,818.4129977,2792.95289,2,1,3,3,8.45706092,8,48.55617526,0,1,0,Unfurnished,102.1610992
2195,1594.853084,2597.955977,3,4,3,10,13.05345634,5,49.9536699,0,0,1,Fully-Furnished,117.1401162
2196,1169.008911,2238.300953,1,2,1,18,11.22967673,5,81.57141348,1,0,1,Fully-Furnished,100.7202302
2197,1712.943603,2360.124507,4,4,3,18,10.20152188,7,35.61158339,0,1,1,Unfurnished,130.1689507
2198,1509.573889,1916.51324,2,2,1,26,1.26310081,4,34.68371707,1,1,0,Unfurnished,105.9131649
2199,1179.256545,3420.392679,3,2,1,39,7.643997854,9,69.07212074,1,0,0,Semi-Furnished,108.7949932
2200,1743.936142,816.6431853,5,1,2,27,5.76843096,4,47.25116405,1,0,0,Unfurnished,70.10601666
2201,2402.174055,2111.721339,4,1,1,4,9.009463697,8,67.60021439,1,0,1,Fully-Furnished,163.6773518
2202,1404.548104,2052.019705,2,2,2,24,6.337806914,3,46.01177052,0,1,0,Unfurnished,120.0573902
2203,1859.878971,2650.624325,5,2,1,2,6.896216896,,68.27880909,0,0,1,Fully-Furnished,152.9107661
2204,853.3635211,1324.916898,5,2,2,25,9.83613562,1,45.83705315,1,1,0,Semi-Furnished,50.92462186
2205,1021.781812,605.0619181,3,4,3,9,6.271447546,7,48.12584002,0,0,1,Semi-Furnished,101.8430831
2206,1736.203139,2125.458413,2,2,1,23,8.486366158,,34.4425803,1,1,1,Semi-Furnished,146.3320348
2207,2242.058014,,3,4,2,28,1.922352437,2,75.91952915,1,0,0,Fully-Furnished,129.0982745
2208,1677.806674,3191.679528,1,1,1,6,4.670394093,5,38.69339061,1,0,1,Fully-Furnished,146.3426624
2209,1343.470985,983.7103629,5,4,2,22,10.62417427,4,30.84348143,1,1,0,Semi-Furnished,110.2968336
2210,1499.645703,2923.755013,1,2,2,26,3.079231533,10,74.30187765,1,1,1,Semi-Furnished,126.3246743
2211,874.796133,3893.931491,3,1,1,8,12.98290031,9,59.88300238,0,0,1,Fully-Furnished,109.8575508
2212,1802.257663,1697.78809,4,3,1,2,11.89759742,2,73.76659615,0,0,0,Fully-Furnished,77.98526123
2213,1941.166531,967.2462244,5,1,3,12,6.927080259,3,39.30172905,0,0,1,Fully-Furnished,107.4653535
2214,1273.954834,1674.420507,4,3,3,5,19.99493642,1,59.07749848,1,0,1,Fully-Furnished,84.12906234
2215,1264.978926,2011.203974,2,4,3,37,12.97241431,10,71.00156644,1,1,1,Semi-Furnished,107.5767633
2216,1632.939115,,5,1,1,20,4.202881973,,32.86130717,0,0,1,Semi-Furnished,141.8652595
2217,1281.640132,1526.884216,1,1,3,18,10.98469621,3,54.89886186,0,1,0,Unfurnished,94.69848269
2218,1466.933693,3244.158827,4,1,2,24,8.263452265,4,43.20246842,1,1,0,Unfurnished,110.2620603
2219,2549.860895,1108.374148,2,4,1,38,4.893151637,4,44.10167346,1,1,0,Fully-Furnished,124.7051443
2220,1376.48715,608.6358783,5,2,2,3,3.720363427,6,37.68360554,1,1,1,Semi-Furnished,120.5402969
2221,1320.829924,2885.368339,2,4,2,21,11.97957334,10,56.39357899,1,1,0,Fully-Furnished,88.34176102
2222,1176.229097,500,1,1,2,4,5.608218142,7,46.43673466,0,1,0,Unfurnished,82.38014719
2223,1872.095986,1836.696185,5,2,1,0,7.59249458,7,36.11832623,0,0,1,Fully-Furnished,134.0135485
2224,1409.387913,4494.144903,2,1,1,16,4.315896287,8,71.2992108,1,0,1,Unfurnished,147.9182119
2225,1175.313481,1990.365158,3,1,3,8,5.007368251,3,50.77172755,0,1,0,Unfurnished,109.0635352
2226,2160.652016,1103.385879,5,3,3,8,7.4922832,5,26.49203111,0,0,0,Semi-Furnished,111.5909235
2227,2209.801502,1954.082029,5,1,3,23,9.552729171,10,39.72390229,1,1,1,Fully-Furnished,159.7995159
2228,1199.788217,1959.359369,5,4,3,9,0.5,6,27.79571354,0,1,1,Semi-Furnished,141.5779944
2229,566.7300243,2128.519952,5,4,2,19,8.067679197,6,40.60541584,1,1,1,Unfurnished,135.3570481
2230,2003.756845,2529.810386,3,4,1,16,5.01551595,8,55.28069207,0,0,1,Unfurnished,147.6996028
2231,1157.685087,1168.711065,1,2,3,12,13.60945061,5,59.28805172,1,0,0,Fully-Furnished,99.35716257
2232,1895.3128,3350.038444,3,3,2,28,19.77101058,,62.67696547,1,0,0,Fully-Furnished,145.4862261
2233,514.9480911,2196.091427,3,3,1,35,6.56288386,1,40.6439669,0,1,1,Fully-Furnished,89.32324966
2234,1946.298669,2581.435237,2,1,1,22,1.111085757,1,44.65837256,1,0,1,Fully-Furnished,130.4268889
2235,894.4140354,1497.48048,4,1,1,26,8.46750788,6,56.59637769,1,1,0,Unfurnished,73.92040259
2236,1865.38206,3029.10571,4,3,2,17,7.178282682,10,62.94124567,1,1,0,Unfurnished,158.5431568
2237,1507.136534,1794.358073,2,2,3,17,15.8854026,10,47.89696561,1,0,0,Unfurnished,131.012381
2238,1023.03029,2222.042011,3,4,1,8,14.66635737,,59.63123515,0,1,0,Semi-Furnished,104.1249205
2239,1296.481844,1253.515138,2,1,2,2,11.46149988,10,41.59703162,1,1,1,Semi-Furnished,118.1641763
2240,1843.159228,1202.454699,5,3,1,6,5.653223675,6,17.76332061,0,1,0,Semi-Furnished,151.3601792
2241,1552.947227,2550.564245,2,2,2,14,10.71106626,9,63.59252945,0,1,1,Fully-Furnished,155.7126057
2242,1792.20649,1645.114536,2,4,3,29,9.060025436,8,58.45200659,0,1,1,Unfurnished,123.0520549
2243,2488.220292,1316.94153,5,1,3,8,8.965292813,7,48.53988862,1,0,0,Semi-Furnished,147.0977075
2244,717.8791941,1485.453326,4,4,1,26,1.767080606,7,52.62350122,0,1,1,Fully-Furnished,88.99202352
2245,2308.606287,2559.162457,5,4,3,35,12.24718135,6,67.34765279,1,1,1,Fully-Furnished,158.3499064
2246,1552.177969,1496.769711,1,3,3,17,8.431233313,6,49.87338297,1,0,1,Fully-Furnished,119.8325907
2247,1050.607976,1905.876055,2,3,2,30,7.59663461,1,10,1,0,1,Unfurnished,95.91933236
2248,834.8431871,2012.0222,2,4,2,16,5.59937402,7,19.54478127,0,1,0,Fully-Furnished,96.33516244
2249,1405.439805,,4,4,1,5,4.825534001,5,70.08103852,1,0,0,Semi-Furnished,85.76695772
2250,1960.825056,823.0988757,3,1,2,38,9.269034325,7,58.89947225,0,1,0,Fully-Furnished,107.4540279
2251,1436.22544,2269.022311,5,2,3,24,1.003348793,6,67.03903199,1,0,1,Unfurnished,136.9124781
2252,2255.577465,1410.376511,3,2,2,37,11.15799504,8,72.29623771,1,0,1,Unfurnished,121.1428509
2253,774.412155,2845.379929,1,4,3,37,3.783578252,3,71.42676773,0,0,0,Fully-Furnished,69.19199374
2254,1493.955526,2773.445683,5,3,1,30,0.5,8,28.86068903,1,1,1,Unfurnished,149.6883443
2255,873.8032778,2575.334933,1,2,3,28,15.28758126,7,46.9733708,1,0,0,Unfurnished,81.45911237
2256,1681.815941,3455.81743,1,4,2,39,4.567651803,1,36.72356364,0,0,0,Semi-Furnished,99.44383808
2257,1943.443695,1933.528538,1,3,2,8,5.111363354,3,52.44967094,0,0,1,Semi-Furnished,141.752037
2258,1289.619103,2519.105541,5,1,2,0,12.53815332,10,29.67844916,0,1,0,Fully-Furnished,138.3861024
2259,400,1532.479219,5,2,2,15,15.4177236,4,50.64441357,0,0,1,Unfurnished,74.77157635
2260,1599.474073,3961.89593,4,1,1,37,1.867993686,9,24.16244068,0,0,0,Unfurnished,118.0146535
2261,1718.369276,3586.906922,2,3,3,22,4.175327759,6,44.79315405,1,0,1,Unfurnished,167.1646094
2262,1702.147377,2009.504348,3,4,2,7,4.469284711,7,71.87619551,1,0,1,Semi-Furnished,141.8401094
2263,2117.891096,2309.268984,3,1,3,11,11.73920665,5,39.76751283,0,0,0,Unfurnished,128.3924359
2264,964.4731602,3087.438079,1,4,1,9,14.55652851,3,39.61041533,0,0,0,Semi-Furnished,101.6150283
2265,1840.108053,1882.288396,5,2,3,15,3.678989754,,51.88829966,1,0,1,Unfurnished,126.7877476
2266,2096.253756,1474.700743,5,1,2,23,13.65898135,7,52.73092604,0,1,1,Semi-Furnished,123.737677
2267,610.706208,2699.191801,1,2,3,38,5.163863554,9,54.70774388,1,1,1,Fully-Furnished,122.1198174
2268,1659.825913,2062.751397,2,2,2,7,9.344491612,9,38.07430742,0,0,1,Fully-Furnished,103.3281111
2269,1247.910084,2146.39556,3,2,2,10,2.914185202,8,40.97929636,1,1,0,Unfurnished,140.2660338
2270,1459.238663,1332.582926,4,2,1,25,7.512278346,5,51.02485376,1,0,0,Unfurnished,100.6191481
2271,1673.838242,625.8622813,2,2,1,6,7.555549144,7,64.75326274,0,0,1,Semi-Furnished,108.5210631
2272,1256.385718,2188.913928,5,3,3,14,6.739366775,4,39.04541233,0,0,1,Semi-Furnished,117.713856
2273,1162.14596,2723.969633,1,1,3,14,9.539883925,10,47.04347574,1,1,1,Semi-Furnished,123.6860017
2274,1517.076209,1819.354601,3,4,2,2,3.971876541,5,20.96929688,1,1,0,Unfurnished,114.8306803
2275,956.3770306,3149.143616,1,4,2,15,4.465106807,4,43.45595748,0,1,0,Semi-Furnished,112.4057778
2276,957.0874356,1436.86694,5,3,2,14,9.75148858,3,53.02361031,0,0,1,Unfurnished,97.06359244
2277,1839.686641,1156.236436,1,4,2,24,13.36814132,1,63.05610963,1,1,1,Semi-Furnished,125.8344048
2278,925.6029824,1946.215754,3,4,1,32,7.908745224,,38.20721569,1,1,1,Unfurnished,108.4116908
2279,1833.15625,1933.92594,1,4,2,13,10.01468309,2,52.57541223,1,0,0,Semi-Furnished,93.01837402
2280,1731.295646,2615.974985,3,1,1,23,11.03232004,6,54.07441487,0,0,0,Semi-Furnished,108.9308461
2281,637.0966356,1380.029741,1,4,3,10,11.32202075,5,23.11951484,0,0,1,Semi-Furnished,76.44595962
2282,1161.217674,3094.475389,1,1,3,2,4.185901097,2,31.14414531,0,0,1,Unfurnished,121.0776468
2283,2097.054702,3573.53357,3,4,1,8,4.891959079,8,57.53645261,0,0,1,Fully-Furnished,171.6107441
2284,1009.417234,1968.684778,1,4,2,5,5.239701624,5,50.90771384,0,0,0,Fully-Furnished,129.6940639
2285,1267.797869,2999.768336,2,1,3,30,15.7145352,2,51.42441306,1,0,1,Unfurnished,106.4874826
2286,1731.030447,1154.802343,4,3,1,15,10.03277176,1,36.05647971,1,0,1,Unfurnished,114.0610446
2287,1891.695255,2860.177233,2,4,3,10,9.853262882,2,28.27938052,0,1,0,Fully-Furnished,145.8435495
2288,1374.230557,2837.821127,4,2,2,16,9.464943013,1,57.18151325,1,1,1,Fully-Furnished,116.8206186
2289,1201.244903,2690.749824,2,2,1,2,2.716826386,10,52.50885878,1,0,0,Semi-Furnished,150.728102
2290,2211.184931,1987.549529,4,3,3,18,15.75276188,10,20.89155144,1,1,1,Semi-Furnished,159.4818345
2291,2369.449832,500,1,2,2,23,9.916750123,3,48.51744729,1,0,0,Unfurnished,96.84137111
2292,1989.429025,1486.618285,3,1,1,7,10.89264045,3,76.71486219,1,1,0,Fully-Furnished,121.3445125
2293,1542.659071,1499.267186,3,4,1,35,0.937914844,10,58.99615391,0,1,0,Fully-Furnished,135.1591952
2294,1095.867139,1217.39605,5,4,1,39,11.11857541,1,36.56899509,1,1,1,Unfurnished,94.65080852
2295,1084.777797,2097.794404,4,4,1,1,6.575150199,7,52.50260169,0,0,1,Fully-Furnished,121.189348
2296,1761.257053,1664.829244,5,4,3,22,2.708868101,10,46.91318345,0,0,0,Semi-Furnished,132.3326094
2297,1709.19911,1340.310392,5,2,1,39,4.184945337,7,74.69539597,1,0,1,Fully-Furnished,121.2628467
2298,2200.799296,1152.959881,4,2,1,29,2.940423166,9,33.11710713,1,0,0,Fully-Furnished,134.1895089
2299,1825.225046,1427.589612,3,2,1,24,2.87286322,5,69.49274163,1,0,0,Semi-Furnished,112.1146187
2300,748.4598491,2897.199369,4,1,1,6,8.242191281,4,32.09524727,1,0,0,Fully-Furnished,103.1209345
2301,2025.973809,1471.179956,1,2,1,27,6.452948845,5,55.00765882,0,1,1,Semi-Furnished,120.0097898
2302,1000.969686,1588.049035,5,2,2,16,9.336277449,8,59.67663333,1,1,0,Semi-Furnished,81.45406611
2303,1308.014364,,5,4,3,31,14.70390348,8,67.30769344,0,0,1,Semi-Furnished,120.4337802
2304,1625.100103,2271.194811,4,2,2,0,7.481985145,4,61.52513422,0,0,1,Fully-Furnished,129.4542265
2305,2497.833745,2364.999591,5,3,3,26,0.5,8,27.13567614,1,1,0,Semi-Furnished,158.2268576
2306,3054.959278,500,3,3,1,35,7.032167154,4,50.01733054,0,1,1,Unfurnished,134.8741188
2307,1803.36153,2817.308171,5,4,3,6,12.77357775,4,57.66819581,0,1,1,Fully-Furnished,161.1600914
2308,1408.401691,3149.094427,4,2,1,2,7.65624211,8,66.29480283,0,0,1,Semi-Furnished,161.1336613
2309,1767.252824,1159.85077,3,3,1,29,14.11732261,2,33.04191367,1,0,0,Unfurnished,97.136114
2310,1943.827713,1222.161404,3,3,2,0,9.811766373,4,35.91333625,0,1,1,Unfurnished,138.9884981
2311,1339.666187,1639.79729,5,1,2,33,0.646921062,1,28.04706757,1,1,0,Semi-Furnished,98.47086511
2312,2397.605678,1395.196784,4,4,2,37,8.438329002,1,49.99466953,0,1,0,Unfurnished,149.7866151
2313,1615.03538,2179.141499,5,3,3,35,9.188005177,8,54.05726492,0,1,1,Semi-Furnished,125.0482723
2314,1748.871545,500,1,3,3,32,12.32142321,4,55.31793933,1,1,0,Unfurnished,85.79576525
2315,1832.962126,1105.657914,1,4,2,15,15.27854629,6,46.01203019,0,1,1,Fully-Furnished,111.2266186
2316,1710.793305,3231.35776,3,2,2,37,11.63090208,5,48.3035061,1,1,0,Semi-Furnished,149.7291127
2317,1919.47025,1257.424026,5,4,1,10,9.76191919,10,48.42046222,0,0,1,Unfurnished,137.694974
2318,1191.373407,2994.742622,1,1,3,7,10.70475309,6,46.51103884,0,0,1,Unfurnished,128.5035295
2319,1220.849123,2284.270556,2,1,1,0,7.327972774,4,22.47256748,1,1,0,Semi-Furnished,107.1963557
2320,949.9228835,552.5858283,1,1,3,13,2.148488653,4,35.6511455,0,1,0,Fully-Furnished,82.902479
2321,1719.750615,2508.263356,5,3,2,29,8.165984345,7,58.06503422,1,1,0,Semi-Furnished,125.5997428
2322,1889.468252,1905.866158,5,2,3,20,9.46116131,1,43.33192662,0,1,0,Unfurnished,109.7416216
2323,1728.886433,1635.626355,1,1,3,20,3.185369496,9,42.48748806,1,1,0,Semi-Furnished,131.5996898
2324,2337.246217,,5,4,1,33,13.30648656,10,68.99451814,0,0,1,Fully-Furnished,137.4455953
2325,1497.201991,2379.706788,5,1,2,37,12.02164406,3,66.12987086,1,1,1,Unfurnished,101.09702
2326,1834.370828,2566.073458,2,3,2,25,2.512954339,4,39.04372873,1,1,0,Fully-Furnished,154.9313414
2327,954.1495619,2942.602278,3,1,2,13,13.46332916,9,72.36674636,1,1,0,Fully-Furnished,98.33038909
2328,1306.450149,2326.50873,5,2,1,39,6.766742523,5,47.06560361,0,1,1,Unfurnished,140.1670448
2329,1847.768879,899.492729,4,1,1,34,4.88603374,4,61.99891008,1,0,1,Fully-Furnished,116.5528364
2330,1924.551055,1621.083634,3,2,1,17,12.31711077,6,49.48146183,0,0,1,Unfurnished,139.572337
2331,1353.016526,4354.438668,3,2,3,19,7.795782349,1,40.4027877,1,0,0,Fully-Furnished,125.4173874
2332,1464.200374,2579.592848,4,4,3,8,15.59674128,10,62.02793094,1,0,1,Fully-Furnished,147.1763679
2333,741.0631267,3895.429841,1,2,1,32,4.588447824,1,36.46768775,1,0,0,Unfurnished,105.2689885
2334,1321.4854,3116.347266,2,3,1,3,1.073369904,5,47.64114762,0,0,0,Fully-Furnished,143.7730964
2335,1945.191582,2193.441657,5,3,2,3,6.878246875,5,49.95719601,1,0,0,Fully-Furnished,133.2902387
2336,1787.602508,2241.125656,1,2,3,15,11.15689,9,44.2187947,0,1,1,Fully-Furnished,147.5699299
2337,1750.332861,1970.735968,4,2,3,25,4.291428058,1,29.60442796,1,0,0,Semi-Furnished,125.9649898
2338,1524.886844,609.7563073,2,1,2,5,2.679598469,,57.59930091,1,0,1,Fully-Furnished,97.06695057
2339,1503.531579,2014.437802,2,1,2,36,8.915709611,,63.80989122,1,0,0,Semi-Furnished,65.47767723
2340,1169.83943,2968.539642,2,4,2,21,2.145251159,4,52.46301586,0,0,1,Unfurnished,138.806256
2341,1849.41421,1520.288004,4,1,1,38,9.226770798,7,38.58924111,1,0,1,Unfurnished,108.4462155
2342,1710.486472,,1,3,1,6,6.637507795,7,82.51461244,0,0,0,Unfurnished,105.4412641
2343,1746.009424,2681.272837,5,1,1,29,9.977865953,10,46.53372457,1,1,0,Semi-Furnished,125.6936881
2344,1236.982579,1272.255649,2,4,1,9,2.464684784,5,46.27706907,0,1,0,Unfurnished,113.8001429
2345,423.3285401,1638.957709,2,4,1,14,13.19265261,9,10,0,1,1,Unfurnished,90.54991131
2346,2048.576356,1185.670808,1,2,3,5,7.26786206,,31.3852316,1,1,1,Fully-Furnished,138.8094858
2347,1260.581272,1342.267515,2,4,3,23,11.05409067,2,67.40778154,1,1,1,Semi-Furnished,102.073735
2348,1068.612118,969.9157731,2,2,3,1,11.83950185,3,99.39364514,0,0,1,Semi-Furnished,63.15473943
2349,1846.739456,1279.641231,4,3,2,39,3.370220191,7,69.28747008,0,1,0,Semi-Furnished,119.1336913
2350,1303.99368,3135.564545,3,3,3,14,11.52903004,5,34.37010208,0,0,1,Unfurnished,136.762305
2351,2029.968192,1267.618377,1,1,2,20,2.299732899,7,57.14135728,1,1,0,Semi-Furnished,151.4661352
2352,1808.502975,2101.167375,1,4,3,17,2.519449029,9,44.16680377,0,1,1,Unfurnished,154.9772436
2353,1841.784662,1597.704997,1,3,1,4,15.85599694,9,44.62525646,1,1,1,Unfurnished,132.5139162
2354,817.0221444,2943.09275,4,2,3,24,12.44741348,3,30.47209938,1,1,0,Unfurnished,80.46131597
2355,2105.971993,3048.929837,4,4,1,35,16.2946567,8,57.79227917,0,1,0,Unfurnished,145.8562107
2356,1630.625266,2691.255986,5,4,1,9,6.519143878,6,30.97159605,0,1,1,Fully-Furnished,178.6000319
2357,1315.36143,2244.907642,4,2,3,22,8.409714656,4,15.48895967,0,0,1,Semi-Furnished,106.0148051
2358,1571.694234,1815.152371,1,4,3,23,10.10941899,4,43.8597398,0,1,0,Semi-Furnished,83.23613097
2359,611.8823836,1046.500237,5,4,1,9,7.951217734,4,11.61091551,0,1,1,Unfurnished,85.75793829
2360,1704.326406,,3,3,2,5,5.015455917,7,37.87952846,0,1,1,Unfurnished,175.7203071
2361,985.3142459,1392.261586,2,2,2,12,4.415661208,6,58.99432943,0,1,0,Unfurnished,85.48148254
2362,823.6648571,2530.917078,2,3,3,20,8.855448931,2,66.97661334,1,0,0,Fully-Furnished,80.15148137
2363,738.8204069,2847.652458,5,2,1,31,3.732560633,5,59.56418127,0,0,0,Unfurnished,100.6980034
2364,2056.344187,1555.775602,3,1,2,14,3.620546031,5,46.53857248,0,1,1,Semi-Furnished,135.6987663
2365,1185.368303,2830.410022,2,4,3,1,9.574288045,6,41.8382483,0,1,0,Semi-Furnished,148.2822493
2366,2266.863855,,5,4,3,14,7.619362594,7,36.10159806,1,0,0,Fully-Furnished,155.1808309
2367,1232.099268,3382.371068,4,3,1,16,11.74882508,8,72.2959703,1,1,0,Unfurnished,131.3969113
2368,646.3210212,1624.522827,1,4,2,19,6.30035436,10,31.11901164,0,1,1,Semi-Furnished,70.56601279
2369,941.73778,971.3087862,3,4,3,5,5.6749762,8,51.86361843,1,1,0,Fully-Furnished,97.21586148
2370,2117.90581,1595.608196,2,3,2,14,9.694213584,5,58.90272273,0,0,1,Semi-Furnished,128.0323749
2371,1422.050911,2167.082834,1,3,3,16,4.751900502,2,20.21975523,0,0,1,Fully-Furnished,111.0910823
2372,1225.856352,2046.570182,5,2,3,25,5.367489098,10,13.76973665,0,0,0,Unfurnished,81.61214577
2373,1580.009113,,2,1,2,21,5.526182438,8,58.86903182,1,0,1,Semi-Furnished,122.8613646
2374,1750.891368,500,1,3,2,8,7.161191575,6,28.17350118,1,1,0,Semi-Furnished,115.3084342
2375,2058.699408,2376.386397,4,2,1,11,15.08974617,3,54.6432187,1,0,1,Unfurnished,117.2880917
2376,2224.249615,3577.875583,3,3,1,21,2.4928447,4,36.86584844,1,1,0,Unfurnished,177.3318309
2377,1320.115677,2371.40099,5,2,1,22,13.18203033,1,54.01417295,1,0,1,Fully-Furnished,85.59404799
2378,836.976157,2487.308415,2,1,1,36,10.95114703,3,56.04771282,1,0,1,Unfurnished,70.96423505
2379,1293.267419,2457.956245,4,2,2,13,14.26791539,4,65.07453586,0,1,1,Semi-Furnished,133.2639109
2380,1630.140253,2317.637336,3,2,1,23,20.54674419,2,56.64574174,1,1,0,Semi-Furnished,117.383299
2381,1018.120537,2745.332773,3,4,2,7,13.72581208,6,53.36774353,0,0,0,Unfurnished,117.2282376
2382,1021.424543,2316.298945,4,3,3,25,11.70266779,8,76.09258644,1,0,1,Unfurnished,99.62794957
2383,1671.893941,1749.858264,2,2,2,31,2.750014593,6,35.34333829,0,1,0,Unfurnished,117.9793904
2384,1475.673824,1363.208872,3,3,1,27,3.255110954,10,50.7855873,0,0,1,Unfurnished,118.8576905
2385,1516.398498,1800.821076,5,2,2,31,9.440760737,3,63.65652764,1,0,0,Semi-Furnished,71.54782417
2386,1120.752333,2251.303597,1,4,2,21,1.207695408,9,10.10296759,0,0,0,Fully-Furnished,99.46784061
2387,1384.799643,1747.133631,5,4,2,8,10.46175701,4,72.87382728,1,0,1,Semi-Furnished,134.1183076
2388,1037.883428,2251.470947,3,1,2,2,0.5,6,47.50696304,0,1,0,Semi-Furnished,77.42546354
2389,1945.099206,2351.320107,1,2,2,24,12.60893354,4,56.43469169,0,1,0,Fully-Furnished,113.3654594
2390,2017.624667,2666.543545,4,4,1,38,6.713198752,4,42.60219446,1,0,1,Unfurnished,138.8728814
2391,576.9060689,3026.235975,1,3,2,11,8.506387782,2,56.60325297,0,0,1,Fully-Furnished,85.79678296
2392,1035.24457,2062.405935,1,2,1,28,5.006510814,10,53.9812163,0,1,0,Semi-Furnished,96.78427051
2393,751.7353725,953.7787479,1,2,3,2,0.5,2,33.13658878,0,1,1,Unfurnished,92.49185112
2394,1174.988033,1723.916723,3,1,2,22,12.93878112,2,43.40257573,1,0,0,Unfurnished,82.20694296
2395,1458.281015,2035.250054,2,3,3,22,13.34280558,2,57.54281113,0,1,0,Unfurnished,94.69951936
2396,775.1773902,531.3849951,3,1,1,17,6.594048939,8,72.06002254,0,0,0,Unfurnished,69.70174249
2397,1039.070093,3110.931616,2,2,2,10,10.64771826,10,44.36044332,1,0,0,Unfurnished,130.2510208
2398,998.021314,2113.90233,4,1,3,35,6.436434319,4,30.63303555,0,1,0,Unfurnished,79.69809941
2399,1603.633665,2305.082268,4,2,1,25,9.153959377,4,55.29765746,0,1,1,Fully-Furnished,133.3663048
2400,1534.672169,3092.42117,4,2,3,7,11.0365568,10,45.48562825,1,0,1,Unfurnished,145.7024007
2401,1139.131223,1495.885736,4,1,2,27,10.2203397,10,62.03815326,0,0,0,Fully-Furnished,53.69561709
2402,1588.410436,2459.233545,4,1,2,17,13.36387845,3,38.81342887,0,0,0,Fully-Furnished,97.66427343
2403,1226.659958,,5,2,2,12,10.0755227,5,29.58745032,1,0,1,Fully-Furnished,114.3624193
2404,1364.172445,1852.730506,3,1,1,35,8.112338468,4,73.54010856,1,1,1,Unfurnished,76.49461199
2405,2336.726045,1382.24609,2,1,3,39,4.954324128,7,42.89932757,1,1,1,Unfurnished,131.0327005
2406,2170.230526,,4,2,1,11,6.085978479,10,36.41493562,0,1,0,Unfurnished,161.2279583
2407,850.2093815,1699.599968,5,3,3,21,11.24020559,7,39.74072355,0,1,1,Unfurnished,109.0321457
2408,1914.866209,2559.571398,5,1,1,1,1.992693924,,71.15503325,0,0,1,Semi-Furnished,140.6096243
2409,1905.698277,500,5,1,2,39,12.42322921,7,84.39908437,0,0,0,Semi-Furnished,76.30751792
2410,925.8683556,2943.990824,3,4,3,27,6.875425096,7,38.15489716,0,1,1,Unfurnished,139.5324869
2411,1909.388822,2841.768925,4,3,3,12,4.725576382,8,47.07838821,0,0,1,Semi-Furnished,160.1691865
2412,2268.965959,2077.947288,5,1,3,32,3.605103293,1,54.82722106,0,0,1,Unfurnished,135.8850314
2413,938.7275969,,5,2,1,2,10.69747114,3,22.05313239,0,1,0,Unfurnished,94.2514587
2414,1041.248589,2320.000004,4,4,2,33,7.941434585,3,42.33791987,0,0,0,Unfurnished,79.34632959
2415,2008.830733,3831.032529,3,4,3,22,14.35506089,,78.35103722,0,0,0,Unfurnished,149.4121802
2416,1635.747655,589.4106409,5,4,1,31,2.947697398,10,45.12049195,1,0,1,Unfurnished,101.0355158
2417,1775.738138,2625.62191,2,1,3,19,5.687345508,7,68.95657403,0,1,1,Unfurnished,158.0633066
2418,1670.294608,1270.706158,1,2,2,27,7.631115367,10,48.98365811,1,0,1,Unfurnished,93.48232222
2419,1695.34796,1984.065283,1,4,3,7,4.992573024,6,18.08179113,0,1,0,Fully-Furnished,128.6768111
2420,836.7639358,1801.695905,1,3,2,2,8.024474657,4,64.88077819,1,1,0,Fully-Furnished,110.8215352
2421,2023.658853,1657.345394,3,4,1,29,9.278003066,,44.77570657,1,0,1,Semi-Furnished,125.3803843
2422,2084.794996,1991.627897,5,4,1,24,9.937936957,7,71.47658584,1,1,1,Semi-Furnished,150.4517789
2423,1385.304628,1092.663084,1,3,2,29,14.02466852,4,53.03169168,0,1,1,Fully-Furnished,85.92824067
2424,1478.261525,2823.344349,1,4,2,28,2.786110285,8,50.09531761,0,0,0,Fully-Furnished,99.83321949
2425,734.4462487,564.685191,4,4,1,29,9.35104128,5,57.06572273,1,1,1,Fully-Furnished,64.446161
2426,1757.127378,2431.81161,5,3,2,33,5.412228722,3,55.69869551,0,0,1,Semi-Furnished,121.1831047
2427,1786.028721,1738.771318,5,1,2,24,9.72005352,2,23.98715141,1,1,1,Unfurnished,120.6286005
2428,1468.904492,1063.260085,4,3,3,16,9.725328745,1,65.91292336,0,1,0,Semi-Furnished,103.1330542
2429,2062.17668,2161.906696,5,1,1,23,4.052322467,4,49.5054083,1,0,1,Unfurnished,137.9964023
2430,1332.961385,754.4391306,2,1,1,37,4.395390629,2,50.40697967,1,1,0,Unfurnished,71.3699128
2431,1782.302963,2031.771057,3,1,2,27,10.04657225,3,56.27232595,1,0,0,Semi-Furnished,97.35878659
2432,990.1678307,861.6984738,4,3,2,32,8.093618043,1,63.56173004,1,0,1,Unfurnished,87.78038009
2433,1488.223925,2369.017667,1,3,2,35,7.121512637,6,65.82642876,1,1,0,Semi-Furnished,99.64328673
2434,1412.822871,1260.514133,5,1,1,6,10.63194732,4,59.98772207,0,0,0,Fully-Furnished,72.73994066
2435,1612.653961,1639.204786,2,3,3,22,10.9268739,5,23.80945588,0,0,1,Fully-Furnished,106.5472398
2436,1315.236536,2235.15951,2,1,1,25,5.881479549,8,48.935624,1,1,0,Semi-Furnished,121.766176
2437,1434.263702,1381.966311,3,3,3,13,4.591787449,4,35.95965148,0,1,1,Semi-Furnished,108.6688293
2438,1913.023586,1953.6288,2,2,2,27,2.952324093,6,52.6884945,0,0,1,Semi-Furnished,126.5989234
2439,1281.617881,788.935599,5,3,1,23,8.133816481,3,47.01962511,1,0,1,Semi-Furnished,78.55824273
2440,696.7114496,2504.700483,5,3,3,6,2.307358891,8,80.54005239,0,0,1,Unfurnished,109.9555447
2441,2374.791952,3411.931044,2,3,1,35,8.397713833,3,29.55162504,0,0,0,Fully-Furnished,162.6956595
2442,2190.727039,4233.767094,5,1,3,38,12.86734717,7,50.15171073,1,0,0,Semi-Furnished,123.2682704
2443,853.8686524,2072.934517,5,1,3,14,6.586160919,7,51.69708581,0,0,0,Semi-Furnished,86.19285899
2444,1844.853903,2630.563313,1,2,1,2,5.855182878,3,43.0036496,1,1,1,Fully-Furnished,117.4073182
2445,1248.512615,575.4994617,4,2,2,1,15.99137909,3,49.65454795,1,0,1,Semi-Furnished,74.14817714
2446,1631.743608,,5,4,1,6,14.03880728,10,82.12350495,0,0,0,Fully-Furnished,149.4507196
2447,1647.112065,2620.982804,5,2,2,15,4.941608518,10,55.43713551,1,1,1,Fully-Furnished,175.9463759
2448,1382.7961,1612.853244,3,1,3,20,8.556052724,8,72.67581026,0,0,1,Semi-Furnished,82.52701826
2449,1108.117167,2989.74464,4,2,3,8,9.314712969,3,42.9505809,1,1,0,Unfurnished,134.3140117
2450,1154.729474,1796.419139,4,2,1,11,8.814641691,2,61.5846865,1,1,0,Semi-Furnished,78.69220099
2451,1041.904042,1633.579854,4,3,1,28,15.25869379,5,37.8380197,1,0,1,Unfurnished,79.68220037
2452,1084.088896,2380.26794,2,2,2,23,8.34891957,7,36.91961324,1,0,1,Semi-Furnished,113.7097916
2453,1466.410855,1149.3164,1,4,2,32,8.948939503,8,23.27774773,0,0,1,Unfurnished,71.76662111
2454,1142.120005,,1,3,1,13,10.75464918,1,34.00981651,0,1,0,Fully-Furnished,92.15183209
2455,1841.026033,1155.20815,3,1,2,17,12.75967886,2,50.8396304,0,1,1,Fully-Furnished,100.4294608
2456,2243.623078,1159.956168,4,4,2,4,11.74759678,7,73.19047841,0,1,0,Semi-Furnished,100.117108
2457,1209.973379,1272.248169,4,1,1,14,10.15233915,9,48.25331405,0,0,0,Semi-Furnished,75.46256638
2458,1619.70225,2607.60003,5,4,1,6,1.765200778,3,53.48241365,0,1,0,Unfurnished,133.1851036
2459,1749.842555,1506.579711,2,3,3,24,6.047449104,8,67.18495105,1,1,1,Unfurnished,115.6542926
2460,1736.001135,921.6033725,2,4,3,13,11.27768483,10,45.14546946,0,0,0,Unfurnished,98.5724115
2461,1537.977634,1515.456,3,4,1,39,9.001594789,3,35.35825208,0,1,0,Unfurnished,98.96180219
2462,1871.341209,1974.366103,1,2,3,35,11.30451454,4,37.06804274,0,1,0,Unfurnished,107.3841029
2463,1741.124476,1055.222013,4,1,2,34,15.54866425,2,66.81907385,0,1,1,Semi-Furnished,104.8554682
2464,881.1687888,1078.655113,3,3,1,23,3.29214718,9,52.16796794,0,1,0,Fully-Furnished,85.27077652
2465,1934.578032,3689.037067,2,4,3,14,12.5516407,5,52.16919478,0,0,1,Unfurnished,128.5367405
2466,1943.645419,1311.547677,2,1,1,10,6.67854615,5,36.62970453,0,1,1,Fully-Furnished,88.48058788
2467,1118.356948,1741.566105,2,1,3,23,11.74139928,,70.14967126,0,1,1,Fully-Furnished,108.014161
2468,1518.968918,1706.210399,4,2,1,10,7.835117027,5,77.7099482,1,0,0,Semi-Furnished,105.0383918
2469,1841.664496,1662.914554,4,1,2,16,16.50801816,1,52.59809331,0,1,0,Unfurnished,102.5305809
2470,1395.34309,2497.077392,4,3,3,5,8.520347745,10,63.77254905,1,0,1,Unfurnished,152.4734867
2471,2036.489024,2758.51436,5,2,1,20,5.437943103,10,40.32700144,0,0,0,Unfurnished,148.5153902
2472,2681.936247,1755.236455,1,4,2,7,9.679498491,6,69.11612476,0,1,1,Unfurnished,173.9312505
2473,1107.006984,1010.817371,2,3,3,14,9.295771123,4,58.63362615,0,1,1,Semi-Furnished,102.7351013
2474,809.4776984,3019.552182,2,3,3,31,12.55238838,4,31.54449992,0,1,1,Semi-Furnished,119.7111225
2475,1651.909298,1923.727127,5,3,1,9,9.792211194,5,56.78143817,0,0,1,Unfurnished,110.0043448
2476,1860.781253,3384.257452,2,2,2,27,17.90025856,1,56.70576223,0,1,0,Unfurnished,126.3353884
2477,1384.566813,500,2,1,1,14,7.554383458,4,52.724798,0,1,0,Fully-Furnished,83.14711027
2478,2226.630332,2156.322577,4,3,3,11,7.601520201,10,57.62748391,0,0,0,Fully-Furnished,132.1400841
2479,830.6971001,3534.885067,4,1,1,17,5.5844558,3,49.29775507,1,1,0,Unfurnished,141.0291957
2480,1846.459312,1717.388692,1,1,1,36,8.342673353,5,47.24973965,1,0,1,Unfurnished,101.9956689
2481,1197.06959,1819.605261,2,3,2,23,8.924236484,10,53.74610761,1,0,1,Fully-Furnished,83.06501472
2482,2359.688953,2236.409353,3,1,2,36,9.12484212,5,44.75424899,0,0,0,Fully-Furnished,132.0112583
2483,2496.257677,1552.963345,2,2,3,28,8.268750702,8,40.28270849,0,1,1,Unfurnished,149.8169233
2484,1116.671706,1750.342454,2,2,2,9,5.560715133,1,66.6557174,0,0,0,Fully-Furnished,81.17831267
2485,1225.221432,1729.747925,1,4,1,13,4.473339488,3,41.39824637,1,1,1,Semi-Furnished,122.8524591
2486,1929.793943,1498.063412,3,1,3,15,6.499305101,5,47.587592,1,1,1,Fully-Furnished,117.6097213
2487,1306.434675,2983.08524,2,1,2,36,12.56615064,,42.80416888,0,1,0,Unfurnished,103.2362188
2488,1477.294391,2368.862426,3,4,1,10,13.42719874,6,36.94463026,1,0,1,Semi-Furnished,137.2717245
2489,1512.69421,2200.502586,4,2,1,25,7.692141854,10,73.1270469,1,0,1,Semi-Furnished,127.6068132
2490,540.1634219,2646.856806,4,4,3,39,4.233668134,3,28.38506582,0,0,0,Fully-Furnished,91.86567236
2491,1493.081127,1788.515333,3,4,3,18,7.675305559,6,55.95915097,1,0,0,Unfurnished,111.6444322
2492,1155.136113,1380.636945,2,4,2,17,16.36666174,8,48.03807499,1,1,0,Fully-Furnished,115.6978853
2493,1253.438589,1517.900556,3,1,2,29,11.99587134,4,57.18074737,0,0,1,Fully-Furnished,73.08593847
2494,2221.816002,2001.426433,3,1,2,31,10.20297077,,47.44368903,1,0,1,Fully-Furnished,133.2355757
2495,871.7465529,1152.630633,4,1,2,22,11.85073967,7,57.38702558,0,0,1,Semi-Furnished,75.19296599
2496,1906.602593,1599.791187,3,1,3,11,14.16226645,4,54.24603617,0,0,0,Fully-Furnished,107.4220068
2497,1360.518535,1587.106687,5,3,1,12,3.388535194,3,58.82940373,1,1,1,Fully-Furnished,141.42215
2498,1360.119916,3699.644984,5,4,1,20,6.431840525,5,76.15414439,0,1,0,Fully-Furnished,155.95393
2499,1895.185948,500,4,4,2,20,5.885113469,5,21.99703135,1,0,1,Fully-Furnished,129.039224
2500,1670.025647,1856.304223,2,1,3,28,10.34845759,7,51.2189336,1,1,1,Unfurnished,120.4228682
2501,1785.306499,3380.555034,2,2,2,28,8.640443563,1,35.09355541,0,0,1,Unfurnished,133.7181697
2502,1984.09233,2097.475571,4,3,2,26,11.02524516,9,39.1308822,1,0,0,Unfurnished,151.3117245
2503,1334.345808,2602.733979,2,3,3,28,5.972450601,2,35.71826538,0,0,1,Semi-Furnished,95.85603212
2504,1193.881633,2079.861052,1,2,1,14,13.4878082,9,45.61780906,1,0,1,Unfurnished,99.89045392
2505,957.4247367,1466.133295,5,1,1,11,7.722665167,,66.83250368,0,1,0,Fully-Furnished,84.51680233
2506,1087.294735,500,1,3,2,18,10.77818221,3,44.33131507,0,0,1,Fully-Furnished,79.51878095
2507,2974.547213,2164.36455,1,3,3,11,12.781626,7,55.18860371,0,0,1,Unfurnished,159.6356324
2508,2122.33979,1379.514716,1,4,1,22,12.46049726,3,63.45162021,0,1,1,Semi-Furnished,90.32360856
2509,824.4628169,1359.731675,4,4,1,4,9.443313634,8,37.22561997,0,0,0,Semi-Furnished,84.43012808
2510,838.7710216,1600.810195,1,1,3,25,11.27738763,8,38.03544083,0,0,1,Semi-Furnished,82.35565283
2511,1740.933031,3395.889125,3,1,3,9,14.96664266,3,50.00477394,0,1,1,Fully-Furnished,144.1158622
2512,1773.632399,3923.870034,2,4,1,21,10.05440494,5,22.97317206,0,1,0,Unfurnished,144.7819087
2513,1774.441918,2173.76635,4,4,2,38,5.081414392,7,80.13839702,1,1,0,Semi-Furnished,112.4721981
2514,1372.522103,1628.186221,3,4,2,22,10.33220292,1,50.08468687,1,1,1,Fully-Furnished,129.2648729
2515,1437.27287,1058.218866,3,2,1,10,7.850875128,3,58.39378264,1,0,0,Semi-Furnished,98.16716293
2516,1663.939762,2374.832129,5,3,2,27,0.5,1,47.06889709,1,0,1,Semi-Furnished,139.8032835
2517,1542.946503,3426.32448,5,1,2,30,9.847992095,2,59.54124121,1,0,0,Unfurnished,122.9034021
2518,400,1802.12769,3,1,3,7,8.4666026,7,47.38548053,1,0,1,Fully-Furnished,75.49661489
2519,1385.100185,500,5,2,3,38,12.62567109,7,58.3746928,1,1,0,Semi-Furnished,83.67543686
2520,1074.296783,2536.039737,2,4,3,27,4.99962537,3,69.45093137,1,1,0,Fully-Furnished,74.9192442
2521,1587.605709,2788.319769,2,3,2,15,1.97716135,6,16.96792637,0,0,1,Semi-Furnished,146.5603154
2522,2992.629501,731.3234877,5,4,3,30,8.674723438,6,59.99429583,1,1,0,Unfurnished,101.9827635
2523,1683.740833,2141.187347,1,1,3,15,9.52070955,2,42.05944916,1,1,0,Semi-Furnished,99.90715665
2524,1343.235157,2360.980813,3,2,1,4,8.375331782,9,33.42936748,1,0,0,Unfurnished,122.9172436
2525,1960.900751,1941.514158,2,3,3,34,8.082834735,8,28.34694666,1,0,0,Semi-Furnished,126.8793964
2526,1741.343944,1367.383265,5,3,1,24,3.725092183,2,51.46439249,0,1,1,Unfurnished,99.27915477
2527,1710.047245,2812.749779,5,3,2,12,7.444331452,4,54.22974705,0,1,1,Semi-Furnished,135.0554438
2528,1803.425297,1677.296203,2,3,3,28,6.606376682,9,40.6138773,1,1,1,Semi-Furnished,113.7643991
2529,2528.271782,811.8510698,2,2,1,26,12.29083496,4,31.12510338,1,0,1,Semi-Furnished,135.9894678
2530,934.5557823,500,1,1,1,39,9.517301456,7,51.72011342,0,0,0,Fully-Furnished,35.58447655
2531,1736.816038,3008.679616,5,3,1,16,6.888011513,5,51.04110701,0,1,0,Fully-Furnished,138.8475146
2532,1036.809435,2493.331181,5,3,2,36,14.89553951,10,59.01963896,0,1,1,Semi-Furnished,112.6980405
2533,1777.756323,2070.378838,4,1,3,37,6.924369295,6,60.31092834,1,0,0,Fully-Furnished,121.0705486
2534,1040.656744,1647.780291,1,4,2,28,10.2311469,1,67.46867352,0,1,0,Fully-Furnished,83.6977027
2535,1291.316593,1576.801269,2,3,1,33,7.332314666,4,60.10995151,0,1,0,Semi-Furnished,94.95235778
2536,1352.455043,1139.410681,2,3,2,29,14.52461006,5,25.51729016,0,1,0,Semi-Furnished,64.66880802
2537,1987.90836,1654.835484,3,4,2,30,8.347439103,6,49.86074735,0,1,1,Semi-Furnished,134.3370272
2538,1959.227222,500,2,1,1,21,8.465656912,6,65.0001365,0,0,0,Fully-Furnished,64.4071804
2539,877.1413118,1411.149077,5,1,3,24,7.440518565,5,62.72088707,0,0,1,Fully-Furnished,91.45179378
2540,1527.467055,1751.249987,2,3,3,3,8.786047704,3,86.44605738,1,1,0,Fully-Furnished,131.5041198
2541,1145.210073,2487.904038,5,1,2,34,12.79815135,2,63.33735462,1,0,1,Semi-Furnished,79.05884097
2542,870.7475447,1968.058829,5,4,3,8,11.38337538,7,29.79896617,0,0,1,Fully-Furnished,91.68640479
2543,1391.491475,2635.938491,1,2,1,25,8.112304724,1,26.29712603,0,1,1,Fully-Furnished,134.6119872
2544,1345.758606,3079.308084,2,4,3,26,14.80530043,5,50.83927358,0,0,1,Unfurnished,107.2691518
2545,2713.358243,2846.536075,1,4,2,26,11.49194257,,52.26353464,1,1,1,Unfurnished,174.1443191
2546,1716.479913,2376.407878,5,2,1,17,6.247275523,7,41.77409381,1,1,0,Semi-Furnished,112.0353698
2547,811.1912496,2009.490143,2,4,1,29,2.478606585,2,61.52192564,1,0,0,Semi-Furnished,100.2022467
2548,1217.612998,1215.369593,2,3,1,30,6.339944793,8,12.28613942,1,1,0,Fully-Furnished,114.5584316
2549,2010.691648,2591.955241,1,3,2,2,9.653395114,,43.04066435,0,0,1,Unfurnished,170.7187125
2550,2544.221386,3343.797906,1,1,2,28,10.38880148,10,15.75626524,1,1,0,Unfurnished,190.93994
2551,707.0083439,2273.684832,5,1,3,6,13.43655073,1,38.71994541,0,1,1,Semi-Furnished,84.66171395
2552,560.0378074,3533.807319,5,4,2,17,3.6218161,5,44.79160058,0,1,1,Fully-Furnished,151.6040141
2553,2435.482588,779.5426336,2,3,1,15,6.243378664,4,65.76866302,0,0,1,Semi-Furnished,129.0829673
2554,1694.807089,,2,3,2,31,3.289429321,5,31.67299268,0,1,1,Fully-Furnished,110.2067962
2555,1065.853634,2684.161206,4,2,2,37,2.644803154,9,47.95013195,0,0,1,Unfurnished,119.2131238
2556,1767.314543,2211.432168,4,1,3,24,5.488725016,3,42.14055336,0,1,1,Fully-Furnished,158.4090374
2557,400,3051.025741,3,3,1,31,9.466448977,1,48.17191244,0,1,1,Unfurnished,77.85767875
2558,1501.687753,1987.622687,5,4,3,18,11.08557774,3,44.1786998,0,1,0,Unfurnished,118.4109495
2559,1663.910586,1305.619662,3,3,3,2,4.206583574,4,46.19868921,1,1,1,Unfurnished,150.2389341
2560,1962.13507,1829.125406,3,1,3,34,4.762896322,2,40.2243884,0,1,1,Semi-Furnished,124.5334566
2561,993.0520239,773.8528233,1,4,1,28,0.880707299,1,55.5467048,1,0,0,Semi-Furnished,51.89437504
2562,1542.843581,1097.127462,1,1,3,10,8.857408833,1,66.53552692,0,1,0,Semi-Furnished,86.78237518
2563,1037.287687,2777.955198,4,3,1,5,5.071444392,8,50.62798218,0,1,0,Fully-Furnished,100.6881886
2564,1627.691878,2698.229932,3,3,3,18,14.65212551,,80.12468475,0,0,0,Semi-Furnished,103.0365625
2565,1052.326839,2290.403428,4,3,3,36,9.639235199,2,51.17818013,0,1,1,Unfurnished,82.05758688
2566,1295.94958,623.1379832,5,1,1,26,7.314217026,10,62.09082105,0,0,0,Semi-Furnished,70.91068663
2567,1002.092303,1713.27714,2,4,2,4,5.43555029,3,38.60380181,1,0,0,Unfurnished,117.14475
2568,1825.568121,1020.000089,1,3,3,25,2.021319119,8,48.2735084,0,0,1,Semi-Furnished,106.9712191
2569,1929.225558,2941.226603,5,3,2,34,2.528512892,6,45.34401026,1,0,0,Fully-Furnished,143.1975715
2570,1382.689715,1533.022293,5,3,3,18,5.511436182,8,31.66018504,0,0,0,Fully-Furnished,137.06637
2571,1519.118997,1131.401831,1,2,2,16,5.204388472,10,38.47347036,1,0,1,Unfurnished,116.8901985
2572,775.7042927,2023.836932,1,2,2,34,4.003312629,5,55.36033459,1,0,1,Semi-Furnished,87.47396137
2573,1350.161676,1487.876435,3,4,2,12,9.50837891,3,69.25865477,1,0,0,Semi-Furnished,93.43339065
2574,1474.897691,3186.995128,4,1,2,13,10.05706237,6,58.42264901,0,0,1,Unfurnished,133.9436242
2575,2810.396546,1412.151282,5,3,2,29,6.165470411,10,55.04333679,1,0,1,Fully-Furnished,182.5530179
2576,944.0164871,,3,3,1,16,15.74060907,8,37.13269585,1,0,1,Semi-Furnished,69.16756356
2577,2232.088619,500,3,1,2,36,1.013082534,5,57.28272301,0,0,0,Semi-Furnished,104.7256433
2578,1998.429387,1975.370798,5,1,1,14,8.232655596,5,40.51221114,0,1,0,Semi-Furnished,108.009854
2579,1640.318202,1550.455909,5,4,3,17,7.125679184,3,32.41507464,0,1,1,Fully-Furnished,100.4121501
2580,2379.310242,856.8763148,2,1,1,13,5.797196472,3,36.51240569,1,1,1,Semi-Furnished,133.7807466
2581,1686.052736,2951.381169,4,3,2,13,5.209348616,8,48.19918222,0,0,1,Fully-Furnished,149.7242009
2582,1694.579598,2533.796118,5,4,1,32,7.972160468,1,41.90058432,0,0,0,Semi-Furnished,85.20756664
2583,1473.439673,1977.425697,1,2,2,37,7.097888691,4,54.31372858,1,1,0,Fully-Furnished,84.10995572
2584,2111.784441,3091.460995,2,4,1,10,6.432493892,9,44.3332459,0,0,0,Unfurnished,144.6980803
2585,2048.234617,2530.028827,4,4,3,10,2.80512146,6,54.16772989,0,0,0,Fully-Furnished,156.0734667
2586,1187.161356,1341.715279,1,4,2,25,1.527552729,6,45.33397953,0,1,0,Unfurnished,119.5511848
2587,840.3764027,1168.623869,1,1,2,2,6.845934099,10,49.27310848,0,0,0,Semi-Furnished,63.08976277
2588,1398.509681,2654.385236,4,3,1,24,6.391615582,7,35.28607558,1,1,1,Semi-Furnished,132.965724
2589,1099.980718,2317.093565,2,1,1,16,7.211852559,7,71.52842463,0,1,0,Semi-Furnished,124.0013172
2590,1468.237713,2135.798214,1,3,1,21,7.565512808,6,25.54116493,1,0,0,Unfurnished,128.0951004
2591,2118.719067,1322.801758,3,1,1,28,5.909990632,9,87.34183565,0,0,0,Semi-Furnished,72.3114708
2592,1271.349172,2486.358054,4,4,1,25,7.150370305,8,57.10737378,1,0,1,Fully-Furnished,119.7499996
2593,1478.588309,1395.600893,4,3,2,33,4.585886768,8,26.55964209,1,1,1,Fully-Furnished,128.3548617
2594,1529.011367,1918.410676,5,1,3,25,14.09578324,2,51.48447259,0,0,1,Unfurnished,109.7801887
2595,1924.215441,3157.555317,2,4,1,8,4.801039407,7,53.33561475,0,0,1,Fully-Furnished,171.6636237
2596,400,1471.332611,3,2,2,39,6.516077162,1,72.38935065,0,0,1,Unfurnished,31.17960911
2597,1196.649853,741.6085943,3,1,3,10,5.104844844,10,29.7669512,1,1,1,Unfurnished,114.6664358
2598,1605.641846,1157.962247,5,1,3,6,5.037673839,8,29.78483792,1,0,1,Semi-Furnished,130.8958025
2599,2100.039478,2795.439061,1,2,1,29,8.098566267,3,55.17229042,0,0,1,Unfurnished,142.3561453
2600,1254.048776,2203.78491,1,1,2,1,7.59106316,,52.89945388,1,1,0,Fully-Furnished,124.9805393
2601,561.723647,1896.898097,3,2,2,29,6.162158438,5,72.00867584,0,0,0,Fully-Furnished,78.31332488
2602,1809.855723,1592.724956,2,3,2,3,6.866096034,,35.02758227,0,0,0,Semi-Furnished,126.3178374
2603,1182.318806,2388.287926,1,2,2,13,5.120745796,7,33.79717023,0,1,0,Unfurnished,112.349542
2604,905.1666705,1320.716119,4,4,2,12,9.606902551,9,78.05261088,0,0,1,Semi-Furnished,115.2680223
2605,1187.827305,2244.532455,5,2,3,24,16.22077097,,49.31649551,1,0,0,Semi-Furnished,77.49377563
2606,1407.737321,1414.996345,2,3,3,12,4.500634891,4,38.81814589,0,0,0,Semi-Furnished,119.6279906
2607,1197.627668,1281.872492,1,2,3,12,9.575852895,8,60.58608499,1,1,0,Semi-Furnished,93.54296713
2608,400,1490.010052,3,2,2,36,8.179795828,5,19.23756271,0,1,0,Semi-Furnished,59.64020887
2609,1948.533098,1699.674043,5,3,3,5,10.67451903,,55.67429195,0,1,0,Unfurnished,127.6806049
2610,2137.437521,1960.936131,1,1,3,25,10.78717184,3,40.52083388,1,1,1,Fully-Furnished,123.4783811
2611,1825.760996,2188.364636,3,1,1,13,8.821650789,5,42.46830052,1,0,0,Unfurnished,145.580666
2612,931.1571648,500,1,4,3,7,7.840717696,7,69.43053334,0,1,1,Unfurnished,70.21478537
2613,1399.254233,1353.879554,5,4,1,23,6.262199201,4,56.43770769,0,0,1,Semi-Furnished,85.56890416
2614,1496.739342,,4,2,2,21,4.940158588,8,33.08372934,1,0,1,Fully-Furnished,106.9767547
2615,1799.397195,3204.049631,4,1,2,39,7.612617356,6,50.77199701,1,0,0,Unfurnished,122.8100104
2616,1834.170244,1135.997913,3,1,2,38,2.861644674,6,51.75501205,1,0,1,Unfurnished,96.00994474
2617,1132.913101,2130.237294,4,2,2,20,5.62457604,6,46.06805243,0,1,0,Fully-Furnished,71.39709489
2618,1540.997778,3196.024248,5,3,3,25,12.4274145,4,35.59593763,0,0,0,Unfurnished,113.188946
2619,1728.640202,949.625176,3,1,1,9,8.394048884,3,53.4019298,0,1,0,Fully-Furnished,78.39088728
2620,2227.911161,2315.180181,1,4,2,12,11.57065768,10,60.51203796,0,1,1,Unfurnished,166.0153308
2621,1852.25327,1358.182533,2,2,2,13,13.87857555,6,56.80590843,1,1,0,Semi-Furnished,118.3192488
2622,1894.528344,1596.293006,1,3,1,8,7.291882176,6,39.30751003,1,0,0,Fully-Furnished,124.3297287
2623,1541.913314,1357.511333,5,4,1,6,8.829303337,2,47.6335602,1,1,1,Unfurnished,97.63043273
2624,2205.229573,1414.514153,3,1,1,38,6.792616423,10,16.87827668,1,0,1,Unfurnished,149.2559223
2625,1704.881398,4177.529718,1,3,1,30,4.749576958,9,73.97518261,1,0,0,Fully-Furnished,132.2699364
2626,1069.456045,2675.564698,3,4,1,15,4.188126963,4,40.9756098,1,1,1,Fully-Furnished,142.4621064
2627,2201.684985,2881.390289,4,2,3,7,11.37260149,4,42.19734579,0,0,1,Fully-Furnished,160.5046923
2628,1848.951636,2393.594789,2,3,1,14,8.834509122,10,30.2823922,0,1,1,Fully-Furnished,131.5604389
2629,1278.477989,714.9945693,5,3,3,24,15.38641229,8,62.91367225,1,0,0,Fully-Furnished,88.92129932
2630,1260.253516,2315.966376,1,2,1,37,11.88820805,3,65.42113573,1,0,1,Fully-Furnished,89.58862362
2631,1648.287773,2858.343692,2,1,1,14,5.075148042,10,41.45436843,0,0,0,Semi-Furnished,143.7097077
2632,1731.592398,1317.280421,5,1,2,24,11.36136872,7,32.9325649,1,0,0,Semi-Furnished,95.17252795
2633,1598.646133,2772.261334,5,3,2,6,6.779697844,7,50.30693671,0,1,0,Fully-Furnished,144.8507759
2634,1655.654337,2563.468968,4,3,2,25,12.86743884,2,45.05975943,0,1,0,Unfurnished,99.08268768
2635,2349.978687,3481.632036,3,3,2,7,6.054664491,3,61.16470466,1,1,0,Semi-Furnished,188.1395363
2636,2035.771576,1665.77359,3,4,2,17,3.790296159,4,48.03067226,1,0,1,Semi-Furnished,136.0012366
2637,1595.317796,1121.911214,2,3,2,20,4.816979692,2,46.96217619,0,0,0,Unfurnished,77.77707725
2638,1970.65529,1710.697513,4,1,1,15,5.02134039,9,60.05666019,0,0,0,Semi-Furnished,130.4097818
2639,983.7380482,3148.456795,5,2,1,2,4.638992942,10,26.36012111,1,1,0,Semi-Furnished,159.2797772
2640,1698.963525,537.2752953,4,2,2,0,5.709566898,,45.33096705,0,1,1,Fully-Furnished,110.5149732
2641,2404.653175,500,4,2,2,12,11.42676748,1,52.88261017,1,1,0,Semi-Furnished,146.2839114
2642,1390.977052,2071.516223,2,3,2,31,15.18417683,1,43.58313991,0,1,1,Semi-Furnished,117.6794212
2643,1076.183036,1645.928566,3,3,1,11,2.679241938,8,54.21089243,1,1,1,Semi-Furnished,121.2176444
2644,1173.955556,2006.182315,4,2,2,30,13.05405217,6,53.32405747,0,0,1,Fully-Furnished,87.34598419
2645,955.1834813,2756.249417,4,4,2,1,6.089185136,10,63.18650008,1,1,0,Unfurnished,116.7446335
2646,1107.619046,,4,4,1,7,9.391530125,7,45.8847061,1,0,0,Unfurnished,88.79760939
2647,1314.745951,501.5953353,1,4,1,24,1.383415878,6,19.50928441,1,1,0,Unfurnished,67.64326392
2648,797.2164904,3635.585246,4,4,3,4,10.09614007,2,26.78607186,1,0,1,Unfurnished,143.5493354
2649,1507.809167,1202.21737,4,1,2,1,0.5,3,56.95352465,1,0,0,Semi-Furnished,108.3576595
2650,1951.138587,1152.770302,5,2,1,37,9.255740289,8,52.72139555,0,1,0,Fully-Furnished,98.8432893
2651,1046.12191,2882.976011,1,1,3,38,9.029024188,4,46.61197154,0,0,1,Fully-Furnished,50.55858869
2652,2259.641962,1692.408703,4,3,1,2,8.764030537,8,47.700607,1,0,0,Semi-Furnished,151.2221916
2653,1755.396044,1949.288118,4,4,3,37,5.060359397,3,40.27944703,0,0,1,Unfurnished,119.7009451
2654,2015.290293,2386.232099,2,4,3,21,10.1981067,,40.3313877,0,0,0,Fully-Furnished,122.532934
2655,1171.082723,2866.866482,2,2,2,39,9.564326038,7,41.79430337,1,0,0,Semi-Furnished,101.3549032
2656,1927.262614,1733.231445,1,4,2,32,7.160188865,1,45.81137787,0,0,1,Semi-Furnished,124.6344213
2657,954.0330498,3215.961605,5,2,3,31,10.68740123,3,51.83036907,0,0,1,Semi-Furnished,83.81362924
2658,1945.12375,500,1,3,2,16,7.617583414,2,48.85090757,0,0,0,Semi-Furnished,124.2174045
2659,1585.91967,2607.82979,1,4,1,17,10.11510864,5,45.08744636,1,0,0,Fully-Furnished,97.77245893
2660,1776.62561,1328.377954,2,4,1,2,7.49648269,2,60.43559191,0,1,0,Semi-Furnished,108.1617121
2661,912.2026972,3097.817053,2,1,3,5,8.866807964,10,63.0361176,0,1,1,Fully-Furnished,85.18426574
2662,1052.465079,2113.635583,5,2,3,12,10.29889176,5,70.0807115,1,0,0,Semi-Furnished,104.4841013
2663,1798.614109,1461.675734,4,2,1,30,6.408349706,3,47.17238781,0,1,0,Semi-Furnished,99.03348498
2664,1025.825998,2530.272874,5,4,1,16,3.064653655,9,42.19247063,1,0,1,Fully-Furnished,134.2709313
2665,1731.603146,2714.550678,4,1,3,20,9.104316022,10,49.04532798,0,1,0,Semi-Furnished,139.3874994
2666,816.4310968,2513.515298,3,4,1,15,12.75756551,9,41.7713962,1,1,0,Unfurnished,103.2621466
2667,1924.087106,1176.243008,2,2,1,16,9.196603892,8,49.76208189,1,1,0,Fully-Furnished,138.110877
2668,883.7383426,1612.786301,3,2,3,31,9.272569259,5,56.10529032,1,1,1,Fully-Furnished,84.99464377
2669,1776.149969,1996.74173,3,4,2,0,7.831295574,10,51.59746535,0,1,0,Semi-Furnished,148.4049794
2670,1812.815467,1966.992278,2,3,1,37,10.95647461,7,47.57764597,1,0,1,Fully-Furnished,101.0617161
2671,1151.614091,2599.79638,3,4,2,7,7.256258335,2,59.57981931,0,0,0,Fully-Furnished,124.1840956
2672,1791.013284,500,1,1,2,0,6.184404875,3,75.14682243,0,0,1,Unfurnished,78.74297106
2673,1630.221132,2267.461644,4,2,1,1,12.42119301,2,39.38489546,0,0,1,Fully-Furnished,115.6494018
2674,1230.579072,1768.014916,5,2,2,36,5.877846727,10,55.01458328,0,0,1,Unfurnished,96.66049152
2675,995.722658,,2,4,3,23,11.55788379,1,47.14041886,1,0,1,Fully-Furnished,89.3151308
2676,518.6871542,1406.010578,1,3,1,26,12.42374185,3,37.34129968,1,1,1,Unfurnished,59.72639911
2677,1674.825024,1828.369868,5,2,1,19,10.26726773,4,39.20604837,1,0,1,Fully-Furnished,108.024975
2678,717.5986143,500,5,4,2,20,3.003057922,9,43.9033319,0,0,0,Fully-Furnished,80.37913807
2679,1547.6721,1438.968343,5,3,1,36,8.108619637,,73.5987812,1,1,1,Unfurnished,97.99468869
2680,1368.275892,1299.34814,3,4,1,34,7.192000012,9,64.29723023,0,1,0,Unfurnished,97.19619293
2681,1839.571388,2426.226567,3,4,2,37,6.016002979,1,36.60111356,0,1,0,Unfurnished,107.9846632
2682,1348.97725,1355.578654,3,4,2,14,8.571006349,9,58.1686742,1,1,1,Fully-Furnished,109.7000006
2683,1335.276107,1827.90896,3,2,1,29,11.07682539,6,35.4380372,1,0,0,Semi-Furnished,92.75009747
2684,1865.935352,3233.821302,1,3,1,3,6.165789359,8,40.6053413,0,0,0,Semi-Furnished,165.3655547
2685,1667.529015,,3,1,3,38,7.314469303,3,69.69487581,0,1,0,Fully-Furnished,105.468546
2686,1658.077979,,2,1,3,14,7.035764265,8,79.75137739,1,0,1,Fully-Furnished,143.0860125
2687,1734.633795,1600.102056,5,2,1,22,12.65548418,9,21.59652954,1,0,0,Unfurnished,120.5453703
2688,732.2139384,2434.425823,1,2,1,14,6.971597529,7,50.46146673,1,0,0,Unfurnished,81.67101518
2689,1878.39434,1812.88176,3,4,3,25,3.062377369,4,56.11447559,0,1,0,Unfurnished,136.5530148
2690,1806.234397,1843.125431,5,4,2,11,1.706260644,6,45.88178482,0,1,1,Semi-Furnished,146.7246524
2691,991.6584357,2327.748275,1,3,1,17,9.450918266,6,52.10918003,1,1,1,Fully-Furnished,124.519312
2692,1377.959763,1522.405129,5,4,3,5,4.95727304,2,43.91586899,0,0,0,Fully-Furnished,150.3227139
2693,1480.346356,3194.402484,1,3,3,17,10.67489802,2,59.4110059,0,1,0,Semi-Furnished,118.3781085
2694,1432.751608,1871.895888,4,4,1,23,2.675120046,,44.87388295,1,1,1,Unfurnished,147.6972343
2695,1666.929983,2494.688453,1,4,1,37,5.844351334,1,58.38944612,1,1,0,Unfurnished,127.0904087
2696,2215.683391,3164.480383,3,1,3,27,2.677724602,5,64.78110318,0,0,0,Unfurnished,135.3360658
2697,2040.883364,2825.32302,5,2,1,14,9.738442862,10,62.67322811,0,1,1,Unfurnished,148.89743
2698,843.8904033,872.8647178,5,3,2,18,10.59539016,3,47.24011785,1,1,0,Semi-Furnished,61.847389
2699,1811.034995,2355.916716,5,1,1,4,9.354500631,3,16.14656881,1,0,0,Unfurnished,146.5246738
2700,2164.46666,2680.575516,2,4,3,3,3.656254718,8,57.34805119,1,0,0,Unfurnished,147.5780324
2701,1693.40426,2713.490418,2,1,3,16,5.016945024,3,28.31495917,1,0,1,Semi-Furnished,124.1038973
2702,2045.490213,1109.364133,3,3,1,9,8.937255954,3,56.93513397,1,0,1,Unfurnished,148.6618714
2703,2506.135223,1474.37181,4,2,3,11,1.249034368,,55.74040076,0,0,1,Semi-Furnished,136.6899795
2704,2011.854773,2795.646589,2,1,2,4,7.035460222,8,46.89071029,1,1,1,Unfurnished,182.2051778
2705,1624.654298,1390.591703,1,3,1,6,14.06762141,,51.00233071,1,1,0,Fully-Furnished,140.814703
2706,2022.544237,1760.243155,3,4,1,22,7.280177803,10,71.8219251,0,1,1,Unfurnished,124.9333482
2707,1572.443917,,4,1,3,1,2.045821444,6,69.43141688,1,0,1,Fully-Furnished,164.5720566
2708,1511.951522,1961.7606,1,2,2,29,5.570363009,8,44.72895886,0,0,1,Semi-Furnished,115.9914098
2709,1324.292882,1418.58069,5,3,1,36,5.477230697,3,21.65537529,1,0,0,Unfurnished,106.8368211
2710,2281.706679,1297.906115,2,2,3,4,16.56123512,6,73.56417957,0,0,0,Unfurnished,129.559615
2711,1090.785667,2266.175464,1,4,1,19,14.66271632,2,26.3299436,0,0,1,Unfurnished,65.3868799
2712,2266.183862,933.4815932,4,2,2,25,10.92374174,3,51.36807491,1,1,0,Fully-Furnished,123.0858014
2713,1749.932062,1802.131229,3,4,3,38,6.627696277,4,48.89900002,1,1,1,Unfurnished,135.1025939
2714,800.3469126,,1,4,1,5,12.80251864,9,56.53027293,0,1,0,Semi-Furnished,92.73751302
2715,1683.824646,3039.319856,3,1,3,28,3.466161444,4,69.48960228,0,0,1,Unfurnished,141.7017978
2716,449.9867462,2534.038464,5,4,3,9,12.30630126,7,50.90906636,1,1,0,Semi-Furnished,128.9045365
2717,1812.754008,1428.747906,4,2,2,15,11.71189415,8,42.42908177,0,0,1,Fully-Furnished,110.0248615
2718,1942.615741,2942.735454,4,1,2,33,7.394617061,5,54.26964666,0,0,0,Semi-Furnished,103.501936
2719,1203.822022,,2,4,1,30,12.55674525,2,29.55468396,0,1,0,Fully-Furnished,113.0902761
2720,1561.773848,1011.437582,4,3,3,35,6.211115482,8,39.73932608,1,0,1,Fully-Furnished,97.84620009
2721,2477.078717,1862.366913,1,3,3,4,2.939657608,5,46.82627298,0,1,1,Fully-Furnished,139.6317023
2722,1247.126648,3150.535361,1,4,3,32,11.91186005,5,58.14619284,1,0,0,Semi-Furnished,111.4686329
2723,970.5462065,2132.19204,1,1,1,18,7.659028283,7,70.79565881,0,0,0,Semi-Furnished,48.04532517
2724,2240.831701,2010.017491,5,1,2,31,10.40712241,6,66.21916852,0,1,1,Semi-Furnished,134.0066295
2725,2481.293595,3309.769316,4,1,2,22,15.28354637,3,63.80953205,1,0,1,Unfurnished,163.6945709
2726,1501.847836,854.9161224,4,2,3,2,5.11098371,7,66.3815302,1,1,0,Semi-Furnished,105.7585049
2727,2005.731518,971.5207088,1,3,1,0,7.426481981,1,58.83700027,1,1,0,Fully-Furnished,120.6276262
2728,2170.737958,707.3228232,2,4,3,35,14.27853802,4,51.16279638,0,1,1,Semi-Furnished,113.3871247
2729,1128.757884,2298.118549,2,4,2,27,10.67492692,4,34.99857972,0,1,1,Fully-Furnished,114.9457033
2730,1257.347082,2133.194502,4,3,3,38,5.200869023,6,50.47709192,1,1,0,Semi-Furnished,105.5348529
2731,2115.437257,3234.189094,4,2,3,4,4.179929186,6,25.36271075,0,1,0,Semi-Furnished,167.7542211
2732,2342.507139,2194.780062,3,1,3,12,5.88767744,10,42.16906369,1,1,0,Fully-Furnished,159.7841922
2733,1781.44043,1676.674272,4,3,2,10,5.046341181,8,50.97305958,0,1,1,Semi-Furnished,139.6306765
2734,1060.092823,2001.435898,1,4,1,21,8.949392478,1,50.89507343,1,1,0,Unfurnished,89.67751431
2735,2493.530556,2094.165935,5,2,3,22,8.313738029,7,40.56122122,1,0,1,Unfurnished,185.2849787
2736,1234.514551,662.5909813,4,4,2,11,9.116951017,,24.14331728,0,0,0,Fully-Furnished,92.7324928
2737,1332.431109,4168.265315,4,1,3,20,4.636748794,6,41.58647587,1,0,0,Fully-Furnished,149.1761628
2738,1671.168917,2415.896814,1,3,1,18,7.71666437,10,46.17329336,1,1,1,Fully-Furnished,120.1754367
2739,2277.08021,2168.006646,3,1,3,4,0.5,9,52.8384033,1,0,1,Unfurnished,198.4841486
2740,1926.987988,2492.131187,4,2,1,23,8.580025269,3,60.3825858,1,0,1,Fully-Furnished,142.8160384
2741,1707.43275,2567.528784,2,3,2,29,12.70176258,8,45.38283912,1,0,0,Fully-Furnished,122.6298151
2742,1731.644265,1887.557212,2,1,1,7,2.301016363,3,44.22821439,0,1,0,Unfurnished,142.7800052
2743,1521.757334,1495.007091,2,1,1,1,9.933712923,6,40.40284,1,0,1,Fully-Furnished,93.2632187
2744,1779.069757,2479.560549,5,1,2,33,5.555942593,2,48.94526073,0,1,0,Semi-Furnished,101.0392065
2745,400,2308.568672,5,2,1,22,11.21000461,9,64.01548932,1,0,1,Semi-Furnished,110.5206131
2746,1351.69627,1352.087921,4,1,1,2,8.634589805,2,34.29243796,0,1,0,Semi-Furnished,116.1833035
2747,1620.660967,3135.228489,4,4,2,23,9.618816451,5,20.56942972,1,1,0,Semi-Furnished,114.6007051
2748,924.4929582,2234.681629,4,3,1,17,8.259295595,6,53.1380561,0,0,1,Unfurnished,89.37648553
2749,1693.161659,2583.85549,5,3,1,36,13.31332723,4,67.63588888,1,1,1,Semi-Furnished,101.1168638
2750,1397.76439,3113.53671,4,1,3,30,9.389641911,7,54.59208712,1,1,1,Semi-Furnished,146.8260213
2751,2377.737849,2017.511057,1,2,1,13,5.178305144,7,35.12858825,0,0,0,Unfurnished,136.7844178
2752,2286.509863,2253.561606,3,4,1,0,8.394860209,7,48.42124192,0,0,0,Unfurnished,154.7266343
2753,1267.097215,2648.021791,2,4,1,13,6.524475828,7,50.83312202,0,1,0,Unfurnished,105.8574642
2754,1424.581144,1420.111133,2,3,2,4,8.649599626,10,60.736172,1,1,0,Semi-Furnished,120.7557289
2755,1463.026217,2043.24133,1,3,1,30,6.320921151,10,36.98200382,0,0,1,Fully-Furnished,89.4603461
2756,1274.170262,2100.438869,4,4,2,30,5.292757058,,73.60361883,1,1,1,Fully-Furnished,139.0529449
2757,1597.512492,,5,3,2,29,8.797088851,2,43.80634545,0,0,0,Semi-Furnished,119.1066549
2758,1120.858966,3854.109431,4,1,1,35,8.223158514,5,40.10999066,1,1,1,Fully-Furnished,95.5863439
2759,934.6923325,874.1652452,4,4,1,0,12.25582338,10,54.3227284,1,1,0,Fully-Furnished,120.6787128
2760,1811.355612,961.5168771,2,3,1,2,6.340176483,9,29.09308497,0,0,1,Unfurnished,121.1199881
2761,1814.764792,,2,1,1,19,0.5,2,80.85954877,1,0,1,Semi-Furnished,139.4664006
2762,1097.84212,2570.613001,5,1,1,20,6.544516806,3,56.98931106,1,1,0,Semi-Furnished,102.776436
2763,1947.677715,1179.228146,2,4,1,29,1.494276964,7,45.82571232,0,1,0,Fully-Furnished,102.2272126
2764,1184.211135,2485.831212,4,1,1,29,9.662687896,9,35.21932146,0,0,1,Semi-Furnished,133.1707779
2765,1626.582619,3174.280356,1,4,2,4,1.304408287,3,47.16708176,0,1,0,Unfurnished,134.3705004
2766,1910.172006,1975.789554,5,1,3,9,4.04651575,10,64.58021821,0,0,1,Fully-Furnished,165.7119991
2767,1483.193718,4079.05832,1,4,2,23,6.550662167,8,44.26209896,0,0,0,Unfurnished,151.6710543
2768,1727.370456,620.7505513,4,4,1,38,14.17580242,8,38.67492816,1,0,1,Fully-Furnished,94.29130551
2769,1241.785178,2555.058763,5,4,3,5,3.708439537,4,60.56455551,1,0,0,Semi-Furnished,156.5778719
2770,1401.766708,2933.222669,1,4,3,9,8.049619933,6,34.25860371,1,0,1,Unfurnished,137.5732189
2771,1397.070285,2713.075121,5,1,1,9,10.31990631,8,53.51004596,1,0,0,Unfurnished,142.1207145
2772,1126.710827,1836.515419,4,4,1,24,13.93624221,9,56.17896528,0,1,1,Unfurnished,125.4784631
2773,1411.612918,1767.646814,5,3,2,13,11.11117901,,55.75926845,0,0,1,Fully-Furnished,87.58829462
2774,725.6908506,2355.316137,4,1,3,38,12.37562781,1,56.4711754,1,1,0,Fully-Furnished,66.26925429
2775,1254.423126,2652.603589,5,4,3,12,11.45722824,5,35.74181066,1,1,1,Unfurnished,135.5718332
2776,1357.562253,2481.978749,5,1,1,10,3.163508114,10,47.18369067,1,0,0,Unfurnished,127.1786286
2777,1371.910124,,2,1,1,38,9.438768417,,46.22633521,1,0,0,Fully-Furnished,102.2237324
2778,1379.251277,1184.904034,4,1,3,10,11.39464381,6,52.06267828,1,1,1,Semi-Furnished,83.54653344
2779,1469.1179,1817.783217,3,1,3,15,4.173998841,1,23.01153139,0,1,0,Semi-Furnished,106.7212492
2780,1739.720759,1247.987254,5,4,1,32,5.680960493,4,29.01321227,1,0,0,Unfurnished,118.3418536
2781,1937.258537,1691.109779,1,1,1,31,4.787230819,6,82.40649575,1,1,0,Semi-Furnished,121.1579258
2782,1175.117387,2812.176713,2,3,1,9,11.09049194,2,60.88227976,1,1,0,Fully-Furnished,102.0374454
2783,898.3995723,2086.387137,2,1,2,14,7.722875519,8,46.80754333,1,0,0,Semi-Furnished,79.94284165
2784,978.9777939,4085.487331,5,1,2,15,6.716616423,4,51.13977404,0,0,1,Fully-Furnished,126.6758177
2785,1256.398539,2154.725094,3,3,1,26,2.873320333,2,80.27022578,0,1,0,Unfurnished,107.8252856
2786,1324.039341,2047.753504,2,4,2,31,7.730422987,,21.88939898,1,1,0,Semi-Furnished,86.31285327
2787,1115.001967,2084.946336,4,3,3,5,5.72964658,8,51.71029245,1,0,1,Semi-Furnished,123.7908314
2788,851.9416679,1489.753046,5,2,3,35,8.973358261,10,44.87702773,0,0,0,Fully-Furnished,77.08175309
2789,1271.939586,1953.73071,5,3,1,7,3.428131205,1,68.63914147,0,0,0,Fully-Furnished,81.63625891
2790,1590.71331,2902.230422,3,4,3,24,8.711625038,,58.60728438,0,1,1,Unfurnished,115.8486035
2791,1797.514733,,4,3,3,6,6.244196918,7,82.4620137,1,1,1,Unfurnished,169.5859731
2792,1221.288473,1365.232216,4,1,3,16,3.002812297,6,62.21409554,1,0,1,Fully-Furnished,119.5099513
2793,1293.501089,1259.932304,3,4,3,29,2.690863848,8,43.36459564,1,1,0,Fully-Furnished,126.7405884
2794,1036.650846,1639.838487,1,2,3,1,3.291918448,10,46.4692904,1,1,0,Unfurnished,110.3429933
2795,1484.280415,2059.090748,4,4,2,16,7.17440377,1,60.2726672,1,1,1,Fully-Furnished,127.7567253
2796,1075.785683,2954.869228,1,1,2,3,8.483981737,1,71.79237067,1,0,1,Semi-Furnished,117.3355561
2797,1786.563907,927.6090869,1,2,1,25,9.07929453,1,39.37334684,1,1,1,Unfurnished,121.6506039
2798,607.066754,1744.138978,5,4,3,13,9.230211671,6,53.83986628,1,0,0,Semi-Furnished,101.7550076
2799,1320.185164,2115.448016,5,4,2,7,4.965906956,7,20.60916989,1,1,1,Fully-Furnished,135.7037795
2800,1650.55367,533.0353859,2,1,2,4,12.23361163,10,45.60370023,1,0,0,Unfurnished,105.5660812
2801,1591.917258,1333.121374,5,3,2,4,6.231097896,9,75.88399036,1,0,1,Unfurnished,86.82635207
2802,2846.516832,1456.089168,4,3,3,4,9.80059904,,72.7821083,0,0,0,Unfurnished,143.6927591
2803,1674.900012,1363.223701,4,2,2,26,7.343378266,5,61.23972028,0,1,1,Fully-Furnished,112.384885
2804,997.9727016,2153.511636,1,1,1,4,9.502484927,1,76.68705492,1,0,1,Unfurnished,100.2178149
2805,1452.267876,1871.552312,4,1,1,2,7.142687735,9,46.0759202,1,1,1,Unfurnished,142.9716152
2806,611.8768333,1555.771118,5,3,3,37,9.574539506,5,49.01899136,1,1,1,Unfurnished,84.74258025
2807,1459.700125,2342.370101,5,3,1,29,7.97044452,6,45.80499049,0,1,0,Unfurnished,114.0825897
2808,1083.471971,3378.459774,5,2,2,0,11.25536228,9,59.81839011,1,1,1,Fully-Furnished,141.7720023
2809,1957.695138,3311.405213,3,3,3,7,4.725259827,2,93.79604149,1,1,1,Unfurnished,170.3393858
2810,1225.229863,500,4,2,1,12,0.920434656,3,55.50017842,1,0,1,Unfurnished,102.3141211
2811,1441.617042,2461.657747,2,4,3,19,4.106570322,,32.88451118,0,0,0,Fully-Furnished,121.8021237
2812,1182.221079,1857.581368,4,2,2,5,12.27567366,3,33.45395598,1,1,1,Unfurnished,104.3463586
2813,2369.425676,2124.124274,4,2,1,7,7.38176472,2,36.93334777,0,0,1,Semi-Furnished,150.1384312
2814,1339.378617,1681.373573,3,2,2,29,8.368249182,7,37.82474175,1,1,1,Unfurnished,113.0515802
2815,2416.278522,2094.070904,4,4,1,39,3.785453544,8,36.48971299,0,0,0,Unfurnished,164.0522617
2816,1907.075881,2121.125917,1,3,3,14,8.262214901,9,53.2849419,0,1,0,Semi-Furnished,130.1448456
2817,1741.033364,1536.838594,5,2,1,9,3.908749424,2,28.60132268,1,0,0,Fully-Furnished,115.6169808
2818,1684.366574,1282.905962,5,3,1,32,4.4968749,2,57.34928439,1,1,0,Unfurnished,94.21278776
2819,1696.898649,,3,2,1,8,6.390065269,7,64.81933763,0,1,0,Semi-Furnished,139.1571015
2820,536.1637103,2187.407412,5,3,3,32,9.780389031,4,40.68438597,1,0,0,Fully-Furnished,87.32134485
2821,1360.558303,2479.197073,1,2,1,8,10.20739032,5,55.1709799,0,1,1,Fully-Furnished,118.9854468
2822,1922.578986,2682.679182,3,3,2,13,10.31617959,1,59.98366338,0,0,0,Semi-Furnished,147.0627712
2823,1475.551408,1604.647982,2,1,3,31,1.64766354,6,63.1751405,1,0,1,Fully-Furnished,124.4840838
2824,797.4050766,2227.075654,5,4,3,36,7.973341998,10,51.65300733,0,0,1,Fully-Furnished,86.6297827
2825,1473.797775,2770.002074,4,2,2,5,7.212872666,8,35.78370356,0,0,1,Semi-Furnished,156.5040038
2826,2352.052758,2932.475916,1,4,3,4,1.871270336,1,51.61653319,0,1,0,Fully-Furnished,178.0813348
2827,2123.445858,1952.933717,1,2,1,3,8.063935067,2,47.65183615,1,1,0,Semi-Furnished,102.7004755
2828,1468.997995,1823.25462,5,1,3,15,6.99829113,7,52.09766851,1,1,1,Fully-Furnished,150.8423565
2829,1975.724639,2152.899387,2,1,2,9,10.04610269,2,35.12797268,0,1,1,Semi-Furnished,118.8706911
2830,1316.74649,1080.234022,4,4,3,30,8.324988305,9,27.2305999,1,1,1,Fully-Furnished,127.6489982
2831,648.0642066,1845.112391,2,2,2,30,5.802717879,6,19.75976178,1,0,0,Semi-Furnished,75.05839095
2832,1037.767006,2595.669119,2,3,3,13,11.7030498,5,23.69037587,1,0,1,Unfurnished,150.039209
2833,2281.444384,2513.557704,5,2,2,12,0.5,7,22.66379116,0,1,1,Fully-Furnished,176.0545399
2834,1363.003459,1783.785917,4,3,3,3,7.742939486,10,65.36940219,1,1,1,Semi-Furnished,149.9195261
2835,1378.30801,2174.174561,5,4,1,25,0.946996272,8,53.7669134,1,0,0,Fully-Furnished,128.2227095
2836,1350.080902,,5,4,2,23,4.351226915,9,50.59820512,1,1,0,Fully-Furnished,103.5138577
2837,2452.068295,2562.793719,1,1,2,8,10.09925481,6,44.85841715,0,1,0,Unfurnished,143.4276483
2838,2312.979458,,5,3,3,34,2.903210078,5,21.2997282,1,0,0,Fully-Furnished,123.1594871
2839,2609.390117,1779.238839,3,2,3,14,2.305128725,7,55.77508518,1,1,0,Fully-Furnished,164.3976738
2840,1420.477395,1710.620931,4,1,3,23,17.52777993,2,53.39597603,0,0,1,Unfurnished,83.67343668
2841,1647.812244,1949.684906,1,4,1,30,2.562843794,8,50.68728891,1,0,1,Semi-Furnished,103.4608839
2842,741.6787253,1641.697884,4,1,3,18,14.60208361,4,38.47901231,1,0,1,Semi-Furnished,76.97497487
2843,2238.467213,2526.514429,1,2,2,1,7.311191342,1,39.6176704,1,1,0,Semi-Furnished,128.1201608
2844,916.1102244,1683.773162,3,2,3,1,5.900683514,3,57.84677597,0,1,1,Semi-Furnished,98.40884054
2845,1608.387782,3274.371277,5,4,1,35,10.26714556,9,38.48829311,1,1,0,Semi-Furnished,140.0406568
2846,951.3487362,3172.168403,1,1,3,36,13.3463763,4,65.94340653,0,1,0,Semi-Furnished,97.58447751
2847,1205.566587,1286.765208,1,3,3,33,3.415728232,10,73.99289469,1,0,1,Unfurnished,87.02817283
2848,1081.368784,2055.763416,1,3,2,38,5.959000841,10,66.78324607,0,1,1,Semi-Furnished,90.55606835
2849,1196.06237,1479.474703,3,3,3,18,11.38747894,3,51.42915753,1,1,1,Unfurnished,108.3770599
2850,1230.438648,1738.681949,4,2,1,37,9.15197725,4,48.60485271,0,1,0,Fully-Furnished,87.03165758
2851,1225.865603,3601.941974,3,1,3,22,12.40767132,3,51.47522433,0,0,1,Unfurnished,126.9573073
2852,1916.666956,1753.942866,1,3,3,15,10.06044782,3,60.19141729,1,0,1,Unfurnished,116.4854199
2853,947.5686035,2288.18083,1,1,2,5,15.23289604,2,71.82376531,0,0,1,Unfurnished,91.13555599
2854,1610.270714,2433.057035,5,4,3,25,8.714354395,6,58.29814276,1,0,0,Unfurnished,83.52617294
2855,2108.979576,1199.496502,3,3,2,21,8.887244593,10,24.51466414,0,1,0,Semi-Furnished,116.4980449
2856,1243.401818,1315.92362,3,1,2,23,9.286885488,6,36.08624578,1,0,1,Fully-Furnished,95.47251555
2857,1141.040555,1035.182103,2,2,3,39,7.430044593,10,47.73142762,0,0,0,Fully-Furnished,74.87260447
2858,1384.737687,1291.223413,4,4,2,20,11.39234864,4,64.79227229,1,1,1,Fully-Furnished,110.5483372
2859,2089.862604,500,2,4,2,29,8.948164895,8,84.37451554,0,0,0,Unfurnished,109.6401824
2860,1597.053815,2435.665921,2,4,3,10,11.15272004,6,51.0825036,0,0,1,Unfurnished,119.7137258
2861,1234.392853,3643.355073,4,4,3,8,11.77799941,8,60.02056826,1,1,0,Semi-Furnished,150.2803561
2862,1741.938326,2118.256591,5,2,1,11,9.713818726,6,26.78569419,1,0,0,Semi-Furnished,122.7436234
2863,948.8539251,866.9849125,5,2,1,25,10.0068653,9,39.44687907,0,1,1,Fully-Furnished,97.12294874
2864,1840.679755,1485.778894,4,3,2,37,3.95868085,3,55.33193154,0,0,0,Unfurnished,110.1114019
2865,1704.303654,1632.898524,4,2,2,2,5.798585649,3,19.21396598,0,1,1,Unfurnished,114.9191464
2866,1346.095764,1185.932178,3,2,3,32,11.37353381,2,53.6945401,0,1,1,Unfurnished,91.31286679
2867,1080.707101,2688.146111,3,4,1,14,13.69452473,10,44.31741206,1,1,1,Fully-Furnished,137.8829836
2868,1056.659539,2648.208036,3,2,1,4,0.5,6,50.68087828,1,0,0,Fully-Furnished,123.6193835
2869,1767.408668,1075.638565,3,4,3,23,5.728547411,7,39.27592914,0,1,0,Unfurnished,121.4984983
2870,2114.490251,2580.064836,1,1,3,10,8.09448241,7,57.84848218,1,1,1,Unfurnished,152.3387005
2871,1181.346126,3221.450131,1,1,3,32,4.482902152,5,65.87619107,1,0,1,Fully-Furnished,103.0475648
2872,1729.193352,3522.046564,5,1,3,22,4.709921423,6,61.1851807,0,1,0,Fully-Furnished,137.8919162
2873,456.4864907,4292.169618,1,1,1,9,9.899679495,,60.73012961,0,1,1,Semi-Furnished,121.5146275
2874,1207.691135,1278.40588,1,1,3,27,14.32550388,2,58.5371387,0,1,1,Semi-Furnished,72.900219
2875,1484.470534,4259.376341,3,1,3,38,0.5,10,49.74062968,1,1,1,Semi-Furnished,151.6247108
2876,1045.158292,1716.634889,3,1,1,16,7.318095404,7,43.43042223,1,0,1,Unfurnished,90.092014
2877,1031.746813,1526.027636,4,4,3,25,9.853121367,1,63.85821512,0,1,0,Unfurnished,84.69765833
2878,1166.110222,2261.6579,3,4,1,24,11.12085589,6,36.72905298,0,1,1,Unfurnished,91.57750296
2879,1646.096364,1534.350933,4,4,1,35,9.276509372,8,57.51135438,0,1,0,Fully-Furnished,99.68760776
2880,1406.335491,2319.235313,4,4,3,11,15.0456102,1,57.11133189,1,0,0,Semi-Furnished,127.1179593
2881,400,943.9382498,1,2,3,2,8.115626373,1,34.25108589,0,0,0,Fully-Furnished,63.35977359
2882,439.6499237,1808.997918,3,2,2,28,13.24797116,6,35.83835926,1,1,0,Fully-Furnished,69.2347957
2883,1196.567411,3028.465787,1,3,2,23,5.414529319,5,57.65513568,1,1,1,Fully-Furnished,119.9894472
2884,1728.843293,1954.350967,3,2,1,18,8.231931786,3,53.16327977,1,0,1,Unfurnished,152.7742168
2885,400,2113.276629,1,4,1,12,3.149139697,10,55.39037207,0,1,1,Unfurnished,105.539664
2886,1250.134912,2380.206884,1,4,2,15,11.60345776,10,46.77319456,1,0,1,Fully-Furnished,129.5179085
2887,1236.876072,2936.529303,1,1,1,39,7.518228549,7,72.9840911,1,1,0,Semi-Furnished,90.76342407
2888,2194.168889,675.8202302,5,1,2,26,9.43128425,7,58.83489311,1,0,0,Unfurnished,115.7614225
2889,1307.489094,2467.619241,1,3,3,5,6.746525475,,70.17049297,0,1,0,Unfurnished,98.75633404
2890,1691.494492,1785.488689,2,2,3,9,10.34571401,6,46.04895546,0,1,1,Fully-Furnished,116.7735882
2891,1570.62857,2133.310316,2,4,3,37,9.589735895,4,64.97999449,1,0,0,Unfurnished,98.48812693
2892,434.7167601,2847.960136,2,2,1,7,4.02139428,,45.27027797,1,1,0,Semi-Furnished,80.08272731
2893,1884.103608,1044.650679,4,3,3,17,4.25293027,9,45.06209802,1,0,1,Fully-Furnished,139.7866138
2894,1607.698253,1189.884447,1,1,1,31,7.888925079,7,31.65647075,1,1,0,Unfurnished,86.97614384
2895,1754.13432,500,2,4,3,16,10.63829583,7,56.82334765,1,1,0,Fully-Furnished,117.1473029
2896,3463.118853,1560.672847,4,1,1,1,15.45158221,8,34.64487822,0,0,1,Fully-Furnished,173.2015371
2897,457.9435303,3064.345876,2,4,1,19,9.211963427,5,40.75042036,1,0,0,Semi-Furnished,83.46500539
2898,2362.348325,1903.530249,3,1,2,9,12.03012561,9,29.69395475,0,0,0,Semi-Furnished,142.4512866
2899,1356.27624,927.9000835,5,1,2,8,1.548596261,6,21.54953956,0,1,0,Unfurnished,106.7591043
2900,1643.664452,1611.457004,1,3,2,38,16.0518234,7,48.75659235,1,1,0,Fully-Furnished,94.95024487
2901,1477.243877,809.7106372,5,2,1,24,10.42274484,7,39.29331852,1,1,0,Unfurnished,105.2941891
2902,1287.881833,,5,1,2,24,7.801581955,9,54.95469905,1,1,1,Unfurnished,111.0172178
2903,1215.083536,2311.055128,3,4,2,23,7.34121581,7,49.22976251,0,1,0,Unfurnished,103.966897
2904,1664.754368,1060.901339,3,2,2,5,3.571200809,3,65.67759606,1,1,0,Semi-Furnished,86.20948585
2905,741.4131517,2890.107444,3,2,1,29,4.714852817,6,78.89510813,0,0,1,Fully-Furnished,84.8235332
2906,1875.289584,1943.103767,4,1,1,9,15.64174253,6,67.22736289,1,1,1,Fully-Furnished,122.489733
2907,1291.902798,2068.475763,2,1,2,38,4.043982247,7,50.45059885,1,0,0,Semi-Furnished,95.40449532
2908,934.9653305,1777.301626,1,1,2,30,3.966928969,6,60.09349285,0,1,1,Semi-Furnished,111.3943955
2909,1274.993571,2618.278271,3,2,1,17,5.191118056,4,69.69609598,1,0,0,Unfurnished,140.4745899
2910,2128.574608,2626.52791,1,3,1,32,3.207276988,6,42.45262745,0,0,0,Unfurnished,127.7451744
2911,1232.332456,2268.043482,1,1,2,18,8.061226299,3,63.42599771,1,1,1,Semi-Furnished,112.36489
2912,1679.226809,2451.831285,1,2,2,22,12.35564205,1,69.59558013,0,0,0,Semi-Furnished,87.42014553
2913,1134.521862,1830.328264,3,2,2,4,5.558030695,1,51.235368,0,1,1,Fully-Furnished,97.78338636
2914,1878.960925,2433.762406,3,4,1,25,2.506702881,5,57.03007428,1,0,0,Fully-Furnished,129.4010141
2915,1842.753869,1729.69778,2,1,2,28,9.167445252,8,80.68686654,1,0,1,Fully-Furnished,102.6777921
2916,2424.304417,2001.785298,3,3,1,23,7.776902649,3,40.62453304,1,0,1,Semi-Furnished,131.2270825
2917,1412.218027,1780.285001,3,4,3,5,12.0108982,2,45.96254408,0,0,0,Unfurnished,94.38146886
2918,1834.327402,1634.225169,1,1,2,38,6.181966803,8,58.33960712,1,0,1,Fully-Furnished,98.50320438
2919,1549.03377,1448.710562,2,4,3,3,6.959372881,9,36.70898988,1,0,0,Semi-Furnished,123.621463
2920,2147.935891,2374.152083,5,1,1,25,7.401878542,9,48.89653896,1,0,0,Semi-Furnished,140.0693005
2921,1140.583806,,3,4,3,14,8.356016442,2,31.71729956,0,1,0,Unfurnished,104.5503748
2922,1872.502656,2936.881577,3,3,2,12,6.429753291,8,21.60537503,0,1,0,Fully-Furnished,155.9016303
2923,1402.651352,994.7477312,5,4,3,39,5.781423568,2,53.60509687,0,1,1,Fully-Furnished,97.82414456
2924,1467.905911,3031.362441,1,4,3,21,0.59848926,7,30.00119093,1,1,0,Semi-Furnished,141.4919482
2925,1545.876242,1745.473199,2,4,3,12,5.738451164,8,36.1762348,0,0,1,Fully-Furnished,131.1620087
2926,1626.120198,2480.586412,1,1,1,38,10.86089307,,65.35779025,0,0,1,Unfurnished,113.2735229
2927,1441.885478,1275.027734,4,1,2,16,11.40098208,8,52.54674651,1,1,0,Fully-Furnished,100.5091408
2928,1607.356592,2113.583931,3,3,1,35,6.115547906,3,49.44552938,1,1,0,Unfurnished,96.9524428
2929,2289.059029,2250.978546,4,4,3,38,13.19794399,1,44.41761905,1,0,0,Semi-Furnished,132.8409317
2930,1992.724843,812.3161665,3,2,3,24,7.885183713,7,73.08062997,1,1,0,Unfurnished,118.9729166
2931,1934.577296,2486.613733,4,4,1,33,2.648614513,10,83.5767269,0,0,1,Unfurnished,145.2495522
2932,1272.230237,3076.748006,5,2,1,20,1.390463774,3,59.09787429,0,1,1,Unfurnished,132.3479074
2933,1055.379586,1860.281643,3,2,3,24,12.87303169,8,10.51176531,0,0,1,Unfurnished,82.85068378
2934,1977.650279,3088.134505,3,4,2,24,6.507985099,9,49.48195912,0,1,0,Semi-Furnished,134.1677466
2935,1938.023396,,4,2,1,21,3.143741908,2,34.1520239,1,1,0,Unfurnished,121.6364701
2936,2236.335338,2679.667625,2,2,3,22,0.5,1,43.26616689,0,1,0,Semi-Furnished,127.8015282
2937,1198.009687,500,4,4,3,24,6.417135556,8,57.2161928,1,0,1,Fully-Furnished,110.5099606
2938,1385.225672,3935.022223,3,1,2,13,9.619003436,10,51.58614705,1,1,0,Fully-Furnished,121.7570354
2939,680.2579187,3196.366596,3,4,3,13,5.209235424,6,29.44533875,0,1,1,Fully-Furnished,130.2537516
2940,1303.764447,1772.299597,2,3,1,25,3.787019359,10,39.61647848,1,0,0,Fully-Furnished,106.5808086
2941,1998.285255,500,1,2,3,39,5.802496926,1,67.22194768,1,0,1,Semi-Furnished,97.82517238
2942,1266.75231,2230.422695,2,3,3,29,12.97276808,3,73.84025849,1,1,0,Semi-Furnished,106.6596091
2943,1820.239898,844.8595623,1,2,3,25,2.428073529,9,70.47493261,1,0,0,Fully-Furnished,92.86901764
2944,1404.748447,2355.88283,3,1,3,37,5.433195878,9,29.73448593,1,0,1,Unfurnished,139.3772828
2945,1662.028514,2329.252575,5,2,2,21,12.84303096,6,44.7220257,0,0,1,Fully-Furnished,105.0853275
2946,926.1543051,1246.877465,5,4,1,38,9.976705158,3,39.08633924,1,1,1,Fully-Furnished,103.1695997
2947,1542.604725,2896.773619,4,2,3,38,8.716511255,8,59.99976312,0,0,1,Fully-Furnished,131.914538
2948,400,2644.459762,2,3,1,33,5.406215458,6,45.58401107,1,1,1,Semi-Furnished,72.8445135
2949,1406.551921,2780.65867,2,4,2,24,8.122019258,1,34.78652918,1,0,1,Fully-Furnished,105.1494878
2950,684.7633781,2007.086163,5,3,1,35,5.848683726,6,72.1902526,0,1,1,Fully-Furnished,108.4801408
2951,2102.997258,867.5807465,1,1,2,12,4.562455476,5,41.32741148,0,0,1,Fully-Furnished,115.5056101
2952,1888.703676,2782.297818,2,3,1,28,3.679770099,8,65.16688494,1,0,1,Semi-Furnished,142.5428931
2953,1733.335491,1783.702881,1,3,1,8,11.13638239,2,40.84753701,0,1,1,Fully-Furnished,75.85997042
2954,2260.503114,888.1758854,1,3,3,14,7.758375471,7,61.80838518,0,1,1,Fully-Furnished,125.6600623
2955,1025.54174,3081.631493,1,4,1,30,9.258054975,6,45.14723689,0,1,0,Unfurnished,96.23143893
2956,2373.681599,3679.526016,1,1,3,26,8.606692743,1,34.40564997,1,1,1,Fully-Furnished,140.9582421
2957,1966.095782,1967.001497,4,1,3,30,9.763675311,,67.27480891,0,1,1,Semi-Furnished,137.0496611
2958,1381.722356,3727.296924,4,1,1,9,6.98112484,6,39.38767734,0,1,1,Unfurnished,146.7304391
2959,2067.810074,2073.051783,5,3,3,36,6.073370196,3,51.64350081,0,1,1,Fully-Furnished,122.6370992
2960,946.8532438,1695.635277,4,4,1,6,4.738878682,5,30.51036983,1,1,1,Semi-Furnished,110.0584907
2961,1087.742919,1495.633237,2,4,3,31,2.344123466,7,29.32823908,0,0,0,Unfurnished,97.10192082
2962,1195.705138,3309.665926,4,4,3,10,3.511867318,9,73.07652247,0,1,0,Semi-Furnished,150.6070442
2963,1235.511146,,2,3,2,27,6.538329116,4,52.09683132,1,1,1,Unfurnished,112.5380363
2964,971.7211786,,2,1,2,3,1.587842062,2,48.41337215,0,1,1,Semi-Furnished,124.6731473
2965,2111.541534,1552.668932,1,3,1,30,2.470856383,3,43.66019817,1,0,1,Unfurnished,122.3331609
2966,1370.5728,1631.75459,5,4,3,28,12.16855957,7,38.32959436,1,1,1,Fully-Furnished,107.7738841
2967,1676.252484,2824.199755,1,3,2,32,8.896717939,8,58.7453491,1,0,0,Fully-Furnished,124.604289
2968,1214.824317,1695.970523,1,2,2,3,6.192653087,5,71.30603642,0,0,1,Fully-Furnished,85.97509949
2969,589.6983497,1676.163696,4,1,2,25,17.08629784,3,62.26293747,0,0,0,Fully-Furnished,56.43132909
2970,1635.028679,2906.243758,4,1,3,30,1.407001125,1,59.16029022,1,0,0,Unfurnished,119.1026172
2971,543.8725123,3277.917835,2,4,1,30,11.90244511,10,45.29194528,0,0,0,Unfurnished,108.9969505
2972,1465.682977,2515.751843,4,3,3,26,7.554135669,1,59.52506715,0,0,0,Unfurnished,117.1174326
2973,815.8424806,1476.18418,4,4,3,24,11.14018809,2,79.23443863,1,0,1,Unfurnished,93.94436866
2974,2493.638,1591.513201,3,3,2,35,8.435814869,5,46.01097317,0,0,0,Unfurnished,130.5419592
2975,1955.681361,2063.932211,2,2,3,30,0.511019751,3,55.3868182,0,1,1,Unfurnished,129.0840411
2976,1552.876896,2256.74405,2,1,3,36,8.38184187,7,70.4035895,0,0,0,Fully-Furnished,119.5047622
2977,2131.853339,1209.707272,3,1,2,22,9.342223419,2,79.25413955,0,0,1,Unfurnished,112.8500068
2978,1076.842011,2578.430352,2,3,2,34,0.5,2,52.09732833,1,1,1,Semi-Furnished,137.9065311
2979,1771.739689,2068.410664,5,1,3,3,15.77619318,3,62.72323703,0,1,0,Semi-Furnished,131.4630136
2980,1599.905217,627.4333451,5,3,2,27,9.244830377,1,46.18756227,1,1,0,Semi-Furnished,86.36939919
2981,1632.010041,1256.858814,3,4,1,12,10.68795096,2,54.86622899,1,1,0,Unfurnished,97.20642428
2982,2136.17675,1596.697061,4,2,1,0,3.337882442,5,46.35314269,1,1,0,Fully-Furnished,150.9775947
2983,1866.246051,1941.713849,5,3,1,11,10.76247009,3,67.62393715,0,1,1,Semi-Furnished,110.5730154
2984,1644.361831,3511.423036,3,2,1,39,12.35801784,10,75.14534628,1,1,0,Unfurnished,123.3346269
2985,672.5562819,2190.537045,5,4,1,25,9.014272913,6,31.90523689,0,1,0,Unfurnished,88.16892912
2986,1019.976852,1327.382488,1,4,2,22,7.962513766,2,48.42533411,1,1,1,Fully-Furnished,92.98749884
2987,1438.645533,2176.504643,3,4,2,21,4.4256475,8,41.8833063,0,0,1,Unfurnished,94.85142518
2988,1546.686187,1718.329802,2,3,1,27,7.135172329,4,45.21611453,1,1,1,Unfurnished,145.6895697
2989,934.8981377,2259.806592,5,2,1,16,5.951881943,3,46.37135221,1,0,1,Semi-Furnished,119.1220319
2990,2705.838338,2464.45415,2,2,1,5,10.28798255,5,36.98035973,1,1,1,Semi-Furnished,185.0909245
2991,2258.197028,2967.384518,3,1,2,13,4.6004963,8,54.18935699,1,1,0,Semi-Furnished,162.6700932
2992,1801.05916,1980.570803,5,3,2,16,10.25860289,9,32.5203139,1,0,0,Semi-Furnished,149.7451942
2993,1536.018431,3311.168422,2,1,3,37,4.644057749,1,63.24233417,1,0,0,Semi-Furnished,120.2158
2994,1393.895515,2726.41813,4,1,3,4,6.950589783,4,54.4069846,1,1,1,Unfurnished,149.9106304
2995,1024.04077,1434.048364,4,3,3,12,10.46417759,6,34.0826681,1,0,0,Unfurnished,104.8261425
2996,1538.740259,3767.884533,1,1,3,8,5.18481312,6,33.28935599,1,0,0,Fully-Furnished,162.0447853
2997,1628.87627,2261.595611,3,1,2,25,10.60214596,9,61.72979622,0,0,0,Semi-Furnished,95.84755586
2998,879.1197123,1331.900397,2,1,2,12,10.21197663,1,39.44310114,0,1,1,Semi-Furnished,103.5127648
2999,1667.088209,3322.330441,1,4,2,18,6.916197306,5,73.21005935,0,0,1,Semi-Furnished,133.1175854
3000,1422.370476,3662.222068,3,3,2,16,12.64713281,10,18.14830829,1,0,0,Semi-Furnished,129.1950209
3001,546.0962211,1973.579789,4,4,1,15,8.311137368,1,34.21797838,0,0,0,Semi-Furnished,87.8052092
3002,1069.807495,1597.079792,2,1,3,29,12.40910611,,44.23408013,1,1,0,Unfurnished,67.5157803
3003,1293.197233,1862.100034,5,1,2,31,15.1738597,9,49.53103323,0,1,0,Unfurnished,87.37468998
3004,2443.843829,2571.785382,4,4,2,13,7.034795913,4,59.95167243,0,0,1,Semi-Furnished,155.0867755
3005,1778.276562,,5,1,3,14,10.57981994,,46.97129482,1,0,1,Unfurnished,147.6757842
3006,832.2592155,2456.389865,5,3,2,11,5.449728299,10,45.18185958,0,0,1,Semi-Furnished,137.7873528
3007,1743.018145,2081.378567,2,2,1,36,3.868742362,9,39.90443401,1,1,1,Fully-Furnished,142.3663565
3008,726.3480055,3198.409416,2,4,2,10,7.21816137,3,38.13134043,0,0,1,Semi-Furnished,110.6074284
3009,2041.345527,1749.730822,5,2,3,4,2.549598881,7,39.30635742,0,0,0,Fully-Furnished,147.5268261
3010,1264.437674,2824.735471,1,2,1,10,4.249568881,5,48.83282475,0,0,1,Fully-Furnished,150.4161121
3011,1453.181906,1769.549761,5,2,1,33,10.3657304,10,22.30634222,1,0,1,Semi-Furnished,97.53760216
3012,2162.898324,2344.818366,5,4,3,18,5.945403938,1,58.05005608,0,0,0,Semi-Furnished,121.7944793
3013,856.4182157,1909.149948,2,1,3,25,10.84205635,7,51.04066927,1,0,1,Semi-Furnished,90.64400444
3014,801.4409074,1955.318254,3,3,1,25,9.197647752,8,48.2390956,0,1,0,Semi-Furnished,131.7313969
3015,1208.200337,1698.090786,4,1,2,16,15.40461625,6,67.06670938,0,1,1,Unfurnished,83.31258534
3016,2019.189426,3075.883225,2,3,3,30,10.09734914,1,58.92390247,1,1,1,Unfurnished,131.7969684
3017,740.3269623,1413.65917,1,1,1,18,12.45687228,9,51.91431068,1,0,1,Fully-Furnished,86.57328305
3018,400,1407.814198,4,2,3,19,9.607538653,7,59.80385785,0,1,0,Semi-Furnished,90.21228774
3019,1274.420571,3696.794853,2,2,2,22,9.245574004,6,40.6605477,0,1,0,Unfurnished,125.1482923
3020,1775.8704,2782.278052,2,3,2,24,12.65893217,4,58.90165061,1,0,0,Unfurnished,120.8715352
3021,2100.130875,500,3,4,1,27,10.67518986,3,62.3145869,1,0,1,Unfurnished,103.8322535
3022,1268.419319,1547.793009,1,1,2,36,8.840254452,,13.29372581,0,0,0,Fully-Furnished,77.40961377
3023,1294.286696,550.40853,1,2,2,11,8.822618664,1,76.54884165,1,0,0,Unfurnished,46.81853974
3024,2076.950367,1239.447445,2,3,2,0,10.15291725,9,55.01141464,0,1,1,Semi-Furnished,138.9038343
3025,565.1291502,500,3,1,3,1,5.314505922,2,59.15908801,1,0,1,Unfurnished,74.42369996
3026,1305.739612,1890.408338,2,3,1,9,5.144802135,2,66.24514446,1,1,1,Semi-Furnished,120.4213594
3027,1595.211945,,5,4,1,33,13.70162373,3,47.94839119,0,0,1,Unfurnished,84.13410131
3028,1724.609361,2047.924205,5,4,1,31,15.45765466,1,43.75685623,0,0,0,Semi-Furnished,106.2456146
3029,1245.096653,,3,1,2,24,4.284470166,10,54.49649055,0,1,0,Fully-Furnished,100.660395
3030,1517.220506,2066.329483,2,4,3,9,5.32402227,3,91.39056159,0,1,0,Unfurnished,153.4591585
3031,400,1668.066978,3,1,1,0,12.57009128,4,48.49148108,1,1,1,Unfurnished,79.27918899
3032,1170.875794,3201.562372,2,1,3,31,10.13407997,9,40.38920695,1,1,1,Fully-Furnished,111.1637953
3033,1726.754356,3129.085489,2,4,1,36,10.70571242,5,70.1316381,1,1,1,Fully-Furnished,135.595622
3034,1008.852983,2628.276482,5,3,2,11,11.58640518,6,18.69530602,1,0,0,Fully-Furnished,124.4954245
3035,1529.492111,1738.708975,4,3,1,17,7.037071353,1,48.36033812,1,0,0,Semi-Furnished,106.1251719
3036,1723.43625,3588.304316,1,1,1,29,9.3198797,3,40.46246801,0,1,0,Semi-Furnished,122.6792324
3037,1328.7254,757.5717777,1,2,2,12,9.008768603,7,59.43336751,0,0,0,Unfurnished,70.27744728
3038,1585.231885,877.1530963,3,1,2,2,4.566033599,7,52.04340844,1,0,1,Semi-Furnished,90.58371444
3039,1018.633717,1932.97352,1,3,1,20,9.260363773,10,33.49703726,1,0,1,Unfurnished,124.3282154
3040,1396.69436,3803.230487,5,1,3,13,12.95084278,1,59.70724789,0,0,1,Fully-Furnished,152.33226
3041,1805.108085,1838.128875,4,3,2,39,6.663467045,9,37.6908199,1,1,0,Unfurnished,114.4174685
3042,1578.48648,1853.403805,2,4,1,9,8.610276995,1,49.28894564,0,0,0,Fully-Furnished,93.39668235
3043,1206.734365,846.4717151,2,1,2,1,8.826835664,7,43.59285628,1,1,0,Fully-Furnished,70.94714662
3044,1612.108202,2756.743668,5,1,3,36,6.861341798,2,62.21868336,1,1,0,Unfurnished,112.8345429
3045,1857.304895,2762.541003,1,4,1,10,10.70760495,,43.11747607,1,1,1,Semi-Furnished,156.7390737
3046,475.0293607,2631.260161,2,4,1,0,5.279737475,9,10,0,1,1,Semi-Furnished,115.6408213
3047,2079.537032,1496.623462,1,2,3,25,13.33058207,9,33.27150108,0,1,0,Unfurnished,126.1046057
3048,1331.872631,1434.634585,5,4,3,12,10.50482225,4,50.94764981,1,1,0,Semi-Furnished,97.95959914
3049,1712.744967,965.5021997,2,2,1,27,4.252925597,6,40.10587772,1,0,0,Fully-Furnished,106.9485869
3050,2098.623462,2067.098001,3,4,3,35,14.79203874,,67.88269151,0,0,1,Fully-Furnished,119.5362093
3051,814.1631514,1135.674137,4,3,3,20,8.672405845,3,34.68731661,0,1,0,Semi-Furnished,76.79087507
3052,1145.279499,1058.066796,1,1,1,9,5.108209931,6,58.65057318,1,1,0,Semi-Furnished,85.1455676
3053,1355.725652,1661.047426,1,4,2,11,12.4182181,1,62.11873,0,1,0,Fully-Furnished,102.0577881
3054,1108.123239,1608.67506,1,3,3,26,9.978686078,7,52.64236638,1,1,0,Unfurnished,134.622704
3055,2367.468288,1569.617177,1,4,2,2,0.912161183,2,56.13514637,1,1,1,Semi-Furnished,153.2854501
3056,1071.613953,2373.155677,5,1,2,27,5.897358731,8,47.97764594,1,1,1,Semi-Furnished,135.9627712
3057,1222.22661,2063.238242,5,4,2,1,9.116389349,5,54.13291385,0,0,1,Unfurnished,146.497124
3058,1602.194516,1769.475176,5,4,3,27,0.5,7,42.70888958,0,0,1,Fully-Furnished,122.2802001
3059,898.925237,2146.410343,5,1,1,30,8.340280342,8,53.39456463,1,0,1,Unfurnished,87.00187848
3060,1302.159644,1206.778367,2,4,1,20,8.631917491,3,45.68302875,1,0,0,Unfurnished,88.15039204
3061,1658.726631,2084.222899,5,1,1,6,3.26603247,6,45.67890512,1,0,0,Unfurnished,130.8523284
3062,1333.569798,2120.481994,2,2,1,30,9.082579545,,40.02399397,1,1,0,Semi-Furnished,114.8879648
3063,1453.306571,797.5625125,3,4,1,13,8.029855357,4,46.74607798,0,0,0,Fully-Furnished,77.36818832
3064,1235.333944,2796.555003,5,3,1,38,3.234823576,10,72.63151093,1,1,0,Fully-Furnished,137.1173807
3065,742.7648454,1294.853036,3,4,2,38,11.67824219,7,46.37952236,0,0,0,Semi-Furnished,50.91443837
3066,1660.796606,2072.247839,5,1,2,8,11.35141518,1,64.10011871,1,0,1,Unfurnished,116.6875773
3067,2377.466536,2931.529392,3,1,2,22,6.841051653,7,57.85754638,1,1,0,Semi-Furnished,159.3555371
3068,1509.200815,2740.541406,4,3,3,11,7.205674706,9,53.70428879,0,1,0,Unfurnished,117.7523453
3069,1612.632059,2027.466711,3,3,3,28,10.90505575,10,54.28830411,0,0,1,Unfurnished,125.1785514
3070,1846.361378,1710.000798,2,1,3,37,7.197347428,8,50.31590178,0,0,1,Unfurnished,106.4460946
3071,865.3347517,2758.009527,1,2,1,38,0.5,4,41.26941613,0,1,1,Unfurnished,96.24846476
3072,2351.257329,2539.755982,3,2,2,21,9.94774623,3,75.7709643,0,0,0,Semi-Furnished,132.67232
3073,1601.164398,1505.307984,1,1,3,3,4.746962717,7,65.86953676,0,1,0,Unfurnished,89.37385628
3074,2315.92845,,4,2,2,6,6.440627782,1,50.64649415,1,0,1,Semi-Furnished,142.2883997
3075,1133.483502,500,4,3,1,39,13.83148227,8,51.03667001,0,1,1,Unfurnished,57.37589414
3076,2409.030961,2123.225473,2,2,2,7,7.464086104,1,58.48800736,1,1,1,Semi-Furnished,154.471625
3077,1887.577747,1933.841804,2,3,1,34,8.006939743,7,34.12872682,0,1,1,Fully-Furnished,125.3631823
3078,1776.520043,2908.9531,3,4,3,8,10.0386691,6,38.25828204,0,0,0,Semi-Furnished,161.0414151
3079,1617.012227,2287.244075,5,3,1,12,10.02133578,10,21.84704472,0,1,1,Fully-Furnished,165.7110191
3080,1375.735691,3067.383355,4,4,1,38,4.32320893,8,46.82727989,1,0,1,Semi-Furnished,146.5471943
3081,2100.265829,1442.108618,1,3,2,19,7.758805938,6,67.87289342,1,0,0,Fully-Furnished,114.5245337
3082,1570.179935,2910.520265,5,3,1,20,8.144610112,5,45.76975419,0,0,0,Semi-Furnished,124.3065553
3083,516.4651482,1576.866897,4,2,3,18,9.088107587,9,82.86170104,0,1,1,Unfurnished,73.59511044
3084,941.4067691,2622.076849,3,3,3,1,9.156887764,4,43.46576639,1,0,0,Fully-Furnished,86.46284471
3085,1407.077124,,4,1,1,39,18.34976492,7,52.66977412,0,1,0,Unfurnished,82.90521212
3086,1654.999492,2188.108239,2,4,2,29,3.296560918,6,45.82522519,1,1,1,Fully-Furnished,128.8842038
3087,1471.705756,500,1,4,3,22,11.92036648,10,16.41503248,0,0,1,Unfurnished,82.78598557
3088,2109.485395,1786.290011,1,3,3,39,12.73350322,6,45.87105612,1,1,0,Unfurnished,88.95468646
3089,524.449068,2352.283195,2,1,1,12,9.971135896,5,37.38145669,1,1,1,Semi-Furnished,98.92198376
3090,1571.793968,1583.225159,5,3,1,32,5.398738421,2,53.5187812,0,1,1,Unfurnished,106.202996
3091,591.0103873,1159.649897,2,3,3,31,14.65867212,4,69.137335,0,0,0,Fully-Furnished,40.42517315
3092,1879.856148,2676.894775,1,2,1,27,0.5,,44.70745174,1,1,0,Fully-Furnished,116.7785272
3093,1452.770643,1917.229768,3,3,1,23,5.266933211,9,55.57054571,0,1,0,Fully-Furnished,118.2706153
3094,1709.804986,1608.343482,5,3,3,27,12.68672879,9,46.79921411,0,0,0,Semi-Furnished,110.7545743
3095,1068.05852,2033.516737,4,2,2,29,6.519553586,8,63.46141516,0,1,0,Semi-Furnished,73.90440676
3096,2139.732466,4109.335314,3,2,2,28,14.3858581,4,84.20952991,0,1,1,Fully-Furnished,136.8669519
3097,2020.862332,2922.80228,5,1,3,33,1.952781021,5,72.27445635,1,1,0,Unfurnished,157.7779226
3098,1791.772152,2930.058935,1,2,1,21,3.551592424,1,40.75617152,1,0,1,Semi-Furnished,119.2255152
3099,1435.241377,2348.437055,1,4,3,24,5.873447319,4,70.71509505,1,1,1,Unfurnished,137.5625251
3100,1789.928643,2133.188218,3,4,3,13,9.66959711,4,54.50341763,1,1,1,Semi-Furnished,139.0037292
3101,1146.553716,500,5,1,1,9,7.111919398,5,68.47654296,1,0,1,Semi-Furnished,80.04366385
3102,1927.77783,1456.815723,4,3,2,9,6.03840299,2,34.60510043,0,1,1,Semi-Furnished,125.2868296
3103,2324.740447,1615.540469,4,1,2,7,13.68158572,2,48.67005935,1,1,0,Semi-Furnished,136.5590256
3104,2035.30528,500.0863488,2,2,1,13,14.0537799,2,52.6797038,1,1,1,Fully-Furnished,87.74128267
3105,1135.198765,1074.067368,3,3,3,37,6.342480937,8,49.1912707,0,1,1,Semi-Furnished,75.15164854
3106,1680.708659,500,5,1,1,31,1.160928771,2,54.34769429,1,0,0,Semi-Furnished,76.68476584
3107,853.4292281,1969.340931,3,1,3,31,0.5,6,48.35139083,0,0,1,Fully-Furnished,77.3939555
3108,1786.195156,2655.012777,4,4,1,2,8.957160459,2,44.65364598,1,0,0,Fully-Furnished,119.862204
3109,1725.301706,2885.419615,5,1,1,19,10.62382249,8,43.13991787,0,1,1,Fully-Furnished,122.9926456
3110,565.0918302,2331.82757,1,3,2,12,8.251991142,1,37.71945405,1,1,0,Fully-Furnished,92.46646013
3111,919.108078,1229.282927,1,1,2,22,7.716367572,,54.62499389,1,1,0,Unfurnished,42.23868428
3112,1358.430552,500,5,1,1,18,4.781829541,5,47.86230785,1,1,1,Fully-Furnished,101.3943668
3113,1349.570126,594.5050405,3,2,1,15,10.61991918,6,41.90680563,0,0,0,Fully-Furnished,75.08667748
3114,895.2615323,984.8139382,3,1,2,35,14.71274152,9,27.51834272,0,0,0,Fully-Furnished,71.71340286
3115,1694.489365,1288.912242,1,3,3,34,0.5,6,58.07804218,1,1,1,Unfurnished,123.2425799
3116,1625.736804,1872.201202,1,4,2,6,7.689995245,8,60.13500819,1,0,1,Fully-Furnished,132.8945025
3117,1402.865434,1188.668625,4,4,3,36,4.118606602,,35.93570591,0,0,1,Unfurnished,91.9715692
3118,1122.10425,2271.180715,5,4,2,7,2.038136024,1,51.54540496,0,0,1,Semi-Furnished,115.4244559
3119,2024.353563,1814.181198,3,4,2,24,3.480096517,2,41.82285913,1,0,1,Unfurnished,111.0662319
3120,2327.703557,2008.436569,4,2,3,22,9.518691423,,60.77426006,0,0,1,Fully-Furnished,152.4239766
3121,1258.219258,2912.200442,3,3,1,9,9.61984879,1,42.56451003,0,1,0,Unfurnished,134.4003972
3122,1193.916541,1055.814613,1,2,2,29,13.84115104,8,42.62739187,0,1,1,Unfurnished,89.33450676
3123,1745.603833,2334.963663,5,4,2,32,8.035126189,4,51.96520612,0,0,1,Unfurnished,107.2039328
3124,1320.98531,1988.821417,2,2,2,10,0.967113481,7,43.69891121,0,0,1,Unfurnished,129.2615579
3125,1430.3014,1733.210975,5,1,1,34,7.04732183,7,42.6710533,0,0,1,Unfurnished,95.47095209
3126,1869.826576,2708.205057,2,3,2,26,2.454483711,,40.77899917,0,0,1,Unfurnished,116.8475777
3127,545.3219562,2703.211324,4,1,1,2,3.172816454,9,43.36560881,0,1,1,Unfurnished,115.7403332
3128,2159.151162,1242.807363,2,2,2,7,10.32223623,9,44.37588227,1,0,1,Unfurnished,147.7663717
3129,1536.340262,1854.271533,2,1,3,12,8.776723622,7,50.19302153,0,0,1,Semi-Furnished,108.2205954
3130,1294.253428,2224.969346,4,2,2,2,10.35026238,9,47.57067662,0,0,1,Semi-Furnished,124.5822813
3131,1455.382923,1781.594602,5,2,2,19,6.570028611,5,57.41857547,0,1,0,Fully-Furnished,91.7958139
3132,1481.214678,2468.017066,4,3,1,34,11.16211825,10,32.69831718,0,0,0,Fully-Furnished,107.8818995
3133,634.3993483,2224.953614,1,3,1,12,6.346388407,4,81.33803309,1,0,0,Fully-Furnished,80.36213709
3134,2247.469114,3466.048992,1,3,1,19,12.46673133,3,50.33219381,1,0,1,Fully-Furnished,133.1191897
3135,1520.662816,775.7766913,2,4,3,23,9.378555758,6,64.56966776,1,0,1,Fully-Furnished,101.9986641
3136,1721.501065,1902.051208,4,3,3,8,7.172012518,10,57.24429295,0,0,0,Fully-Furnished,124.4990858
3137,1975.774885,1273.197991,4,1,1,29,8.848372177,9,51.81014047,1,0,1,Semi-Furnished,125.1502757
3138,989.4187712,2483.285964,4,3,3,24,7.928557196,,56.76779184,1,1,0,Semi-Furnished,101.3746017
3139,1736.73595,706.262488,5,3,1,15,14.38442606,,55.09445019,1,1,1,Semi-Furnished,106.4383126
3140,1366.179455,2277.050168,3,3,3,7,8.98175049,3,47.36462796,0,0,1,Unfurnished,106.5274099
3141,1923.385388,1495.961255,3,2,1,27,7.99354931,3,85.90610032,0,1,1,Unfurnished,84.52123461
3142,436.3862898,1412.670507,3,2,1,11,7.046036572,2,66.7211268,1,0,1,Fully-Furnished,91.82207132
3143,1450.45285,842.8014372,5,3,3,23,11.37273688,9,26.08638059,1,1,0,Semi-Furnished,100.6554288
3144,1198.589672,1627.939243,4,2,2,28,10.83165336,4,65.76368994,0,0,1,Fully-Furnished,73.84076837
3145,1716.131475,2867.600424,3,2,1,14,6.904633479,3,51.062223,0,0,0,Semi-Furnished,128.4320286
3146,1735.022094,1979.849053,4,4,1,17,3.377433942,10,74.54958328,1,1,1,Semi-Furnished,146.6577554
3147,1146.187053,2502.144334,2,1,2,6,4.392127446,6,45.10481055,0,1,0,Fully-Furnished,93.82128156
3148,1143.913068,3331.713458,3,2,1,12,7.263349842,8,14.96626347,1,0,1,Fully-Furnished,133.9354686
3149,1444.667316,2211.004468,2,1,1,18,13.39571002,8,44.73164842,0,0,1,Unfurnished,79.31907259
3150,1051.678886,1552.960342,5,2,3,4,6.999293483,10,25.96881086,1,0,1,Semi-Furnished,112.7469494
3151,1920.991848,2373.801772,1,3,2,25,5.62350556,6,39.78910349,1,1,1,Unfurnished,160.8313344
3152,1315.3964,1564.563083,5,2,1,1,0.957122747,5,41.43859771,1,1,0,Unfurnished,107.5157178
3153,400,1596.461853,5,2,1,32,14.05416574,7,55.66531915,1,1,0,Unfurnished,60.46952496
3154,1312.588972,784.0857603,5,1,2,36,10.27611258,3,53.82281775,1,0,0,Unfurnished,74.13870618
3155,980.7280896,2741.005993,3,3,2,24,11.18403988,10,59.60074679,1,1,0,Semi-Furnished,97.85073675
3156,684.3620923,1691.197939,2,4,3,24,11.84675221,2,58.31953225,0,1,0,Semi-Furnished,63.85583255
3157,881.2866809,2145.678597,3,1,3,38,7.341079085,8,79.12023116,0,0,1,Unfurnished,102.8543377
3158,1554.704236,1171.230457,1,3,3,29,8.338362535,9,50.02392315,1,1,0,Semi-Furnished,89.63735507
3159,2164.320414,2348.758104,5,3,1,3,13.95440777,6,57.71301154,0,1,0,Unfurnished,138.3403497
3160,1656.592237,1390.447009,4,1,2,18,8.718323557,4,63.26946005,0,0,0,Fully-Furnished,83.31543681
3161,1196.748306,1886.633023,1,2,3,26,10.35010116,6,40.31202195,0,1,1,Unfurnished,91.90420776
3162,1727.952098,2702.260825,2,3,2,38,11.48220287,7,31.03796509,1,0,0,Fully-Furnished,119.2960405
3163,1270.454845,2632.60745,1,4,1,23,10.57172533,8,55.52622631,1,1,0,Unfurnished,114.9624362
3164,1152.699815,1982.375942,3,2,1,36,7.487323319,,44.00714938,0,0,0,Unfurnished,71.47338597
3165,922.8186659,585.4951738,4,1,2,24,7.864464629,6,61.7032374,0,0,0,Semi-Furnished,61.25218576
3166,624.0855966,4394.248456,3,1,2,28,11.11056175,10,61.01543103,1,0,1,Fully-Furnished,137.7610575
3167,1305.038147,3396.687176,5,1,3,30,11.10401144,6,64.83662925,1,0,1,Semi-Furnished,124.0279292
3168,1579.026745,2578.13986,5,1,2,34,12.6729304,10,38.21217071,0,1,0,Unfurnished,117.7485545
3169,1451.688165,1397.436975,1,4,3,27,10.20438793,7,41.38338489,0,0,1,Fully-Furnished,89.6295199
3170,1292.016536,,5,4,2,37,10.38642245,4,51.60478547,0,0,1,Unfurnished,108.5024728
3171,1027.12697,1565.263656,5,3,2,3,6.215066533,6,47.32777182,0,0,0,Fully-Furnished,88.08252887
3172,1804.123096,3011.084751,2,4,2,27,5.675401956,2,56.84866994,0,1,1,Fully-Furnished,157.5528244
3173,841.43404,2210.002313,2,1,1,30,11.1225227,,70.40231812,0,0,1,Unfurnished,80.14964101
3174,1888.013957,1372.668913,3,4,1,22,5.703259728,3,48.50400919,0,0,1,Unfurnished,110.8322741
3175,998.8914905,1623.395921,3,2,1,13,7.917195988,9,29.66654521,0,1,1,Semi-Furnished,125.1578022
3176,1123.782381,2896.950514,2,2,3,27,13.51609296,8,20.69742348,0,1,1,Semi-Furnished,127.2381915
3177,766.6074047,3280.078277,1,3,3,13,12.88228117,6,30.61960761,1,0,1,Unfurnished,137.1286535
3178,1249.298927,3222.665251,2,1,1,0,9.207155323,10,30.12561403,1,1,1,Semi-Furnished,157.6085815
3179,1987.656229,2605.625652,3,4,1,31,6.815441681,2,60.00846422,1,0,1,Semi-Furnished,124.2161432
3180,1757.814044,1797.900105,4,3,2,17,7.506484359,8,49.28078592,0,0,0,Unfurnished,111.8449666
3181,1989.211056,500,5,3,2,4,11.47064056,,51.12118877,0,1,1,Fully-Furnished,125.3982228
3182,1761.071273,2237.728019,4,4,3,14,7.85400289,,60.82463768,1,0,1,Unfurnished,127.3958154
3183,948.1650857,1998.536993,4,3,3,15,5.766870428,6,70.44387849,0,1,1,Semi-Furnished,127.1545536
3184,1334.605388,2111.985677,5,1,2,35,12.86309903,5,47.07830617,0,0,0,Unfurnished,74.07221844
3185,1109.900435,2043.117878,2,4,3,35,8.726400557,6,61.14104921,1,0,0,Unfurnished,92.16474349
3186,2165.287452,938.9902704,1,2,1,39,5.690976716,1,55.28284587,1,1,1,Fully-Furnished,99.75675212
3187,901.6056768,2445.926845,4,2,2,29,9.915760756,4,26.63974855,1,0,0,Fully-Furnished,88.61679788
3188,1946.848845,2505.773051,1,4,2,37,11.88487365,7,27.7351702,0,1,0,Semi-Furnished,122.6652441
3189,1946.476935,2545.871026,3,3,3,22,3.969307741,5,44.90276806,1,0,1,Semi-Furnished,139.9902939
3190,2414.810101,2757.261603,4,3,2,10,7.198184347,6,52.95366699,1,0,0,Semi-Furnished,154.3417713
3191,1295.156704,2483.241316,3,2,2,24,7.01326653,2,57.20872991,0,1,0,Semi-Furnished,86.56339692
3192,1856.16108,1671.976471,2,2,1,1,9.809148663,8,47.03485123,1,0,0,Semi-Furnished,120.3800709
3193,2640.825918,1943.330522,4,1,2,34,10.52803329,10,24.55681085,0,1,0,Unfurnished,134.1531625
3194,1191.179162,2072.899894,3,3,2,23,5.794104355,4,44.48251069,0,1,0,Unfurnished,92.72871415
3195,732.4798762,2086.159559,3,1,2,12,2.028995296,6,22.43640442,0,1,0,Semi-Furnished,100.4057633
3196,559.994983,2798.574125,2,2,2,36,12.12719502,3,46.92984821,0,1,0,Fully-Furnished,81.17118211
3197,1856.356014,,1,2,1,29,3.520218918,9,58.40744078,0,1,1,Fully-Furnished,159.8710356
3198,558.424896,3661.874752,1,2,2,10,9.08473682,8,56.43284324,1,1,0,Semi-Furnished,106.4678493
3199,1313.840474,3765.175184,4,2,1,22,7.472076405,6,42.46627858,1,1,0,Unfurnished,147.9977835
3200,1718.656594,2063.719666,2,1,1,27,8.649775621,9,56.06767526,0,1,0,Fully-Furnished,105.6252995
3201,1592.587768,500,4,2,1,28,14.60493589,10,33.20288823,0,1,1,Fully-Furnished,117.3920544
3202,1712.722432,2989.465973,1,4,3,14,20.15312645,9,40.37242271,1,1,1,Fully-Furnished,170.4889385
3203,1611.144928,1567.698929,2,3,3,2,1.466250354,2,25.1486217,1,0,1,Fully-Furnished,114.6717656
3204,2139.432907,1358.812863,5,2,2,8,11.93562462,9,42.02977992,0,1,0,Unfurnished,134.0900988
3205,1023.84181,1681.24378,2,3,1,7,7.375008909,8,38.37023426,1,1,1,Unfurnished,120.6651236
3206,1161.502431,,2,2,3,32,12.19141805,2,43.86709325,0,0,0,Fully-Furnished,92.4838279
3207,1113.670277,2489.815848,5,1,2,33,11.8290523,9,45.92394322,0,1,1,Unfurnished,96.67709536
3208,1915.095906,752.4513767,3,3,3,8,13.63897923,5,53.74048437,1,1,0,Unfurnished,125.8475507
3209,1950.199294,1137.823403,3,1,1,16,9.139859661,9,20.54641626,0,1,0,Semi-Furnished,115.3567468
3210,1725.61266,2274.526843,3,2,2,0,4.44169406,3,37.10113176,0,1,0,Semi-Furnished,104.0525123
3211,2091.746833,2498.355224,1,4,1,39,11.71059795,4,64.67619778,1,0,1,Semi-Furnished,121.5975217
3212,910.9795663,2513.233316,2,4,1,4,8.471990305,1,64.93442084,1,0,1,Semi-Furnished,117.9910201
3213,2333.612056,1370.370977,5,4,3,29,7.064627139,5,50.8357171,1,1,1,Fully-Furnished,167.8515786
3214,2261.619311,1217.387481,1,4,2,10,6.095104477,7,51.15885815,0,1,1,Semi-Furnished,142.1008618
3215,1867.810999,1594.692133,5,4,2,27,12.02534228,7,33.09126744,1,1,1,Semi-Furnished,133.1384973
3216,2390.899454,2191.898202,1,1,2,37,14.41347797,6,44.39889843,0,1,0,Unfurnished,90.44967727
3217,671.6883962,3188.381895,1,4,3,16,3.218589765,6,62.33169414,0,0,0,Fully-Furnished,113.7871616
3218,1237.775932,500,1,2,2,22,10.48780897,,31.33244374,0,1,1,Unfurnished,74.74189601
3219,1132.34827,1823.416994,5,1,3,17,6.510451258,10,52.17024271,0,1,0,Unfurnished,105.8153011
3220,1860.739662,933.8572472,4,1,2,36,2.130910407,9,58.35358492,1,0,1,Unfurnished,127.327493
3221,974.9296302,678.2058581,1,4,3,26,8.590823283,4,50.71046692,0,0,0,Semi-Furnished,73.4749667
3222,1878.747575,2773.565316,3,3,2,24,4.667448879,4,47.76772217,1,0,0,Fully-Furnished,141.0239517
3223,2185.268072,2435.69966,2,2,3,4,1.688987089,8,47.61345732,1,1,1,Semi-Furnished,155.6714853
3224,1847.60145,2359.546813,4,1,1,18,4.873038111,5,57.50867556,1,1,0,Fully-Furnished,109.441729
3225,1641.875512,2736.820672,4,2,1,26,3.888904328,10,52.91891939,1,0,1,Unfurnished,130.2153483
3226,1006.06333,1616.224883,5,3,1,12,5.413252588,9,57.41715727,1,1,0,Fully-Furnished,93.87609689
3227,1076.574517,1653.889987,4,1,2,6,2.696463692,6,44.4973907,1,1,0,Unfurnished,127.7244726
3228,2124.809453,3748.584493,5,2,3,25,6.419439565,9,45.18821246,1,0,0,Semi-Furnished,168.7124993
3229,1889.674502,1802.743157,5,4,1,13,5.147003488,4,58.23369185,1,0,0,Unfurnished,157.3352165
3230,1480.49024,2588.10569,3,1,2,26,9.502455509,1,36.62188457,1,1,1,Semi-Furnished,123.5669501
3231,1291.045227,2005.105233,1,1,3,7,10.37415595,4,33.0696749,0,1,1,Semi-Furnished,129.608159
3232,487.0960634,521.3931759,4,1,1,30,9.040594307,9,84.09235771,1,0,0,Semi-Furnished,58.96667717
3233,964.5737907,500,1,1,1,34,7.058222169,7,56.34067753,0,1,1,Unfurnished,82.45527551
3234,2455.709544,1536.812624,1,4,2,26,6.950289617,6,46.3153822,0,1,1,Semi-Furnished,141.2568025
3235,859.7722145,2844.881001,1,3,3,3,4.65170005,2,39.58051553,0,1,1,Fully-Furnished,139.1729145
3236,1594.739911,2630.633325,5,3,2,3,4.748021362,4,36.21658544,1,1,0,Fully-Furnished,158.942346
3237,2003.721987,2731.261731,1,2,1,17,10.81441547,1,49.27765075,1,1,1,Fully-Furnished,111.7966146
3238,872.538666,1210.363057,4,4,2,22,0.961189605,3,48.56902201,0,0,1,Fully-Furnished,107.7562266
3239,1592.355237,3292.697992,5,4,2,31,7.677100247,2,56.58155107,1,1,1,Semi-Furnished,153.8457988
3240,1968.957769,1228.08536,4,2,1,11,6.705883754,4,30.51176039,0,1,1,Fully-Furnished,97.47167182
3241,1506.249661,2170.259519,5,4,1,19,10.39652841,4,31.12309079,1,1,0,Unfurnished,121.4690325
3242,2934.201528,1991.718168,2,4,3,11,2.299952066,9,53.90034971,1,0,0,Fully-Furnished,193.2694977
3243,665.7003706,1860.900944,2,1,3,7,8.049922822,7,55.79743782,0,1,1,Fully-Furnished,64.7008495
3244,2029.364265,3070.873711,2,1,1,21,9.371937365,,63.55500781,1,1,1,Unfurnished,149.3354521
3245,1413.599131,1435.911584,2,1,1,26,0.5,7,74.92442384,1,0,1,Unfurnished,108.7781189
3246,1885.960077,920.3157954,5,4,3,16,3.702688109,8,45.95989923,0,1,0,Fully-Furnished,129.7030978
3247,1720.653576,2015.996389,1,4,2,31,7.632840613,7,60.06337844,0,1,1,Semi-Furnished,168.4517349
3248,1133.421901,1680.138613,3,3,1,32,10.05658763,8,34.39071647,1,1,1,Unfurnished,116.4541858
3249,1614.498196,4701.906335,3,1,1,30,8.729997244,9,11.21644827,1,0,0,Semi-Furnished,143.4960623
3250,571.0492743,2541.205981,2,2,2,5,10.24181701,1,35.31182208,0,0,0,Semi-Furnished,79.32830704
3251,1801.62375,1672.52754,1,4,3,38,3.682509949,10,42.81268061,0,0,1,Fully-Furnished,135.7501613
3252,1649.079233,1155.110745,4,1,3,8,1.644998601,6,82.25899403,0,1,0,Semi-Furnished,121.7402687
3253,1819.330084,500,1,3,2,31,8.338023223,4,25.05477695,0,1,0,Semi-Furnished,84.90056515
3254,2029.059163,1179.824731,4,1,1,35,3.082587047,1,61.11604689,1,0,0,Semi-Furnished,114.5727774
3255,1683.80992,2091.953417,3,3,2,15,4.538710696,2,41.12705449,0,0,0,Fully-Furnished,99.3772152
3256,1574.04471,3141.862921,1,3,1,11,11.72911342,10,57.46494927,0,1,0,Unfurnished,144.254702
3257,1059.465832,,1,4,3,2,8.756398227,4,50.63458828,0,0,0,Fully-Furnished,105.867289
3258,1143.889618,2183.275865,3,3,1,26,5.727420379,1,36.27905576,1,0,0,Unfurnished,106.0673987
3259,2093.36731,1741.465867,1,3,1,26,5.207873981,6,65.36702957,0,1,0,Semi-Furnished,146.1073521
3260,2218.167703,2215.049885,4,2,1,8,10.48368623,1,56.73106733,1,0,1,Unfurnished,109.5142996
3261,1380.944782,1585.089602,1,3,1,16,8.847883743,9,49.7809052,0,1,1,Unfurnished,104.9254873
3262,1523.001374,3374.691197,4,2,1,4,3.141773431,10,54.40623596,1,1,0,Unfurnished,123.805428
3263,1047.692813,1848.647855,2,2,3,25,0.5,3,43.63229601,0,0,1,Unfurnished,108.3667724
3264,2086.378423,1930.929713,1,1,2,20,15.52720733,1,21.00704276,1,0,1,Semi-Furnished,129.7387307
3265,1832.708412,500,4,1,3,0,3.110083099,6,51.68158602,1,1,1,Unfurnished,117.3375562
3266,2470.608718,1843.652123,3,4,1,0,10.11078601,6,83.39959703,0,0,0,Unfurnished,146.7524898
3267,1060.838461,2669.18731,2,4,2,34,14.04277173,7,62.67928509,0,0,1,Semi-Furnished,103.984167
3268,1310.99605,1145.821938,1,4,1,8,8.590390275,7,54.39732085,1,0,1,Unfurnished,109.4981216
3269,1615.722961,1399.423732,4,3,3,22,5.598253294,10,55.7815306,0,0,1,Fully-Furnished,130.9222755
3270,1823.244769,2634.168814,1,1,3,37,2.295803833,4,49.98222479,0,0,1,Unfurnished,128.2828166
3271,1392.166181,818.6742212,4,3,1,3,2.239957855,5,16.39321551,1,0,0,Fully-Furnished,102.7897685
3272,1063.519455,2846.240806,1,1,1,18,9.506779395,3,34.22647901,0,1,1,Fully-Furnished,99.5336623
3273,1940.703764,1574.284888,2,3,2,36,13.80390529,6,49.04705569,0,1,1,Fully-Furnished,88.12844317
3274,1860.567681,1689.145424,2,4,2,4,6.418163613,7,63.8504582,0,1,1,Semi-Furnished,105.4352818
3275,1041.86295,1100.897276,1,1,1,27,5.777118151,9,77.46107284,0,0,0,Fully-Furnished,68.04757588
3276,2177.721401,2302.437008,1,1,2,22,10.78992436,9,33.85689919,1,0,1,Fully-Furnished,162.4287273
3277,2085.099355,3967.897588,5,2,1,37,5.256210984,5,59.84707024,1,1,0,Semi-Furnished,142.9444606
3278,1567.148249,2625.197792,1,1,1,22,9.097931631,4,16.54735849,1,0,0,Semi-Furnished,100.0840013
3279,1539.798931,,1,1,1,17,8.1672058,7,45.02877099,1,1,0,Fully-Furnished,100.2686017
3280,1777.028886,2908.496468,2,3,3,28,6.362127766,3,49.57853006,0,1,1,Semi-Furnished,130.1671776
3281,1069.148465,1746.656363,1,4,1,27,7.937847365,4,75.27930692,1,0,0,Unfurnished,82.19224253
3282,1515.01574,3099.587985,3,2,1,8,15.05260846,9,37.7576654,0,0,0,Fully-Furnished,128.0519309
3283,423.8082277,,1,3,1,38,10.41813178,5,44.77864207,0,0,0,Fully-Furnished,72.22257591
3284,1938.227823,500,5,1,2,9,12.37000322,,64.88533763,1,0,1,Unfurnished,100.1370103
3285,719.2533888,1196.736294,4,3,1,1,4.325222556,7,38.99825475,0,0,1,Semi-Furnished,83.67235235
3286,2251.709914,2755.508178,2,4,3,12,12.38374459,2,42.06191534,1,0,0,Unfurnished,145.4623678
3287,1334.939953,2121.325818,3,2,3,37,10.5560819,9,28.3781597,0,0,1,Unfurnished,86.24892304
3288,1394.166509,1180.995242,4,3,1,26,2.001615614,5,59.34946014,0,0,1,Semi-Furnished,117.9558375
3289,1186.133047,1493.128388,3,1,1,19,10.15916293,5,28.50521924,1,0,1,Semi-Furnished,98.83163767
3290,1355.980563,500,2,3,1,39,5.946903453,4,65.78543693,0,0,0,Fully-Furnished,80.7144186
3291,2209.265673,1929.30137,5,1,3,9,1.816785295,8,31.27708668,0,1,1,Fully-Furnished,168.651947
3292,400,3768.551781,2,2,2,15,8.519102929,4,38.6399938,1,0,1,Fully-Furnished,111.5461235
3293,2138.482693,2643.946713,3,2,2,14,10.15617036,2,32.41383256,1,1,0,Semi-Furnished,155.5214257
3294,1669.011741,3752.333601,3,3,1,12,8.606432275,5,45.75626296,0,1,0,Fully-Furnished,144.1602751
3295,896.4891761,2705.917672,2,2,2,37,7.563445661,3,66.14904656,1,1,1,Unfurnished,93.70006506
3296,962.3438035,2821.983475,1,4,3,19,6.677658646,4,39.5222246,0,0,1,Fully-Furnished,87.64378933
3297,2338.196514,3579.26295,2,3,1,23,17.86635204,3,35.29219516,1,1,0,Semi-Furnished,145.0440587
3298,1027.24656,2301.810607,5,1,2,6,3.269722446,7,49.73515544,1,1,1,Semi-Furnished,118.6024156
3299,923.3247447,,2,3,1,22,11.49168793,6,49.00506914,0,0,0,Fully-Furnished,68.35291946
3300,2068.657271,2826.126013,4,1,1,23,8.061691884,2,60.1753837,1,0,0,Semi-Furnished,119.693219
3301,1669.276438,3163.07219,1,2,3,28,4.582133975,8,30.2731802,0,0,1,Semi-Furnished,144.5315253
3302,1031.037212,1616.028286,4,1,3,4,7.806403797,5,53.56964242,1,0,0,Fully-Furnished,82.22052021
3303,1608.312488,1422.744734,2,1,2,34,2.42826945,6,68.59812663,0,0,1,Fully-Furnished,78.68458081
3304,987.1236582,,1,1,3,0,5.618038373,8,34.77622048,0,0,1,Unfurnished,84.21801652
3305,2050.410699,2665.199094,4,1,1,35,7.812262697,7,52.8585884,1,1,0,Semi-Furnished,139.7754944
3306,2030.685482,2638.472839,4,4,3,17,1.795531766,3,34.74404939,1,1,1,Fully-Furnished,175.1101431
3307,1766.003099,860.6659198,1,1,2,5,10.02553015,2,66.42888262,0,1,1,Unfurnished,89.27448953
3308,1680.830531,3529.284854,1,3,2,22,4.144955836,3,75.38317751,1,0,0,Semi-Furnished,123.7430009
3309,2380.594062,1487.068056,3,4,2,9,2.193116168,8,32.1390107,0,1,1,Semi-Furnished,174.8615172
3310,1499.843164,1787.948002,1,1,3,6,3.678329057,4,54.37405732,0,0,0,Unfurnished,100.6688494
3311,909.0629373,,2,1,3,7,16.70381665,8,55.35728436,0,0,0,Semi-Furnished,77.43841565
3312,1724.736956,4158.663069,5,1,3,12,0.5,4,52.00257733,1,0,1,Fully-Furnished,172.7245368
3313,2543.023525,2193.656536,3,4,3,29,9.744492355,7,46.60457847,1,1,1,Unfurnished,147.4862226
3314,992.6202534,1319.219935,1,1,3,17,4.993454916,,41.43046818,0,1,1,Unfurnished,99.97801277
3315,1319.268617,2691.13884,5,1,2,13,6.599487314,10,26.51588923,1,0,1,Fully-Furnished,140.9517687
3316,1708.223019,2615.308623,3,1,2,10,10.41572371,1,47.56584688,1,1,0,Unfurnished,113.0667875
3317,1473.047575,1849.818381,2,2,3,37,10.21927486,8,62.96223812,1,1,1,Fully-Furnished,104.4804285
3318,1008.84821,2672.48537,5,3,1,12,5.277214323,6,66.55414355,0,1,1,Fully-Furnished,105.2697859
3319,2060.928928,1339.766431,1,1,2,32,2.568703973,2,52.69467778,0,1,1,Semi-Furnished,122.9285046
3320,2660.020361,1605.66538,1,3,1,12,10.48856389,5,35.17230337,1,0,0,Semi-Furnished,140.8421847
3321,1598.06573,500,2,2,1,24,10.20950877,2,30.79238461,0,0,0,Semi-Furnished,73.12032545
3322,1047.965855,940.8391326,3,2,2,23,6.860121965,10,40.72728193,0,1,0,Semi-Furnished,90.0645883
3323,725.5197375,3446.104645,5,1,1,28,9.767777535,7,21.34849606,0,1,1,Semi-Furnished,123.8071524
3324,1628.987991,3313.142902,2,3,1,35,6.216682076,10,12.15566252,1,0,0,Fully-Furnished,114.0985219
3325,2051.938672,2052.630919,3,4,2,5,4.69184974,6,29.8233519,0,0,0,Unfurnished,182.6608107
3326,1737.583873,3330.345158,4,1,2,17,8.015848724,7,54.67859717,0,1,1,Unfurnished,157.6417186
3327,1498.79808,1871.940411,4,4,3,27,10.07613096,6,25.42275682,1,0,1,Semi-Furnished,127.5876186
3328,1205.364174,1805.271758,3,2,2,4,9.237001078,,54.93358511,1,1,0,Fully-Furnished,143.7007005
3329,953.9181836,2045.208519,1,2,1,17,10.03665072,1,37.59601298,0,1,0,Fully-Furnished,86.59363849
3330,1917.375663,1900.062724,1,3,2,36,4.957684507,3,68.04179594,1,0,1,Fully-Furnished,143.5489167
3331,1956.885811,1827.842941,4,4,3,6,14.3275245,10,40.98757738,0,0,1,Unfurnished,172.1403335
3332,727.1351067,2914.718486,1,4,2,8,6.630476579,2,43.07155343,1,1,0,Fully-Furnished,131.4785225
3333,2294.919489,2120.108523,1,1,1,34,7.524337394,,38.74526686,0,1,0,Semi-Furnished,113.6572995
3334,1787.03561,2569.985412,3,3,2,11,2.725376363,1,39.05854457,1,0,0,Fully-Furnished,132.0920465
3335,2199.797323,2825.10442,3,3,1,39,7.224579375,4,51.31859123,0,1,0,Semi-Furnished,127.8352177
3336,828.9361258,2310.548637,1,4,2,38,10.12895095,1,54.3028576,0,1,0,Unfurnished,89.48031806
3337,817.0879223,1223.782939,3,2,3,23,11.05004245,2,49.31422975,0,1,1,Unfurnished,62.6888143
3338,1425.515345,917.7072888,5,3,3,8,14.24776295,1,30.90281235,0,1,1,Fully-Furnished,99.81327218
3339,1751.392213,2119.024508,4,2,2,11,10.08093958,6,56.10119458,1,1,0,Unfurnished,95.11442299
3340,2398.180411,1862.994956,5,1,1,35,9.107652783,4,31.85100636,0,0,1,Unfurnished,112.9626093
3341,1853.039457,2069.913143,5,3,3,36,6.214819554,8,33.68202795,0,1,1,Fully-Furnished,140.1013382
3342,1378.659362,1987.156769,1,3,1,8,5.353038367,5,41.49846642,1,1,1,Unfurnished,132.7799697
3343,986.8153962,4066.858928,1,1,2,38,11.88099406,10,61.62701294,1,1,1,Semi-Furnished,138.2222592
3344,2115.000286,935.8189955,5,3,3,21,11.80428141,5,32.92064583,0,0,1,Fully-Furnished,121.2011006
3345,1017.647287,,5,4,3,16,3.691949197,8,55.51283238,1,0,0,Semi-Furnished,87.2427894
3346,2314.234277,2265.901467,2,4,1,32,10.89238355,10,11.47241208,0,0,0,Unfurnished,127.8525108
3347,1357.807675,1698.861956,2,1,3,23,10.60153477,6,57.58302612,1,0,1,Fully-Furnished,89.23448983
3348,2295.291036,2252.854296,4,2,1,14,3.54476446,6,65.6781577,1,0,0,Semi-Furnished,175.2795556
3349,1839.465645,2467.106418,5,2,1,28,10.16182722,3,59.11617709,0,0,1,Fully-Furnished,113.3236584
3350,1431.502255,3027.283756,3,3,2,31,3.801814162,6,49.24537058,0,1,1,Semi-Furnished,139.7095266
3351,1240.301814,794.2193437,2,2,1,32,0.5,10,39.56511896,0,1,0,Semi-Furnished,87.2890213
3352,1329.546061,1554.625682,1,2,3,28,7.359590345,7,35.88155306,0,1,1,Fully-Furnished,112.1076554
3353,1714.158346,2343.009007,5,1,1,14,9.031258821,2,37.30640885,0,0,0,Semi-Furnished,97.8065223
3354,1538.578248,2616.370877,3,2,3,26,7.53971678,3,40.98167734,1,0,1,Fully-Furnished,114.8152362
3355,1203.094296,3754.75964,3,2,1,33,19.46842727,6,64.02458897,1,0,1,Unfurnished,117.8754425
3356,1417.184295,2764.563177,3,2,2,3,9.515404917,10,48.18847306,1,0,1,Semi-Furnished,129.2017781
3357,1539.288515,1954.569123,1,4,2,17,8.588567277,9,61.75762029,1,0,0,Semi-Furnished,124.5997529
3358,435.6329528,1287.651398,2,4,1,20,9.718365213,9,95.64878522,0,0,0,Semi-Furnished,72.56451207
3359,1729.084057,1548.568118,3,1,1,7,6.234723982,8,74.78999233,1,1,1,Semi-Furnished,126.9732823
3360,1010.139388,1525.837742,2,3,1,5,11.71791625,8,49.76642697,1,0,0,Unfurnished,89.99267094
3361,923.3337984,,4,1,2,19,9.444007785,9,41.60268445,1,1,1,Fully-Furnished,116.2958131
3362,656.3278264,2205.597956,1,3,1,1,9.260686816,9,62.49919213,1,0,0,Fully-Furnished,109.3731118
3363,603.0537511,941.0803433,2,3,1,21,5.503519109,10,62.47628991,0,0,1,Fully-Furnished,86.2388047
3364,822.2762484,1651.278825,2,2,3,20,1.742678694,9,58.06831237,0,0,1,Unfurnished,122.549033
3365,1145.489521,2702.038043,3,2,2,5,5.994455644,5,72.12766084,1,1,1,Unfurnished,110.4401087
3366,2476.629569,2281.329884,3,1,2,31,9.130535425,6,35.83378979,1,1,0,Fully-Furnished,120.5216505
3367,1237.060162,2454.915693,1,1,1,5,6.221202081,5,54.29566744,1,1,1,Fully-Furnished,114.664039
3368,1588.875053,2306.337368,2,1,1,12,9.166908668,1,49.44524219,1,1,0,Unfurnished,106.0123336
3369,1700.240693,3301.144588,5,4,3,0,7.070552493,4,60.2322168,0,0,0,Unfurnished,147.5636687
3370,1565.532593,2188.834451,3,4,1,21,9.722317939,1,43.08706805,1,1,0,Semi-Furnished,136.874623
3371,1461.27827,1691.181762,3,4,2,23,4.092703496,1,55.52405703,0,1,0,Fully-Furnished,109.6680649
3372,902.3531182,1267.395967,4,4,3,29,8.771560048,3,23.18014969,1,0,0,Fully-Furnished,88.19218015
3373,2225.463774,,1,4,2,21,5.436183415,7,49.70398231,0,0,1,Fully-Furnished,134.394229
3374,2403.598322,500,2,2,1,11,1.846868231,1,75.67907656,1,0,1,Fully-Furnished,117.3153205
3375,658.6706529,1852.568799,2,3,3,25,7.339383508,7,42.20790072,0,1,0,Fully-Furnished,90.64815717
3376,987.9857046,1835.328112,2,4,2,3,14.1452703,10,48.47392414,0,1,0,Semi-Furnished,102.3581756
3377,1360.094829,908.4233171,3,1,2,18,2.165694369,10,66.04118006,0,1,1,Unfurnished,109.4528747
3378,1017.731103,1257.387329,1,3,2,15,8.477569002,1,57.06464838,1,0,1,Semi-Furnished,89.73681279
3379,1752.982777,2647.726024,2,4,1,11,11.19030825,9,24.32774233,1,0,0,Semi-Furnished,150.1299789
3380,1135.863899,2184.569399,5,4,1,32,17.20012274,5,47.89366249,0,0,0,Fully-Furnished,101.0723157
3381,2582.528034,2081.430667,4,2,1,20,6.02826807,6,55.749677,0,0,0,Semi-Furnished,147.885332
3382,2095.274297,2245.078027,4,2,1,35,5.471997582,9,70.50349707,1,1,0,Semi-Furnished,154.33783
3383,1606.287015,2074.10207,2,2,2,8,3.333231216,3,67.6877537,1,0,1,Fully-Furnished,128.0926727
3384,2013.493132,2994.29005,3,4,3,38,12.56206534,,49.03611612,0,0,1,Semi-Furnished,119.3511263
3385,2052.950212,2098.743345,4,2,1,7,4.530342683,5,59.53021911,1,0,0,Semi-Furnished,111.8230242
3386,1218.026256,833.4295089,4,4,3,19,6.517614273,7,48.82651576,0,0,0,Unfurnished,113.4289958
3387,1091.891378,3304.103972,4,3,2,9,0.604248491,3,42.4511621,1,1,0,Fully-Furnished,130.5494563
3388,1539.071531,2296.272214,4,3,1,31,11.53588737,4,66.4383046,1,0,0,Fully-Furnished,117.049642
3389,1930.818062,1528.597015,2,4,2,27,12.63303312,2,65.4319605,0,0,1,Semi-Furnished,126.3861142
3390,1569.530199,997.2786254,1,1,1,9,11.38310025,9,54.03627664,1,1,0,Fully-Furnished,83.906828
3391,711.5017589,2316.731377,1,4,1,7,1.578698875,10,40.20154795,1,0,1,Unfurnished,109.0734291
3392,1098.587778,,3,3,3,32,10.42860416,9,49.59837946,1,1,0,Semi-Furnished,116.9415288
3393,1463.013568,,5,3,2,12,1.309318461,2,50.58316864,0,0,1,Unfurnished,149.7651471
3394,1462.167198,1723.274175,1,4,2,34,8.232161208,5,63.83518336,0,0,0,Semi-Furnished,85.2464653
3395,2486.271088,1330.095368,5,4,2,28,8.82031032,1,45.41820365,1,1,0,Semi-Furnished,139.4532462
3396,807.0060288,2716.636975,1,4,3,4,9.240732872,8,50.42547608,0,0,1,Fully-Furnished,127.5881914
3397,1752.794621,2740.225514,1,3,3,2,10.13854613,6,52.80523316,1,1,1,Fully-Furnished,160.1865902
3398,2244.556554,2134.921094,3,1,2,36,7.967865586,10,45.95559973,0,0,1,Semi-Furnished,155.1726847
3399,2635.724873,2541.085638,4,4,2,5,0.5,10,53.84261356,0,1,0,Unfurnished,176.1644826
3400,1297.801288,1969.850303,3,3,1,15,10.14048404,2,51.67240164,1,1,1,Semi-Furnished,129.0986349
3401,1745.714726,2187.092081,1,4,1,34,8.390432565,2,37.76153634,1,1,0,Semi-Furnished,141.255622
3402,1784.880179,2931.992706,4,3,3,17,4.389520835,10,41.66150782,1,1,0,Semi-Furnished,165.9395494
3403,1597.740866,2500.254667,4,4,1,10,1.722410315,5,28.87264549,0,0,1,Unfurnished,165.4631004
3404,1450.577399,1864.580449,4,3,2,22,14.16008874,7,38.91585752,1,1,1,Fully-Furnished,116.7587119
3405,1717.987695,3081.890037,5,4,2,10,12.92520215,9,71.39884061,1,0,1,Fully-Furnished,154.8281904
3406,400,500,1,2,1,28,10.82382963,9,59.92420971,1,0,0,Unfurnished,55.32758075
3407,1841.034745,3641.658649,2,4,1,26,5.294800355,6,37.95562147,0,0,0,Fully-Furnished,144.8111824
3408,1563.088952,635.2327241,3,3,3,8,0.5,2,47.12504403,0,0,0,Semi-Furnished,88.52506419
3409,1388.762552,1498.32574,5,4,1,34,11.0587167,6,36.95465642,0,1,1,Fully-Furnished,90.94671425
3410,2523.431098,1967.265972,3,1,3,8,9.466747095,1,60.89209828,1,1,1,Fully-Furnished,163.6628138
3411,1162.532991,1882.815463,2,4,1,17,6.501350764,2,53.77674946,1,0,0,Unfurnished,109.2631708
3412,1298.462005,2805.128832,4,4,1,20,12.49922523,3,60.23549792,0,1,1,Unfurnished,94.30588746
3413,2495.776651,1153.730705,2,4,1,35,11.39199014,5,45.26585393,1,1,0,Semi-Furnished,133.6480036
3414,1083.969348,2208.613454,3,1,1,0,8.704381953,10,65.01231425,0,0,1,Semi-Furnished,118.2652096
3415,1224.942359,1537.430321,2,1,2,26,8.140233671,1,32.12525122,0,0,1,Fully-Furnished,74.7621568
3416,1426.487288,2236.112783,1,1,2,39,8.20387087,10,41.10555007,0,0,1,Unfurnished,108.6477214
3417,1920.367241,1948.182192,2,2,2,37,10.71975949,5,44.02928413,0,1,0,Unfurnished,92.40727584
3418,1603.901254,2074.348522,1,1,1,28,4.570094614,5,62.03097139,0,0,1,Semi-Furnished,97.12456282
3419,853.6873264,1560.060134,2,2,3,39,9.703932487,4,41.84979601,1,1,0,Fully-Furnished,64.10938376
3420,1233.915718,1591.94884,1,4,1,18,4.317636222,3,35.50754787,1,0,0,Fully-Furnished,110.1883482
3421,1196.322783,2229.818011,1,2,2,23,13.34622069,7,50.13938987,0,1,0,Unfurnished,88.74870643
3422,1461.389477,2754.972405,2,4,3,0,10.12851429,,86.55618632,1,1,0,Unfurnished,127.8742384
3423,1712.921829,1521.376533,5,2,3,35,5.247086953,1,35.35608252,0,1,1,Unfurnished,102.9234062
3424,1709.102878,1304.985964,4,1,2,22,8.322383296,7,68.5816654,1,0,0,Unfurnished,113.3198184
3425,611.994123,2490.768133,4,1,1,12,4.58485448,3,49.88458748,0,0,1,Semi-Furnished,106.2200256
3426,2031.970494,1973.996886,4,2,3,29,14.01645135,3,50.08534666,1,1,0,Semi-Furnished,113.1173687
3427,1626.284423,2664.398507,1,2,3,36,14.49150394,6,40.95941418,0,0,1,Unfurnished,114.2724487
3428,2192.266024,1275.362229,4,1,2,10,10.78489473,6,59.37895245,0,1,0,Fully-Furnished,77.06395197
3429,1722.099164,576.4488597,1,4,3,6,14.22662627,4,65.57658543,0,1,1,Semi-Furnished,87.84681448
3430,2050.661479,1573.596735,5,4,3,34,8.607183795,5,72.5752929,0,1,0,Unfurnished,139.1505427
3431,1733.272656,1386.917913,2,4,3,10,11.05405027,3,54.28529144,0,1,0,Unfurnished,105.445399
3432,2173.112878,1936.96928,2,4,1,39,12.89889809,3,39.62055491,1,1,1,Fully-Furnished,108.5312189
3433,1761.125318,1490.523829,1,3,1,20,7.977025618,9,76.81118902,0,1,1,Fully-Furnished,142.2611613
3434,1451.042377,2592.813561,1,4,2,2,8.284415429,5,43.20634583,1,1,1,Unfurnished,114.7970253
3435,2636.21736,1769.47979,5,3,1,29,11.73462641,1,38.41736922,0,1,1,Semi-Furnished,123.4781635
3436,1944.518561,2120.379599,4,3,3,23,10.58599186,9,54.33826809,0,0,0,Semi-Furnished,113.0219837
3437,1786.872211,2126.107647,5,1,1,37,4.978157119,10,35.54267255,1,0,1,Fully-Furnished,119.8668322
3438,861.8477917,2155.964074,2,1,3,2,0.5,6,42.50751894,0,0,0,Semi-Furnished,124.4560501
3439,855.8461913,1980.696712,2,2,3,36,7.29788775,9,59.39837578,0,1,1,Semi-Furnished,93.04269686
3440,1646.357741,2408.480552,4,4,1,32,0.5,7,93.09119369,0,0,1,Semi-Furnished,163.2841063
3441,1572.760599,1363.475893,2,4,1,21,4.035930656,10,58.48184619,0,1,0,Unfurnished,84.6521786
3442,1192.938717,3119.534341,1,1,1,30,4.502852171,10,67.77282923,0,1,1,Unfurnished,134.7780622
3443,1570.49135,1810.770093,2,1,1,11,5.725430756,7,42.39370644,0,0,1,Semi-Furnished,107.5737126
3444,2294.313464,950.7606897,3,1,2,13,11.28175258,5,54.00595746,1,1,1,Unfurnished,120.5970112
3445,1847.701237,2150.458686,4,2,1,11,12.15071816,7,21.23135792,0,0,1,Fully-Furnished,122.8364429
3446,929.4957451,1319.055614,4,4,2,26,10.03496288,10,30.01270264,1,0,1,Semi-Furnished,98.59707297
3447,1444.245586,2532.267628,4,2,3,12,10.5300279,4,52.34706019,0,0,1,Semi-Furnished,133.375209
3448,1097.51676,3767.684461,3,3,2,23,10.62448183,6,55.30585064,0,1,1,Fully-Furnished,121.0511078
3449,1306.150042,1370.742327,5,3,3,37,0.5,2,62.67231434,1,0,1,Semi-Furnished,104.3302881
3450,1293.192167,2265.897867,1,4,2,8,8.040790728,10,47.15565247,1,1,1,Semi-Furnished,151.0668004
3451,1261.177209,595.595529,4,1,2,7,0.814165115,3,72.63384383,0,1,1,Semi-Furnished,65.500595
3452,872.432314,2363.124184,2,1,3,36,10.0365579,2,58.25510893,1,1,0,Fully-Furnished,112.4780451
3453,1436.172659,1291.42896,1,2,2,14,0.5,10,22.80199052,0,1,1,Unfurnished,140.4536877
3454,1219.696182,1500.132305,2,3,3,6,7.278245859,2,22.83039047,0,1,1,Unfurnished,116.9656305
3455,400,1118.970808,1,3,1,23,10.1910791,7,51.92853609,0,1,1,Semi-Furnished,75.96104492
3456,2526.486012,2585.720981,1,4,3,15,3.528968207,5,46.44210792,1,0,1,Unfurnished,171.8924859
3457,2044.384827,2805.843486,2,3,2,23,11.84686384,6,53.32326891,1,0,0,Semi-Furnished,122.7357839
3458,1311.849638,2018.708172,2,1,1,6,10.02648868,,44.95873979,1,1,1,Fully-Furnished,123.9401132
3459,1509.409525,1308.458636,1,1,2,27,9.523298783,10,40.99436585,1,0,1,Fully-Furnished,98.23447095
3460,914.1728263,3271.618429,4,1,1,1,10.79200635,5,38.97997596,0,1,0,Semi-Furnished,101.7757798
3461,2347.861439,1399.671898,2,4,3,33,6.563199649,5,49.14305014,1,0,1,Semi-Furnished,152.9830183
3462,2448.644347,,3,2,1,37,8.607675455,4,62.59518651,1,0,1,Semi-Furnished,95.9679278
3463,1578.346864,2366.711208,3,3,1,2,8.040206289,10,33.85687115,1,0,0,Unfurnished,148.7507623
3464,2011.765322,1116.180261,1,4,1,0,7.949804222,4,47.91997884,0,0,0,Fully-Furnished,110.2759831
3465,1587.643389,2790.887035,5,2,2,30,5.311875693,8,71.37013919,0,1,1,Semi-Furnished,144.8726844
3466,831.6372806,1695.089843,1,4,1,22,3.029871541,6,23.88169928,0,0,1,Unfurnished,82.32375979
3467,1294.088316,2482.970592,1,3,3,19,6.652566603,2,59.63784296,1,0,1,Semi-Furnished,98.01035838
3468,1565.963983,3121.200277,4,1,3,15,6.432208371,2,46.87333758,0,1,1,Fully-Furnished,147.8262563
3469,1272.726141,1032.912908,4,2,3,31,5.05307605,2,38.29663197,0,1,1,Fully-Furnished,117.4702172
3470,1390.673361,1547.250295,5,2,1,16,11.40821513,6,41.68511319,0,0,0,Fully-Furnished,114.2200583
3471,1454.300221,1939.463142,5,4,3,17,3.311173529,1,65.49301661,1,0,1,Semi-Furnished,129.6841048
3472,1459.560751,3230.041055,5,4,2,3,7.313963364,3,48.04649615,1,1,0,Fully-Furnished,131.3516764
3473,1526.129245,1473.293826,5,1,3,34,12.66535885,1,33.86365162,0,0,0,Semi-Furnished,49.42539693
3474,969.6974668,1524.397043,5,4,1,39,11.63651741,4,37.00208149,0,0,1,Unfurnished,112.3554118
3475,1141.491925,2382.51246,1,3,3,35,12.86517554,1,42.51447504,0,1,1,Unfurnished,84.87909249
3476,857.7078672,1538.217019,1,3,1,22,5.636877691,9,63.01770286,0,0,1,Unfurnished,108.7835527
3477,1988.907775,2122.020706,3,3,1,14,11.1371525,6,42.461333,0,1,0,Semi-Furnished,136.7179333
3478,447.1765291,758.7700632,3,3,3,12,3.748118412,8,49.62837494,1,1,0,Fully-Furnished,54.67455253
3479,2076.795172,3771.463954,2,1,2,13,6.896504177,2,39.62891737,0,0,0,Fully-Furnished,139.8767764
3480,2193.174699,921.8326158,1,1,2,13,7.272976757,6,44.02258469,0,1,1,Semi-Furnished,127.2671294
3481,1348.909707,1742.597837,5,1,3,36,5.696639151,4,47.57171488,0,0,1,Unfurnished,74.30451267
3482,400,1974.015171,2,4,1,4,6.552744048,7,36.04430261,1,0,0,Unfurnished,89.0464794
3483,1319.344719,3530.150507,4,1,3,21,6.02649629,8,38.282775,1,0,1,Semi-Furnished,126.2699364
3484,1467.907919,940.1233753,1,2,1,27,4.070424756,6,42.17802076,0,0,0,Fully-Furnished,103.7412264
3485,994.70089,3586.963308,3,2,1,3,11.42565402,1,72.52479595,1,0,1,Fully-Furnished,106.4353692
3486,1242.390803,2605.741457,1,2,1,37,7.270199989,8,50.9107863,1,1,1,Fully-Furnished,119.9761252
3487,2265.097599,2333.67626,1,4,2,28,8.805746176,1,36.56820419,1,1,1,Fully-Furnished,129.0172802
3488,1832.463581,1212.29305,1,4,2,36,8.655107485,9,62.65694616,0,1,0,Unfurnished,93.50687783
3489,1037.717943,2456.912994,1,1,3,34,8.2189057,2,63.45519656,0,0,0,Fully-Furnished,74.06800613
3490,701.2004152,1421.210702,4,3,2,19,8.371218184,10,36.25681349,0,1,1,Semi-Furnished,103.1385261
3491,1336.491341,,3,2,1,34,6.77833112,6,74.37532394,0,0,0,Fully-Furnished,104.8770969
3492,1393.27161,1223.150377,1,4,1,34,13.67358747,8,55.7483768,0,0,0,Unfurnished,51.94024742
3493,1748.099594,1909.473204,4,2,3,19,11.04297905,5,56.29698958,1,1,0,Fully-Furnished,133.4602649
3494,1232.341644,1555.78153,2,1,1,1,8.073528131,2,55.4155528,1,1,1,Fully-Furnished,126.9184781
3495,1755.749788,1209.98163,1,4,3,17,6.211782256,5,55.06481122,1,1,1,Semi-Furnished,125.6313775
3496,2467.57702,2593.055854,4,3,3,29,7.524716629,1,48.26994188,0,0,1,Fully-Furnished,145.2710152
3497,1907.750511,2428.366998,5,3,1,28,9.670486065,8,59.7443871,1,0,0,Fully-Furnished,146.4137808
3498,1475.955746,2967.208159,2,4,2,38,13.99976037,8,45.04568974,0,1,0,Semi-Furnished,123.0640343
3499,1408.424764,576.0999134,3,3,1,21,2.507809821,2,73.60154259,0,1,0,Semi-Furnished,83.87972346
3500,1321.663433,2851.336562,1,1,1,28,10.63909903,6,20.10473267,1,0,0,Semi-Furnished,96.70077457
3501,2090.320456,4004.359124,1,3,3,9,12.50689455,8,36.35048396,1,1,0,Semi-Furnished,168.3410063
3502,1186.343277,1638.687129,4,2,2,19,2.05312612,10,55.33017514,0,0,0,Unfurnished,78.97060528
3503,1522.611354,3516.11889,3,2,3,15,7.275396493,8,48.80743019,1,0,1,Fully-Furnished,153.0416821
3504,1525.598951,,5,2,1,5,3.741928108,7,42.45861839,1,0,1,Fully-Furnished,155.2611509
3505,1249.107904,902.07221,2,4,3,16,9.722118447,3,52.62478199,1,0,1,Unfurnished,62.52052611
3506,813.7672261,1755.494046,3,4,3,5,6.566596271,4,31.78171774,0,0,1,Semi-Furnished,71.4522792
3507,1661.487252,2838.563174,1,4,1,21,7.479443732,1,34.4559443,0,1,0,Fully-Furnished,133.1946338
3508,1469.498014,1329.458814,4,4,3,17,6.355776771,9,48.09317919,1,1,0,Semi-Furnished,155.6296482
3509,1750.120235,1519.729073,5,4,1,31,10.88065373,10,55.75847098,1,1,0,Semi-Furnished,151.2035172
3510,1233.199847,2474.831546,4,1,3,27,8.916131842,10,39.25152118,0,0,0,Unfurnished,104.8503909
3511,2110.410649,2002.448093,2,4,2,9,8.923707056,2,23.02467194,0,1,1,Unfurnished,151.5795355
3512,1061.613109,2467.698362,3,3,1,21,8.6424873,10,53.44577114,0,1,1,Semi-Furnished,137.4483251
3513,2356.020142,2190.263633,4,1,2,27,10.28996352,7,57.2844919,0,1,1,Fully-Furnished,120.6437052
3514,626.1817451,2383.700256,4,4,3,14,6.952112581,8,33.62957967,1,0,1,Semi-Furnished,92.5779863
3515,1717.385032,1654.159051,1,3,2,28,14.80309915,4,44.11138252,0,1,1,Fully-Furnished,99.67680619
3516,1737.715341,2185.384754,4,1,2,6,3.060820995,10,63.64836104,0,1,0,Semi-Furnished,123.848901
3517,1102.221466,1258.101595,5,2,2,33,1.096326207,1,32.61751869,1,0,0,Semi-Furnished,92.77111467
3518,1712.196969,3030.746898,3,1,3,31,0.765277726,5,49.51245054,1,1,1,Fully-Furnished,140.0773742
3519,2139.759335,1492.580227,2,4,1,1,0.5,10,40.02643078,1,1,1,Unfurnished,190.6815523
3520,400,2903.07799,4,1,3,25,10.69267926,10,82.76737703,0,0,0,Unfurnished,98.22231214
3521,1751.372404,1813.114431,5,1,3,10,10.2054708,6,31.59353919,0,1,1,Semi-Furnished,128.9823913
3522,400,2161.599209,2,2,3,24,12.83110597,7,22.63641877,1,0,0,Fully-Furnished,49.02726655
3523,1017.167598,1604.028359,5,1,1,18,3.773447141,1,59.09374289,0,1,0,Unfurnished,95.07658301
3524,2314.583182,1187.203655,4,1,3,19,10.98184582,4,45.115086,0,0,0,Fully-Furnished,117.9493323
3525,1209.108983,604.1916899,4,2,3,32,8.227296249,5,34.54194854,0,0,1,Unfurnished,78.06356502
3526,913.0600178,1155.740673,3,4,1,16,8.666345997,,42.62498376,1,0,1,Fully-Furnished,84.73959823
3527,1401.031136,1740.872917,1,3,1,29,10.50249158,7,72.73868436,1,0,0,Semi-Furnished,82.14161445
3528,2533.953169,2169.503343,5,1,1,17,4.974872996,4,50.04500963,0,1,0,Fully-Furnished,170.609489
3529,584.1588764,2808.303451,1,2,2,31,18.34899654,,71.97081992,0,0,0,Semi-Furnished,93.65747636
3530,974.3450442,1643.394032,1,1,1,39,13.32752122,7,31.40828098,0,0,0,Unfurnished,57.70940353
3531,2248.715842,1294.431389,2,4,2,3,5.873176184,8,66.30690295,0,1,0,Fully-Furnished,145.3365003
3532,2428.851172,845.8281712,2,4,2,31,3.637047769,2,35.47296263,0,1,0,Unfurnished,128.5132447
3533,1448.284388,2384.050894,5,2,3,18,7.648383353,1,68.40262912,1,1,0,Unfurnished,98.74095258
3534,880.4736487,3106.555612,1,3,2,2,8.729033774,10,67.1777615,1,0,1,Semi-Furnished,117.2670598
3535,2547.921751,3013.064214,3,3,3,37,12.26246104,10,35.07741376,0,1,0,Fully-Furnished,178.7911323
3536,2297.221196,2567.946199,1,1,2,27,3.325116354,1,56.33516879,1,0,0,Semi-Furnished,113.2355817
3537,1839.473494,2510.834654,2,2,1,37,9.141947773,1,53.10346454,0,1,1,Fully-Furnished,105.3992527
3538,1093.798826,3358.099024,1,3,3,5,1.883939902,9,64.04172462,0,1,1,Unfurnished,142.3294559
3539,1475.48533,2265.665169,4,4,2,39,9.745430374,4,33.01081645,0,1,0,Unfurnished,106.1560883
3540,1419.819959,2516.903741,4,3,3,16,7.569983118,9,43.90185206,1,0,1,Fully-Furnished,124.3192985
3541,1665.425652,1743.372911,3,2,1,4,15.74671905,7,50.72015905,1,0,0,Unfurnished,103.4814239
3542,2225.500719,910.3653033,5,4,2,18,1.815989823,7,72.57038825,1,0,0,Unfurnished,104.9281
3543,1939.708521,1452.92088,1,1,2,34,13.48243353,2,50.89553114,1,0,1,Semi-Furnished,103.89589
3544,961.3119615,,4,4,1,21,1.184674659,,35.43567137,1,0,0,Unfurnished,102.5857225
3545,2188.248225,2048.628298,5,3,2,23,2.691158902,5,54.81552809,1,0,1,Unfurnished,128.5418035
3546,1656.56607,3541.028684,4,3,2,9,1.291621766,10,34.77300563,0,0,1,Unfurnished,158.3747507
3547,1843.532898,2065.021734,5,3,3,1,9.001410434,1,24.70534016,0,0,1,Fully-Furnished,104.3866589
3548,2233.27043,2943.074755,5,1,2,27,3.305204757,7,47.57512794,0,0,1,Unfurnished,138.0154118
3549,944.2098752,1651.938207,4,3,1,36,2.606673979,7,54.16652134,0,0,0,Semi-Furnished,61.2245526
3550,1482.087211,1750.659291,2,2,2,16,8.811070406,8,52.89180243,1,0,0,Semi-Furnished,140.661939
3551,1234.272724,936.7938902,5,1,3,5,9.807101543,7,50.80213699,1,0,0,Semi-Furnished,100.4558807
3552,716.0702873,1406.13759,1,4,2,4,8.159397217,8,76.78495608,0,1,0,Semi-Furnished,89.70948397
3553,1673.354989,2421.585113,4,3,3,38,7.351123404,3,73.26971713,1,1,1,Unfurnished,112.1123547
3554,2755.778276,2006.048144,2,2,2,6,15.31563853,3,37.6359612,1,1,1,Semi-Furnished,161.0169986
3555,579.9611277,2754.350896,4,2,3,31,8.583345065,8,64.14963991,1,1,1,Fully-Furnished,112.2705475
3556,1483.859694,2145.003159,3,1,3,3,11.2227659,9,83.9288603,1,0,1,Fully-Furnished,134.73753
3557,1820.271468,1718.037015,1,2,2,20,8.571688503,10,76.37380454,1,1,0,Unfurnished,110.854447
3558,1561.539101,3718.637491,3,1,1,31,3.608494847,4,65.11948678,1,1,1,Fully-Furnished,131.6140453
3559,1443.435974,1924.877145,5,1,1,17,10.19955073,8,47.99027883,0,0,1,Fully-Furnished,102.4423194
3560,850.3918183,2930.400776,5,1,2,32,5.376810754,1,30.43165329,1,0,1,Unfurnished,103.1825637
3561,1616.393371,1679.032635,3,4,2,13,7.636055448,2,35.57918379,1,1,1,Unfurnished,129.3433552
3562,1121.618011,2567.679584,3,4,2,5,9.221610728,10,57.9248393,0,1,1,Semi-Furnished,153.1714636
3563,405.0391475,2742.412527,5,2,2,10,0.5,10,54.41646011,0,0,0,Semi-Furnished,130.6412164
3564,2097.29611,2166.793576,2,4,2,19,1.561991504,10,51.0298729,0,1,0,Unfurnished,145.96955
3565,1979.19291,500,1,1,1,28,11.63783669,9,63.65118014,0,0,0,Fully-Furnished,118.5554678
3566,1525.830488,2014.601969,4,1,3,34,5.345014214,2,67.54881619,0,1,1,Unfurnished,115.4278508
3567,1614.537344,2984.368038,3,4,3,15,5.534712044,2,67.52758555,0,0,1,Semi-Furnished,143.5584173
3568,2037.159006,2421.984666,1,2,1,6,8.665753589,8,61.04513341,0,0,1,Unfurnished,148.4972222
3569,1612.169828,2356.6711,4,1,1,39,6.457309612,5,57.75986377,0,1,1,Unfurnished,133.2169989
3570,1952.008777,622.1944528,4,4,3,35,9.670353527,5,42.10155307,0,1,0,Fully-Furnished,118.0103981
3571,1351.2589,1423.635943,3,3,1,30,7.795512845,6,51.28083878,1,1,0,Unfurnished,89.98798395
3572,2155.991869,2329.086105,2,2,2,5,8.794411801,8,55.39373255,1,0,1,Semi-Furnished,143.5845531
3573,1660.392863,2328.306621,2,2,1,28,5.192566439,8,49.19937377,0,1,1,Unfurnished,106.4036903
3574,1597.025972,2971.733424,1,2,1,26,8.774379293,9,26.14105586,0,0,0,Fully-Furnished,126.8532475
3575,864.9694556,1884.106596,1,3,1,1,12.42035635,,54.80887568,0,0,0,Unfurnished,105.7048007
3576,1643.477927,2324.659269,5,1,1,21,5.729007136,,49.1345427,1,1,0,Fully-Furnished,137.0812079
3577,1084.022541,2013.099394,2,2,3,8,11.6612732,9,47.92831115,0,1,1,Unfurnished,116.7439662
3578,1180.858637,1210.445811,1,4,3,10,7.793758727,3,58.60496271,1,0,1,Fully-Furnished,108.1370768
3579,1092.312186,500,5,2,3,15,10.93792662,1,58.29617232,1,1,1,Unfurnished,61.37099917
3580,966.8825341,2344.807754,4,4,3,12,8.515085273,5,67.90583945,1,0,0,Unfurnished,103.1985295
3581,2562.385702,2139.157767,1,2,2,17,7.86635632,7,58.86954103,1,0,1,Unfurnished,142.8026414
3582,2165.669531,1505.459966,5,4,2,24,9.398918728,3,44.24056481,0,1,1,Unfurnished,156.3696829
3583,2460.183751,704.6615548,2,4,3,32,12.85439025,9,69.85100417,0,0,0,Unfurnished,116.2434062
3584,888.5524902,2503.791612,4,4,3,9,8.944389177,1,72.55735092,0,0,0,Semi-Furnished,103.5293293
3585,1535.626875,1787.263941,1,3,3,29,9.914123324,6,49.68496288,0,1,0,Semi-Furnished,80.78506237
3586,853.2461874,2445.499778,2,3,1,0,6.526060346,6,68.73735594,0,0,1,Unfurnished,90.28921843
3587,1152.152561,3491.238824,4,3,2,32,14.2835459,8,52.45109257,1,0,1,Fully-Furnished,121.4696513
3588,1040.936508,500,3,1,2,14,10.56134844,3,67.24425233,1,0,0,Fully-Furnished,75.36145482
3589,2119.792003,1440.319353,2,4,1,28,8.31083384,5,69.85348951,0,1,1,Semi-Furnished,108.8597115
3590,1301.885161,1832.499509,3,1,1,1,7.509385311,10,40.50615395,1,1,1,Semi-Furnished,149.6533457
3591,2034.189667,3163.860939,1,3,1,10,11.91163308,5,70.99798917,1,0,1,Semi-Furnished,131.4811725
3592,1802.060445,690.8775846,5,4,2,33,5.575183692,8,50.67910595,0,1,0,Fully-Furnished,117.9665485
3593,2651.819376,3548.688821,1,1,1,18,0.868499935,7,55.84784655,1,1,0,Semi-Furnished,166.1035816
3594,760.2778884,,2,3,1,1,8.289598398,3,66.6793711,1,1,0,Semi-Furnished,116.6161418
3595,2129.61662,,3,1,1,19,12.76001829,7,46.13866867,0,1,0,Semi-Furnished,149.1605073
3596,2073.220435,1841.552189,3,1,3,30,14.36523524,10,64.88141811,1,0,1,Unfurnished,132.2856665
3597,1013.310581,1650.989574,4,3,1,3,7.570824226,8,52.50399783,0,1,1,Unfurnished,105.5859069
3598,2003.566668,2838.493407,1,4,3,28,8.174350656,5,43.18573972,1,1,0,Semi-Furnished,127.5281619
3599,1668.072482,1145.183397,1,2,2,29,10.07812173,5,59.65137286,1,0,0,Fully-Furnished,75.68362398
3600,1386.26187,2276.331345,2,2,2,12,6.942602325,1,68.78858215,0,0,1,Unfurnished,98.43197159
3601,1088.032257,1692.654667,3,1,2,14,10.06562379,8,51.58311987,1,1,1,Semi-Furnished,98.89001003
3602,1140.445274,1390.293241,2,1,3,19,7.658392996,6,34.79556969,1,0,0,Unfurnished,108.1329184
3603,2524.906048,4068.780141,2,1,1,33,12.04547303,6,45.16693765,0,1,1,Fully-Furnished,165.5558141
3604,1500.341409,2335.240588,3,4,2,27,10.89192205,5,39.39925692,1,0,0,Semi-Furnished,121.0503612
3605,1891.065001,2490.612436,2,1,1,19,11.24091133,5,84.12700904,1,0,1,Semi-Furnished,101.1092944
3606,1104.550309,2910.221425,3,1,3,24,7.178729421,,36.88928977,0,1,0,Unfurnished,102.17718
3607,1110.073527,862.9200437,2,1,2,26,15.70370928,3,15.87696734,0,1,1,Semi-Furnished,80.90937348
3608,2040.992405,3401.833527,5,3,1,29,9.93564777,2,44.22676502,1,1,0,Unfurnished,139.666438
3609,825.2118942,500,2,2,1,19,8.989176214,9,52.79534291,1,0,0,Fully-Furnished,72.50328428
3610,1292.393116,1384.986872,2,2,2,0,4.956228078,8,50.49381416,0,1,1,Unfurnished,111.1385205
3611,1517.013706,1632.774661,5,3,1,34,7.611712719,3,52.69785661,1,0,0,Semi-Furnished,116.4639251
3612,1555.686301,2465.378692,1,4,3,23,8.457519043,5,30.80392713,0,0,1,Fully-Furnished,122.2763567
3613,1410.453357,2174.974613,3,4,2,24,4.849290814,10,50.92457379,1,0,0,Fully-Furnished,113.9725575
3614,1697.909891,1866.548207,4,4,2,39,6.830731417,5,35.142051,0,1,0,Fully-Furnished,119.0702795
3615,1846.427878,1990.402124,5,3,2,11,7.336799928,,63.57903692,0,0,0,Unfurnished,133.7960876
3616,1867.318773,1217.581581,1,2,2,10,8.223682644,6,32.85134564,0,1,0,Fully-Furnished,125.4905447
3617,1007.098096,802.2140844,2,2,3,29,0.94917204,7,48.70567997,0,0,0,Semi-Furnished,59.11428988
3618,1357.922451,2581.209298,1,1,3,12,7.458917837,5,38.08172826,1,0,0,Fully-Furnished,97.96146915
3619,2097.381431,2554.96489,5,2,1,24,6.490615268,1,64.28686037,1,0,1,Fully-Furnished,140.495439
3620,1947.323594,3267.5955,2,4,3,24,7.916463402,8,42.9468048,0,0,0,Unfurnished,135.7566031
3621,813.5702743,1367.986323,1,4,1,16,12.14110626,4,34.24645347,0,0,1,Unfurnished,81.06300388
3622,1675.73995,2554.252168,4,1,1,11,16.20958197,5,65.81744048,0,1,1,Semi-Furnished,123.8819532
3623,510.8873753,1773.034617,3,1,2,10,10.7135088,1,20.10462925,1,0,1,Semi-Furnished,68.4693796
3624,1523.467451,2952.379988,3,2,1,9,3.062311312,3,60.38251819,0,1,1,Unfurnished,140.6427122
3625,2448.883508,2817.570221,5,1,2,16,6.618372193,2,55.0530626,1,1,1,Fully-Furnished,156.0383563
3626,1026.053641,2168.967519,2,1,1,15,10.38385324,2,87.83746912,1,1,1,Unfurnished,70.04853803
3627,1082.838477,1728.375875,2,3,3,19,9.933161986,1,59.76010603,0,0,0,Unfurnished,79.33604729
3628,1882.014891,2768.745743,3,2,2,4,11.94930294,6,57.50902006,1,1,1,Unfurnished,142.1128725
3629,728.5992424,2517.523619,1,4,1,31,7.610596023,8,37.22635811,1,0,0,Semi-Furnished,85.43120083
3630,1183.622485,1452.447678,2,3,3,26,6.545999023,3,46.70871784,0,0,0,Semi-Furnished,85.03565991
3631,1798.220569,937.7610612,4,4,3,3,15.00969602,1,53.93215815,1,1,0,Semi-Furnished,117.1831914
3632,1182.857076,1769.173679,4,1,2,6,8.234682413,10,71.33120547,0,0,0,Semi-Furnished,93.25940144
3633,1382.015006,3212.331052,2,1,2,13,3.933302496,2,38.46372011,1,0,0,Fully-Furnished,134.3170365
3634,1872.092855,2917.189727,2,4,2,38,13.90053463,3,22.42527388,0,0,1,Semi-Furnished,108.6495058
3635,1710.773042,1110.138024,3,3,1,23,2.015618034,6,51.08452078,1,0,0,Semi-Furnished,100.1873371
3636,1633.409198,1065.794067,5,3,2,17,0.5,3,26.09922727,1,0,0,Fully-Furnished,137.6739861
3637,1330.43886,3019.74708,3,3,3,37,11.07754703,9,62.1422849,1,1,1,Fully-Furnished,117.4917775
3638,1685.030558,,5,1,3,38,11.64280388,1,72.74611708,0,1,1,Unfurnished,89.18439529
3639,1438.13366,2407.436259,4,2,2,39,9.656051768,7,65.4626663,1,0,0,Fully-Furnished,92.5027663
3640,1728.902805,1507.143028,5,1,2,0,2.790175664,10,42.4472273,1,0,1,Fully-Furnished,163.5376548
3641,1251.533987,3293.63594,3,4,3,16,7.764520579,8,74.30608977,1,1,1,Semi-Furnished,132.9107078
3642,1408.715513,1383.660161,2,3,1,25,6.887325706,9,38.48166532,0,1,0,Semi-Furnished,127.0253578
3643,1005.021104,2914.689224,5,2,3,21,5.850843956,8,35.26033763,0,1,0,Semi-Furnished,140.05357
3644,1482.496195,2147.886923,3,3,3,38,13.64827772,5,71.44370061,0,0,0,Semi-Furnished,96.67461587
3645,1094.499568,2201.755883,4,1,3,17,3.813335765,1,44.66727465,1,1,0,Fully-Furnished,120.0249887
3646,942.9767749,500,5,2,2,37,9.264417812,1,52.38603099,1,1,1,Semi-Furnished,101.2060445
3647,1629.330574,500,4,2,1,27,12.77618793,8,65.21937746,0,1,1,Semi-Furnished,84.0108059
3648,1606.369888,1823.547248,4,1,1,20,9.525766101,7,33.50786726,0,0,0,Unfurnished,106.2453609
3649,1891.436867,2197.524851,1,3,2,37,12.96447349,5,41.98464741,1,1,0,Fully-Furnished,112.4469548
3650,1284.437215,1099.841738,5,3,3,32,10.25485889,10,41.18473508,1,0,0,Fully-Furnished,86.14749399
3651,1704.026423,1129.045272,3,3,2,29,9.717398682,3,46.50388736,1,0,0,Fully-Furnished,87.78314494
3652,1775.398786,2449.178104,5,1,2,7,9.467339475,9,39.3432028,0,0,0,Unfurnished,135.9651806
3653,1722.386904,2450.283584,5,4,1,29,10.45377307,4,55.57853911,1,0,0,Fully-Furnished,153.9567496
3654,1087.173159,1889.807152,4,4,1,38,6.45784361,6,55.38894055,0,0,1,Fully-Furnished,81.61460304
3655,1574.681741,2624.161377,4,3,2,8,2.792504593,4,50.01837293,0,1,0,Semi-Furnished,135.6715257
3656,1682.070148,1060.638163,4,2,2,32,11.81617365,9,53.43279551,0,0,1,Fully-Furnished,93.93479248
3657,1503.589233,1715.252066,4,4,1,28,12.6469692,4,40.17977166,0,0,0,Semi-Furnished,103.3097381
3658,456.7611708,3318.302085,3,3,1,30,9.007915244,8,50.31715922,1,1,1,Unfurnished,122.5266393
3659,1580.244812,2054.657704,2,4,3,2,5.806497521,3,24.72327192,0,1,0,Semi-Furnished,108.3454566
3660,2606.26552,2101.050012,1,3,2,37,1.769131534,8,64.8500276,1,0,1,Unfurnished,155.1255878
3661,1319.980366,3844.757269,4,4,3,10,8.3432284,3,41.58670765,0,1,1,Unfurnished,120.3451846
3662,1135.961451,880.5262673,4,4,3,4,2.604198621,5,42.22971458,0,1,0,Unfurnished,123.9808954
3663,1686.67428,2637.144293,1,2,3,30,2.044049989,1,35.98036112,0,0,0,Semi-Furnished,85.76389508
3664,1656.189105,3331.189024,4,2,1,19,7.917073888,6,52.10065784,0,0,0,Unfurnished,115.7870823
3665,2096.367583,1740.113659,2,4,3,3,4.944921995,2,41.99297959,1,1,0,Semi-Furnished,147.9277172
3666,871.065922,2687.704629,5,3,1,7,9.381238225,3,59.44390068,1,1,0,Semi-Furnished,103.3922505
3667,1865.690126,,1,2,1,34,7.36281759,1,34.25208667,1,0,1,Semi-Furnished,102.5055937
3668,1795.211031,1450.614084,3,1,1,12,5.573461735,6,52.07248484,1,1,0,Unfurnished,144.4522935
3669,1428.926732,2307.973133,1,2,2,4,1.180339677,5,56.38446254,0,1,1,Semi-Furnished,145.3272359
3670,1669.343659,2638.853338,2,4,3,39,4.588447497,10,61.95309717,1,0,1,Semi-Furnished,129.0507146
3671,2014.728741,2896.74921,3,4,1,18,4.73545404,2,60.00100474,1,0,0,Unfurnished,136.1061503
3672,1936.15769,3255.70287,5,1,2,17,3.098769306,8,36.39535645,0,0,0,Semi-Furnished,132.2671486
3673,928.490344,1946.042753,4,2,2,32,6.683822819,9,51.01953591,0,1,0,Unfurnished,111.964466
3674,1910.079093,2954.889404,1,4,2,3,3.410992035,3,48.43783162,0,1,0,Unfurnished,154.4899359
3675,1467.655697,1726.156125,3,1,1,17,7.345029011,6,34.28446162,1,0,1,Unfurnished,98.77447642
3676,1536.437049,2721.673049,1,1,1,23,8.961644855,6,49.60058175,1,1,1,Semi-Furnished,127.18431
3677,1536.598496,2165.991038,5,3,1,28,4.695320182,10,29.08925508,0,1,1,Semi-Furnished,113.1299277
3678,1424.878506,2356.542326,1,2,2,30,9.701634518,6,53.52864946,1,0,1,Fully-Furnished,113.0191573
3679,2095.853749,2338.806299,3,2,1,27,2.554568515,,68.08939756,0,1,0,Fully-Furnished,154.8401486
3680,1458.14102,716.2359922,2,2,3,8,3.551290406,5,64.98111181,0,0,1,Fully-Furnished,109.4237755
3681,940.2269358,1100.702513,3,4,1,25,7.54713081,10,55.87025205,1,0,0,Unfurnished,92.24302105
3682,1303.235072,2082.033152,1,1,1,1,10.74816437,10,53.87771907,0,1,1,Fully-Furnished,131.7140719
3683,1589.347358,650.1767363,5,3,3,5,11.46959817,8,48.27845963,1,1,1,Semi-Furnished,115.1899433
3684,2114.607392,2664.968883,4,2,1,28,14.44956249,3,82.40654303,0,1,1,Unfurnished,94.68004962
3685,1801.547342,2697.244773,4,3,1,25,6.493644501,7,46.79007426,0,0,1,Unfurnished,157.1942656
3686,1074.732361,2261.736442,5,3,1,27,7.489994725,1,30.24969784,0,0,0,Semi-Furnished,107.0111933
3687,2742.594958,1103.09279,1,1,1,6,3.869297884,4,61.44455801,0,1,0,Fully-Furnished,139.7963675
3688,1632.387655,3104.111151,5,2,2,33,2.984934672,5,56.91542523,1,0,1,Fully-Furnished,141.0063407
3689,2137.695369,3629.768512,1,3,1,9,8.914288345,7,33.43822388,0,1,0,Semi-Furnished,170.6685739
3690,1424.142783,2117.661462,3,2,3,39,4.896514002,6,44.04554143,0,1,1,Semi-Furnished,126.6191816
3691,1766.679622,2408.428303,2,2,3,21,12.9295168,6,52.53596378,1,1,1,Fully-Furnished,127.0590292
3692,1919.734252,2161.390924,1,2,2,26,2.150457073,2,41.53066221,0,1,1,Semi-Furnished,146.3400223
3693,2109.097356,2424.295351,4,3,1,38,9.945412823,2,63.76279709,1,0,0,Fully-Furnished,130.0009714
3694,2028.684153,1904.352995,4,1,3,21,3.977043045,2,38.33009983,1,1,1,Semi-Furnished,129.4834149
3695,1936.0985,1972.348608,2,1,2,18,4.718206133,10,46.22917779,1,0,0,Fully-Furnished,162.6417771
3696,1342.456634,2724.57408,1,3,1,35,10.15644826,8,43.68169541,0,1,1,Semi-Furnished,102.6979635
3697,1214.126979,3876.49933,2,4,2,8,5.296478256,7,56.75870115,1,0,0,Unfurnished,113.2868949
3698,1666.303755,879.9430125,3,2,1,18,5.93686373,1,59.48999002,0,1,1,Unfurnished,78.71314486
3699,1966.564036,1916.950012,2,2,2,1,4.751366546,9,56.73585845,1,0,1,Unfurnished,162.6281161
3700,1388.63965,1055.631612,3,1,2,27,15.14011917,8,22.29826017,1,0,0,Semi-Furnished,101.5410408
3701,2032.585983,3273.619919,4,3,3,38,5.530054756,9,52.44724533,1,1,1,Fully-Furnished,149.6767734
3702,2226.308373,1529.809625,3,3,3,21,8.20620887,4,57.15912754,0,1,1,Fully-Furnished,124.6284845
3703,1041.83954,845.439365,1,4,2,5,7.192345599,5,58.88341875,1,0,1,Fully-Furnished,85.02732558
3704,1081.539648,2510.549599,1,4,1,6,8.885668247,5,47.33789545,1,1,1,Unfurnished,135.6062332
3705,1429.812471,3395.448892,1,1,1,5,5.541052212,9,50.35365124,0,0,1,Unfurnished,118.547931
3706,1653.806334,2530.878295,1,4,1,32,7.196731062,8,41.47024898,1,0,0,Fully-Furnished,134.5322479
3707,1237.716493,2163.838302,5,4,1,13,9.575808036,10,69.16947498,1,0,0,Semi-Furnished,121.6911636
3708,2176.101339,2327.312738,3,3,1,0,4.547971448,6,29.87780945,1,1,0,Semi-Furnished,150.3798632
3709,1712.033431,3131.87253,1,3,3,24,12.35728543,10,56.77471118,0,0,1,Fully-Furnished,126.6950762
3710,1519.723524,1300.640584,2,4,2,5,12.74192208,10,35.07281076,1,0,0,Fully-Furnished,109.0064104
3711,782.0452381,1910.522317,2,1,3,27,10.4259705,1,42.80644946,0,0,1,Semi-Furnished,70.86227603
3712,842.0920918,1637.847881,5,4,1,17,8.279505534,7,49.41001583,0,1,1,Fully-Furnished,96.42585378
3713,1640.504625,1065.707754,3,1,2,26,0.5,9,20.21247234,0,0,0,Semi-Furnished,136.833784
3714,433.7021869,1737.299792,3,4,1,1,9.697164531,4,29.10246777,1,1,1,Semi-Furnished,111.0511683
3715,2006.318705,2886.176877,3,3,1,39,6.434678379,4,25.9804523,1,0,0,Unfurnished,144.5405584
3716,1420.923078,2453.281719,5,3,2,20,7.014902354,5,56.39000805,0,1,0,Unfurnished,123.5122056
3717,3121.546485,2515.4484,3,1,1,22,0.5,8,65.35351599,0,0,1,Unfurnished,183.4557599
3718,2653.958125,2117.180489,3,4,3,1,9.974353943,5,26.06149892,0,1,0,Fully-Furnished,160.6337048
3719,1409.275465,2418.659026,1,4,3,15,2.205675813,4,47.33045521,1,1,0,Semi-Furnished,144.9182751
3720,1446.831499,1359.527726,3,1,3,3,8.473698184,8,54.11795441,1,1,1,Fully-Furnished,122.4794461
3721,1997.790757,1752.392091,1,4,1,33,11.61862993,5,54.0549643,1,1,0,Fully-Furnished,102.6532292
3722,2351.586305,2153.60339,1,2,3,4,6.122687275,8,80.12913602,0,1,0,Fully-Furnished,105.6375198
3723,680.9854713,2222.012687,3,3,1,33,12.8642069,1,52.30378737,0,1,1,Semi-Furnished,66.9804302
3724,606.8122673,2256.150284,2,3,1,21,5.012038487,3,36.07900175,0,0,0,Unfurnished,80.3275773
3725,1188.982597,1889.331774,4,1,3,19,10.40173231,7,61.23143185,1,1,1,Semi-Furnished,112.4951988
3726,1791.368792,1698.061279,2,4,3,38,2.780856994,1,73.86890206,1,0,1,Semi-Furnished,95.2193458
3727,1748.436795,4526.217026,3,1,1,12,12.12452174,5,30.47434679,1,0,0,Fully-Furnished,116.9057632
3728,2034.885727,,3,2,1,33,11.50396153,6,58.01208654,0,1,1,Fully-Furnished,164.8639452
3729,900.1512358,2330.517981,2,4,1,5,9.873431692,1,50.42780329,1,0,1,Unfurnished,104.4474934
3730,400,1813.433201,3,2,1,28,6.426863454,7,35.70666115,1,1,0,Semi-Furnished,78.35112106
3731,1929.007098,1639.024938,1,1,3,32,2.391997506,9,40.42224585,0,0,1,Unfurnished,122.8133684
3732,1085.901864,1895.359525,5,3,1,0,6.437438739,9,73.8744109,1,1,1,Fully-Furnished,113.7612274
3733,490.7560678,2234.263075,3,2,1,6,12.4412287,3,61.58936031,1,0,0,Fully-Furnished,96.21699825
3734,1572.531873,500,3,4,1,21,8.519847486,4,56.37740136,1,1,0,Unfurnished,86.39104892
3735,1896.587844,744.4883237,2,1,1,31,1.787852282,1,27.6215323,1,1,1,Unfurnished,94.45583043
3736,1438.971434,1490.494089,1,1,1,13,3.501089442,4,60.11393017,0,1,1,Semi-Furnished,94.22438566
3737,1271.075807,2165.711549,2,1,2,23,13.0126056,5,66.74444943,0,0,0,Unfurnished,73.12072515
3738,1420.318884,1808.581482,2,3,2,18,9.951651009,7,29.51182765,0,0,1,Unfurnished,93.00856677
3739,1314.708619,3182.496981,3,1,2,26,3.063999517,5,50.32624273,0,1,0,Semi-Furnished,127.2170899
3740,825.976444,814.0825704,1,1,3,22,0.936674015,8,65.12216854,1,1,1,Fully-Furnished,98.28299211
3741,1142.659662,1398.923624,3,3,1,20,5.499831462,7,63.0996155,0,0,1,Semi-Furnished,77.35567832
3742,1760.639953,3216.073393,3,1,3,28,0.594565168,1,59.59956066,0,0,1,Fully-Furnished,128.3042034
3743,1660.839271,2104.89546,3,1,1,0,7.37666204,2,50.66592385,0,0,1,Fully-Furnished,119.6374071
3744,1584.029903,2707.874066,3,2,2,30,17.80650149,7,66.28492978,0,0,1,Unfurnished,100.1751145
3745,1002.425759,3640.997555,5,1,1,26,1.612175697,3,52.41891181,1,0,1,Unfurnished,139.5454363
3746,1409.248419,1444.956466,4,3,3,35,7.255897347,2,58.28776572,0,1,0,Unfurnished,115.5758884
3747,411.4674768,1920.54853,1,2,3,26,13.2477063,9,55.14934583,1,1,1,Unfurnished,92.41688311
3748,1589.238332,1782.058479,5,1,1,14,10.99635143,10,34.05275689,1,0,1,Unfurnished,124.1295234
3749,2214.428854,500,4,3,3,24,7.405037141,8,36.17559226,1,0,1,Fully-Furnished,115.9865163
3750,762.933934,1751.682557,4,4,2,14,7.414605319,8,28.22001165,0,1,0,Semi-Furnished,82.40951925
3751,1207.036163,2704.84975,4,1,1,39,3.37636087,3,44.2644584,1,1,1,Unfurnished,102.8368595
3752,1664.553389,2432.471633,5,4,2,18,6.92937692,10,62.17770811,0,0,0,Fully-Furnished,144.5040862
3753,2126.421317,2495.266536,1,2,2,10,8.973762857,9,55.08456456,0,0,1,Unfurnished,126.8881212
3754,1275.887692,1699.592815,2,3,3,32,12.42045417,8,49.51266625,1,0,0,Semi-Furnished,110.7412364
3755,1153.874835,1475.122211,4,2,1,22,5.519297506,2,70.38338971,1,1,1,Fully-Furnished,93.31310088
3756,515.5384288,3015.404538,2,4,2,11,7.240659488,,45.4506449,1,0,1,Semi-Furnished,100.4275101
3757,1551.719065,1602.146283,2,4,2,1,4.203146077,8,58.38377221,1,1,1,Unfurnished,141.4445509
3758,2521.03802,2235.265631,3,4,1,20,8.901300718,7,44.88618241,1,0,1,Fully-Furnished,145.3368373
3759,1638.679231,2130.667745,2,3,3,13,11.1351178,9,27.53894866,1,0,1,Semi-Furnished,145.3396475
3760,1488.86051,3169.373613,3,4,2,33,10.51859205,7,38.71178887,0,1,1,Unfurnished,122.2645364
3761,1661.041155,2777.129886,1,4,1,14,3.319251698,7,38.31242767,0,0,0,Unfurnished,100.6069442
3762,1494.453998,963.7931035,1,3,1,20,8.587452838,,28.67744245,1,1,1,Fully-Furnished,89.31379636
3763,1093.492814,1049.957467,3,4,2,22,5.290749887,2,47.7179215,0,0,1,Unfurnished,64.6718743
3764,1911.639958,2463.127854,1,1,2,20,12.04420006,5,38.86866757,0,1,0,Semi-Furnished,127.7949421
3765,1612.880762,1948.529882,4,4,2,13,7.354749109,1,72.46249096,0,1,0,Unfurnished,130.0628353
3766,1508.806626,1635.862573,1,3,3,20,1.921946647,10,46.48615044,0,0,1,Semi-Furnished,111.8403247
3767,1012.316986,,3,4,3,11,7.120789178,7,37.44404528,0,0,0,Semi-Furnished,142.4571969
3768,2151.753966,2149.967506,4,3,1,4,9.833890277,5,33.68092969,1,1,0,Semi-Furnished,134.4898321
3769,1832.351373,2041.96591,2,4,1,1,8.976024253,5,33.17488642,1,0,0,Semi-Furnished,125.1850716
3770,1223.539581,2623.862913,2,1,2,21,5.952815945,8,63.16452428,0,1,0,Fully-Furnished,93.23325915
3771,2000.912427,1699.912804,2,3,1,5,5.658906441,9,64.47591605,0,1,0,Semi-Furnished,107.5030261
3772,1251.214581,3254.815188,3,3,3,1,4.049982407,10,20.04453929,1,0,0,Fully-Furnished,155.2997817
3773,1108.998254,1369.561901,2,3,1,28,6.421001519,1,82.4453334,1,1,0,Fully-Furnished,101.665263
3774,1120.148441,2525.543253,1,3,1,35,4.577284134,10,51.15441715,0,0,1,Fully-Furnished,101.4447756
3775,614.4657235,3147.066271,2,4,2,6,11.88034394,4,65.33342066,1,0,1,Unfurnished,111.5731723
3776,1735.77119,,5,4,2,15,4.395450437,2,37.96329991,1,1,1,Semi-Furnished,107.4592053
3777,584.4275608,1725.331859,5,1,3,32,8.489137849,9,35.23624754,0,1,0,Unfurnished,76.78682543
3778,885.7780844,2913.765914,2,1,1,32,8.217215613,9,46.27446303,0,0,1,Semi-Furnished,77.49712899
3779,462.2059955,2925.795638,2,4,1,13,11.78266979,1,55.62788487,1,1,1,Fully-Furnished,124.3098958
3780,1456.965154,1862.80352,5,2,1,11,12.35747316,3,53.28431782,0,1,1,Unfurnished,93.81536691
3781,1424.83977,1412.263125,2,3,2,5,10.78387977,10,67.54113781,0,0,1,Unfurnished,109.802337
3782,1336.651893,,4,4,3,11,9.411713373,8,23.47379789,0,0,0,Fully-Furnished,153.9031487
3783,978.7111527,2946.839282,5,1,1,30,3.805415416,2,63.60619081,0,0,0,Fully-Furnished,97.66542648
3784,913.8831233,1068.269321,3,3,1,11,3.724519649,2,57.70858234,1,1,0,Fully-Furnished,86.86230592
3785,1732.184932,1036.869081,5,1,1,9,4.617236721,2,54.6819946,0,1,0,Unfurnished,109.8975741
3786,1224.724034,2180.205346,1,2,1,39,11.007684,5,29.7938564,1,0,0,Fully-Furnished,65.50531963
3787,1658.179161,2503.488507,4,3,3,26,8.293319713,9,38.02294683,0,0,0,Unfurnished,98.91841932
3788,1057.375657,1760.744732,3,2,3,6,11.47462896,7,59.56828061,0,0,1,Semi-Furnished,104.5928019
3789,1590.531371,2543.435056,2,2,3,35,12.01121094,,13.15803905,0,0,1,Fully-Furnished,117.4841657
3790,2151.639019,1431.890715,1,2,2,32,5.096192399,2,21.55174082,0,1,0,Unfurnished,115.677388
3791,1793.0829,500,1,4,1,26,8.12829731,2,56.89281161,0,1,1,Fully-Furnished,54.93787936
3792,1293.793091,1660.879142,4,1,1,7,7.948025285,5,58.43486812,0,0,1,Fully-Furnished,82.38240431
3793,1628.599485,2050.585717,3,3,1,4,6.688849242,7,38.82286746,0,1,0,Unfurnished,129.8341473
3794,1379.667413,1779.328032,1,4,1,7,5.860628582,7,38.77991732,0,1,1,Unfurnished,119.7929264
3795,1503.940092,1073.117389,3,1,3,39,12.73902201,9,64.27094133,1,1,0,Unfurnished,101.3557405
3796,1337.194474,547.4808193,3,4,2,20,8.207886907,3,63.30261954,1,0,1,Fully-Furnished,94.2915032
3797,1417.832397,,1,1,2,23,8.052579154,1,44.90389498,1,0,0,Semi-Furnished,101.2630492
3798,1606.046677,2718.124617,3,3,1,6,4.788889301,9,31.57659126,1,1,0,Semi-Furnished,164.7296172
3799,1003.32065,3004.957952,4,3,3,18,10.70084972,1,72.12660303,1,0,0,Fully-Furnished,113.8431948
3800,992.0605865,2950.170707,1,3,2,30,3.979569997,8,30.69555121,0,0,1,Fully-Furnished,113.7993505
3801,805.7287231,1347.272372,4,3,2,35,9.819622115,5,60.13941747,0,1,1,Unfurnished,87.26000953
3802,699.8644477,1077.034941,4,1,1,26,9.92891744,8,68.00537251,0,1,1,Semi-Furnished,82.56124158
3803,891.3586539,2397.307692,3,4,2,28,6.349939803,7,49.89899336,0,0,1,Semi-Furnished,124.8527925
3804,1579.731253,2508.080009,3,3,1,22,9.270608325,9,41.16951472,1,1,0,Semi-Furnished,124.0052566
3805,1053.606242,2320.135684,1,3,3,19,8.742678236,2,25.78710283,1,1,0,Unfurnished,109.5585264
3806,1756.807232,500,2,3,1,5,7.842557501,9,50.93563724,1,1,1,Semi-Furnished,98.16188258
3807,1517.356874,1306.492332,1,2,2,11,8.051775921,10,28.05738626,1,0,1,Unfurnished,109.7265342
3808,515.7478933,1976.248968,4,3,1,11,8.247127293,5,54.60163659,0,1,1,Fully-Furnished,101.0449742
3809,1827.487792,2389.774556,3,3,1,2,8.519646691,5,19.61358979,0,1,0,Unfurnished,142.8170049
3810,1905.399323,2613.84589,4,1,1,38,8.240968125,1,24.84844735,0,0,1,Fully-Furnished,126.0827012
3811,1003.068663,2115.402818,5,2,1,34,3.584543239,6,51.97241785,1,0,0,Semi-Furnished,87.36903187
3812,1710.095771,2264.627045,5,1,1,18,7.391156196,10,62.59498616,1,0,1,Fully-Furnished,134.6854372
3813,1071.750881,2067.892367,4,4,1,3,9.059794405,10,45.73507164,0,0,1,Fully-Furnished,114.3550309
3814,1548.835188,2548.495499,2,2,2,30,8.389154914,10,65.76066179,0,1,1,Fully-Furnished,151.6418902
3815,867.7507965,2250.292521,2,1,1,37,11.81500104,10,41.58527439,0,0,1,Unfurnished,62.90461516
3816,603.4467737,2052.590128,1,1,2,32,10.48034636,3,82.66538489,1,0,0,Unfurnished,92.23842417
3817,1308.591405,1785.304961,1,4,1,5,4.51836186,10,30.03799429,1,0,0,Unfurnished,129.9924005
3818,1438.135527,2065.03314,1,4,3,7,7.333491568,3,39.30576049,0,1,0,Fully-Furnished,75.16435495
3819,1301.160153,2387.673103,3,3,1,27,6.754653386,3,70.26911807,1,0,0,Fully-Furnished,93.50577304
3820,907.9847209,2213.980311,2,3,2,14,7.982606053,4,46.12519138,0,0,0,Fully-Furnished,95.4136831
3821,1300.050469,2304.661135,4,2,2,30,7.988074401,9,64.24450164,0,1,1,Semi-Furnished,116.6158257
3822,1634.647376,3074.177489,5,2,3,7,10.44608668,,30.16881045,0,1,1,Unfurnished,129.6457968
3823,1477.553485,2212.131138,2,4,1,5,8.709313453,6,35.71241183,1,1,1,Semi-Furnished,118.0577498
3824,1591.250515,,2,2,3,28,12.92218002,8,58.96962692,1,1,0,Semi-Furnished,103.0399719
3825,1164.9424,2706.885429,2,3,1,33,8.964012551,8,28.43428805,1,1,0,Semi-Furnished,92.05786258
3826,2085.858957,907.0413299,1,4,1,6,4.677637919,1,31.80088046,1,1,1,Fully-Furnished,141.3756023
3827,911.9133317,1134.869295,3,1,2,39,6.130877519,9,48.33127702,1,1,0,Unfurnished,76.60200082
3828,1743.780149,2268.677812,4,4,3,9,10.41515628,1,69.76662519,0,0,1,Semi-Furnished,134.5357281
3829,2090.945546,2413.117334,1,2,3,12,1.543326942,2,55.50783369,0,0,1,Unfurnished,121.1759323
3830,1740.454046,1003.959021,3,3,2,21,2.616478341,9,46.87604587,1,0,1,Unfurnished,102.8588043
3831,1398.737886,1693.746015,2,3,2,20,8.042788829,7,52.46894114,1,1,0,Fully-Furnished,124.5972845
3832,1235.851477,1515.132934,3,1,3,0,11.80368847,10,23.90118858,0,1,0,Semi-Furnished,107.9113473
3833,2018.043826,1610.658942,1,1,2,1,13.22814173,1,41.302422,1,0,0,Fully-Furnished,82.31322958
3834,788.5125374,2754.878221,2,4,1,28,7.131577012,3,56.61384381,1,1,0,Unfurnished,87.70183156
3835,1014.93787,2565.204371,1,3,3,10,12.24331475,1,53.5565155,1,0,1,Semi-Furnished,106.2452187
3836,1301.221117,1984.702256,4,1,3,36,8.289071639,5,59.17511179,1,0,1,Unfurnished,79.06814106
3837,2118.826879,1563.230458,2,1,2,6,1.874340071,4,60.52233231,0,0,1,Unfurnished,86.10893324
3838,1689.883818,920.2802638,3,4,1,34,7.967693854,,53.39750215,1,1,0,Fully-Furnished,81.69042631
3839,1015.977121,3136.147951,1,4,3,29,5.524367502,9,12.28974566,0,0,0,Semi-Furnished,129.8084072
3840,1344.846147,2473.69112,5,3,3,15,11.67292352,4,55.04693669,1,1,0,Fully-Furnished,95.47285984
3841,1192.838428,1434.664717,3,2,1,14,7.897298959,3,42.70023365,1,0,1,Fully-Furnished,111.4850605
3842,1145.105504,2575.679598,3,2,2,39,2.888347574,4,44.20113138,0,0,0,Unfurnished,100.8262715
3843,1989.444779,1943.821104,2,3,2,19,2.001140756,3,44.4189151,0,0,0,Semi-Furnished,110.7465731
3844,814.1284354,1770.312396,3,2,2,27,7.91608017,6,54.37665751,1,1,0,Semi-Furnished,106.2758518
3845,2304.390428,2348.169223,1,3,2,36,0.5,1,27.95252466,0,0,1,Semi-Furnished,115.6991371
3846,1914.114845,1406.8014,5,3,1,2,5.927338841,2,24.26124916,0,0,1,Fully-Furnished,120.4700919
3847,2045.430835,,4,1,1,28,8.924121303,8,31.42870688,0,1,1,Fully-Furnished,127.2268812
3848,1268.530244,2097.168851,5,2,3,36,3.771933984,3,63.79307572,1,0,1,Fully-Furnished,102.2264026
3849,1425.02964,1600.439046,1,3,3,8,11.97594863,4,43.44239838,1,0,0,Unfurnished,100.0233649
3850,783.4240927,2535.268168,2,2,1,26,12.7640262,1,57.58239477,1,0,1,Fully-Furnished,92.26701679
3851,1237.668796,3495.253203,1,2,3,31,3.933196189,3,57.1990855,1,0,0,Semi-Furnished,105.0344984
3852,1746.827424,1396.561494,3,4,1,38,6.807823303,1,55.95154049,0,1,1,Unfurnished,126.2153668
3853,2148.031531,667.899763,2,2,2,30,11.97877261,10,57.90040652,1,0,1,Semi-Furnished,95.97314599
3854,946.4215916,500,4,3,1,25,7.994769863,5,42.16589003,1,0,1,Fully-Furnished,75.4053645
3855,1317.247032,1879.625487,4,1,1,39,2.422085688,1,60.03217921,1,1,0,Semi-Furnished,99.92737892
3856,1424.35039,1469.468328,1,2,3,2,7.426715726,9,55.72758018,0,1,1,Unfurnished,115.3310686
3857,802.1053989,2166.288401,3,3,1,10,4.588286711,7,26.20734862,0,0,1,Fully-Furnished,88.59352485
3858,1795.674621,2106.078138,4,4,2,28,12.43279159,,50.89114595,1,0,0,Unfurnished,120.8318164
3859,1138.004834,717.4265227,5,2,2,26,10.42372838,9,47.76008097,0,0,0,Fully-Furnished,63.87454192
3860,1402.304824,548.0929364,2,1,3,9,6.744972219,10,56.94325463,0,1,1,Unfurnished,127.7585681
3861,1274.025314,2236.746592,5,2,3,34,8.56859205,8,50.38545681,1,1,0,Unfurnished,135.518628
3862,1105.330747,2108.343068,4,3,1,22,2.767513692,3,46.40509269,0,1,1,Semi-Furnished,114.6456021
3863,1496.477507,1659.345601,4,2,3,5,4.984890166,7,73.34511899,0,0,1,Fully-Furnished,116.1983143
3864,1392.195211,674.2851319,1,2,2,10,14.21311675,7,59.11665005,1,0,0,Fully-Furnished,94.81611354
3865,1314.071059,2377.11301,1,4,3,26,8.21405861,7,50.60963181,1,1,1,Fully-Furnished,141.9946377
3866,1135.769189,3017.519636,2,2,3,30,11.72034322,8,33.22174276,0,1,0,Unfurnished,116.925661
3867,1659.762335,2222.385952,1,1,2,29,8.928052354,4,51.80921848,1,0,1,Semi-Furnished,128.6840045
3868,2326.808634,1322.020888,3,2,1,2,13.25712737,6,37.20124073,0,1,1,Semi-Furnished,141.4265527
3869,1569.943616,2035.641732,2,4,1,12,0.5,2,25.20637781,0,0,1,Fully-Furnished,127.6557911
3870,1998.059107,907.1087353,3,3,3,39,7.247129664,,43.90075784,1,1,1,Fully-Furnished,124.2498181
3871,804.8890374,2846.368571,1,2,2,20,14.57912658,9,44.82880038,0,0,0,Unfurnished,81.43093147
3872,1578.88072,2065.475468,2,2,2,10,11.82469374,5,65.44574802,0,1,0,Unfurnished,119.1308783
3873,951.3158405,585.4744706,4,4,2,2,13.30148904,4,64.60263498,0,0,1,Unfurnished,78.28262535
3874,761.5375362,1759.460512,5,4,1,37,7.972941625,2,60.03794232,1,1,0,Semi-Furnished,88.94608543
3875,1130.314296,2370.641208,4,4,2,30,5.851574338,7,48.68248769,0,1,0,Unfurnished,108.3387893
3876,2095.949667,1733.561903,3,2,2,23,3.891342161,2,48.88835204,0,1,1,Unfurnished,135.9211284
3877,1975.007914,1779.283423,4,1,1,11,3.612287633,2,58.32996292,0,1,1,Unfurnished,132.4525971
3878,1621.502361,1020.478234,4,4,2,26,11.22824225,9,59.64893268,1,1,1,Fully-Furnished,131.6727585
3879,733.6497201,2453.23279,5,3,1,20,10.0528442,2,55.34678899,1,1,0,Unfurnished,89.2353474
3880,1401.859674,1481.22464,5,2,3,24,7.733706203,10,57.62842042,1,0,1,Fully-Furnished,107.6404462
3881,1650.850004,500,4,3,3,29,10.03276262,3,48.98204061,0,1,1,Semi-Furnished,105.7170315
3882,1587.768115,1702.994103,5,3,3,29,8.569807036,3,45.76740691,1,0,1,Semi-Furnished,140.4431046
3883,578.1032083,2784.919772,4,1,3,9,11.84887081,2,16.69458408,1,1,0,Fully-Furnished,97.87126652
3884,1054.841076,1690.456443,2,3,3,2,11.81074702,10,44.89900943,0,1,0,Fully-Furnished,115.701771
3885,1467.961118,3390.387988,4,4,1,12,3.736503598,3,39.16081332,1,0,0,Unfurnished,127.7782324
3886,1768.145455,2343.174359,1,4,1,26,9.09458395,9,51.46217181,0,0,1,Unfurnished,117.123599
3887,401.9360895,2271.00653,5,2,1,17,1.324532999,,39.85459665,0,0,0,Semi-Furnished,89.4070984
3888,1418.938012,1897.281387,5,1,2,23,8.532082952,5,52.05941417,0,1,0,Semi-Furnished,108.5411557
3889,1571.524385,1945.371034,3,1,3,13,10.41721712,,22.03094605,0,1,1,Semi-Furnished,126.9855358
3890,1924.805994,1789.261092,3,3,2,38,2.745122621,1,35.5428996,0,0,1,Semi-Furnished,111.9204666
3891,1846.428792,1758.184486,1,1,2,3,6.334149058,1,39.27276912,1,0,0,Unfurnished,89.57369931
3892,1791.285659,2424.69373,5,3,2,15,8.038105509,10,34.25094861,0,0,0,Unfurnished,118.3005349
3893,1100.029747,1251.335016,5,3,3,9,8.935659665,2,96.76869354,0,1,0,Semi-Furnished,109.222081
3894,545.9989314,1139.284937,3,1,2,36,6.885585187,1,19.56089001,0,0,0,Unfurnished,45.83976424
3895,1303.473621,,3,2,3,26,3.31084739,1,60.1310254,0,0,1,Unfurnished,87.42058651
3896,2000.815913,3636.523638,4,3,3,0,7.783971192,10,64.94018565,0,1,1,Fully-Furnished,182.6255239
3897,2196.727264,,5,4,3,4,1.391025732,4,43.37772653,0,0,0,Fully-Furnished,192.8994531
3898,1855.274551,2243.593761,5,4,2,12,7.069434253,10,54.98023213,0,1,1,Semi-Furnished,150.0531295
3899,1714.670411,1153.988264,4,1,3,2,6.234505545,3,59.15685036,1,0,1,Semi-Furnished,132.0409824
3900,1689.819824,2498.673841,5,1,3,16,7.462937306,1,52.03499242,1,0,0,Semi-Furnished,105.4270269
3901,1221.940627,1906.742923,1,3,1,18,5.76271209,3,23.51655723,1,0,0,Semi-Furnished,90.18013227
3902,1434.969853,2171.335153,3,3,2,36,1.969276647,1,56.10667227,0,0,0,Semi-Furnished,105.2254602
3903,2334.534763,1218.703747,3,4,1,4,6.534626718,3,64.56708903,1,0,1,Unfurnished,148.1297439
3904,1028.720997,2128.215086,3,3,1,23,11.7232805,4,80.95429074,1,1,0,Fully-Furnished,97.88683908
3905,2307.389395,1660.933169,2,4,2,32,13.04584322,8,29.32165791,0,0,0,Fully-Furnished,121.8042084
3906,1338.985923,1387.511074,1,3,1,20,17.75733711,3,47.41551021,1,0,1,Fully-Furnished,81.87712686
3907,2162.716055,2587.285069,1,2,3,2,14.76660163,3,49.57447156,0,0,0,Unfurnished,145.1154794
3908,796.5924953,769.8337532,4,2,1,3,3.212248293,9,48.50561124,0,0,1,Unfurnished,116.8232138
3909,1792.952101,2451.821011,2,4,1,31,6.366249595,9,24.89787565,0,1,0,Unfurnished,129.7699789
3910,1131.614932,2547.588907,5,2,3,23,7.908857461,6,66.52952577,0,0,1,Fully-Furnished,112.5005828
3911,792.366404,1296.28506,1,2,1,34,7.657760663,10,64.95172341,1,1,1,Fully-Furnished,80.29879277
3912,1609.267021,1343.737231,2,1,3,17,8.27813332,4,55.64912415,0,1,0,Fully-Furnished,89.3855516
3913,2004.735894,1821.579455,2,3,2,2,17.63036569,10,43.61782171,1,1,0,Fully-Furnished,144.1844872
3914,1077.529281,2225.628968,1,1,1,38,3.671793817,5,46.76699949,1,1,0,Fully-Furnished,89.11974736
3915,750.4920198,1877.716007,4,4,2,25,5.145875455,9,45.70442823,0,0,0,Unfurnished,99.92565692
3916,1454.077618,2346.849968,2,1,1,23,14.57530372,1,29.13772844,1,1,0,Unfurnished,102.6736589
3917,1456.282336,3410.383722,3,4,3,0,5.536074628,7,60.51335304,0,0,1,Fully-Furnished,105.5549778
3918,1774.159814,1593.826585,2,2,1,33,9.574322601,7,50.35839193,0,1,0,Unfurnished,91.30672471
3919,1974.797286,627.8560234,5,1,2,11,12.13862948,10,60.30058672,0,1,0,Fully-Furnished,111.6834658
3920,1470.292409,2660.738866,1,2,3,16,9.945996067,1,53.88243248,1,1,0,Fully-Furnished,122.9249834
3921,2427.751657,3346.651661,5,3,3,20,8.767062532,1,34.9185769,0,1,1,Fully-Furnished,193.4463304
3922,1612.117372,2314.21469,4,2,2,20,11.75444308,9,36.12081851,1,1,0,Unfurnished,127.5472522
3923,1326.786747,1129.80106,3,3,2,2,4.427725774,7,69.70579438,1,0,1,Semi-Furnished,92.16243411
3924,694.2163204,1900.886109,1,2,1,27,6.014547482,4,58.39582315,0,0,1,Semi-Furnished,85.05833003
3925,1368.67024,1105.181213,2,1,1,24,10.14255035,9,44.2977142,0,0,0,Semi-Furnished,78.60287107
3926,1331.806527,2514.284395,3,1,3,5,0.5,5,58.40576122,1,1,0,Semi-Furnished,160.458662
3927,1980.152398,918.9676778,2,2,2,29,13.66633529,,36.92907204,1,1,1,Semi-Furnished,122.6274305
3928,1731.241812,1759.896971,4,4,2,31,9.213569501,2,66.28538934,0,0,1,Unfurnished,89.04609958
3929,910.3154392,1196.529739,1,4,1,21,8.612127011,9,29.63726038,0,1,1,Fully-Furnished,85.1241875
3930,1586.127193,2101.459748,4,3,1,37,1.477948489,4,52.95164405,0,1,1,Semi-Furnished,143.5468083
3931,1835.765586,1706.926658,4,3,3,13,2.853563498,7,47.95181672,0,1,1,Semi-Furnished,143.920884
3932,2264.01568,2141.409683,4,2,2,33,6.405665343,1,50.19513661,0,0,0,Semi-Furnished,128.4061395
3933,1943.751984,2017.880444,4,1,2,25,11.2297194,9,59.7672535,1,0,1,Fully-Furnished,123.4430205
3934,1880.423327,1210.672778,2,3,2,39,0.5,9,65.01580725,1,1,1,Semi-Furnished,152.4810752
3935,1530.042997,2501.501651,5,2,2,12,11.1534592,10,43.8177524,1,0,1,Unfurnished,139.7838819
3936,1694.156003,1960.987479,2,3,1,29,6.559874704,6,20.12864767,0,1,1,Fully-Furnished,134.6083017
3937,2124.75245,1209.176794,3,1,1,18,7.106306109,6,24.24834529,0,0,1,Fully-Furnished,97.9880759
3938,833.6113013,,4,3,1,38,9.014371767,,44.26948394,0,0,0,Fully-Furnished,88.66819032
3939,1325.280336,2381.144133,3,2,3,2,9.077268951,5,50.5141184,0,0,0,Fully-Furnished,143.5348461
3940,1113.715626,,2,3,2,30,5.15028564,1,55.62977669,1,0,1,Semi-Furnished,77.21806518
3941,1689.576559,3132.163621,4,4,1,11,10.49964035,4,52.86989748,1,1,0,Semi-Furnished,151.3435011
3942,2115.111088,3473.452488,2,3,2,14,0.5,10,63.35769568,1,0,1,Unfurnished,189.1652257
3943,1201.512857,1883.720462,4,1,1,37,6.198324454,1,77.0242326,1,0,0,Semi-Furnished,83.15351014
3944,400,2277.917989,2,1,3,39,8.614727053,5,51.44338337,0,1,0,Fully-Furnished,84.73024888
3945,1293.889627,1209.597746,1,1,1,13,6.620202739,4,55.41300792,1,1,0,Unfurnished,61.15978402
3946,1956.736866,1882.245799,5,1,3,34,0.692358784,8,38.52175074,0,0,0,Semi-Furnished,144.3552488
3947,1768.814951,1840.749957,5,2,2,15,11.03210952,,50.82311673,1,1,1,Fully-Furnished,88.76768717
3948,1714.093124,2147.861627,4,3,1,23,3.006448751,8,53.10311366,1,0,0,Unfurnished,141.3615856
3949,1360.003349,2266.208383,1,3,1,16,7.72994397,,52.30981939,0,0,1,Unfurnished,153.7750607
3950,860.4846319,,3,3,1,17,8.612138388,,38.73965601,0,0,0,Semi-Furnished,107.5383592
3951,1757.647161,2190.114125,1,3,2,16,8.079308615,9,52.47404242,0,0,0,Fully-Furnished,120.0132908
3952,1082.859095,1031.405899,4,2,3,15,12.6760437,9,51.37592008,0,1,0,Semi-Furnished,86.21413814
3953,2592.048367,1249.226315,1,1,3,20,7.78694976,6,54.75183478,1,1,1,Unfurnished,140.0842667
3954,1785.253604,1562.873904,3,3,1,23,9.709821619,1,43.99176575,0,0,0,Fully-Furnished,80.02801539
3955,1209.675849,1774.207526,4,3,2,33,7.776383867,7,50.16355342,1,1,0,Unfurnished,101.4052752
3956,1194.307376,2840.619432,5,1,3,35,10.45182434,7,82.65672311,1,1,0,Unfurnished,87.9322254
3957,1453.527897,1069.648811,1,4,3,26,13.57398119,9,50.81789549,1,0,1,Fully-Furnished,86.37303081
3958,1380.249039,1714.067961,5,4,3,38,8.550167318,1,66.06463219,1,0,0,Semi-Furnished,107.8615689
3959,2058.416888,2762.407599,5,1,3,16,11.12740143,8,71.38207007,0,0,0,Unfurnished,147.2064285
3960,1593.208085,,2,3,3,24,13.82131574,8,28.21206946,0,0,1,Fully-Furnished,116.2884004
3961,1134.184131,2368.33252,3,1,1,37,13.42873699,7,47.00975073,1,1,0,Semi-Furnished,94.84334297
3962,2445.220343,1888.366366,1,3,1,20,6.458842386,6,47.69006268,1,0,0,Semi-Furnished,109.3749974
3963,1524.654166,2205.426606,5,3,1,3,12.14572942,1,80.21276148,0,0,1,Unfurnished,107.9694239
3964,1884.419838,1817.221965,5,4,3,24,8.99508464,10,78.24480699,0,1,0,Fully-Furnished,130.2088926
3965,1195.886746,2533.652378,3,4,3,29,12.46891999,8,28.19503084,1,0,1,Semi-Furnished,96.26970692
3966,1681.557814,763.9548741,5,3,3,32,10.27453833,5,34.91319382,1,0,1,Fully-Furnished,84.00065883
3967,1655.554996,1709.350393,5,3,1,38,9.102672304,4,68.3812392,1,1,1,Semi-Furnished,128.012978
3968,555.175354,2237.258141,5,3,3,25,9.735888321,5,42.16370759,0,1,0,Fully-Furnished,98.05723772
3969,2507.637555,2426.956198,5,4,1,24,9.020951824,5,59.72724734,0,0,1,Fully-Furnished,136.4511846
3970,2145.32223,3194.362098,2,3,3,15,9.177332181,10,46.71585522,1,0,1,Fully-Furnished,185.4445833
3971,1301.402342,1687.180267,2,1,1,23,7.364670558,3,33.93231881,1,1,0,Unfurnished,108.3924247
3972,948.8651298,3183.585409,4,2,2,4,6.993102638,4,69.56707377,1,0,0,Semi-Furnished,115.7397632
3973,1673.780807,,1,2,3,38,15.05269972,4,39.09469298,1,1,0,Semi-Furnished,70.54793971
3974,1543.34885,3062.917129,3,3,3,12,9.910111644,8,48.05518452,1,1,1,Unfurnished,173.9340346
3975,1677.834474,2653.973701,4,1,1,29,5.706780311,5,32.98144285,1,0,1,Semi-Furnished,153.5117369
3976,1595.788698,1269.233136,2,3,3,6,6.890330274,,33.34045163,0,1,1,Semi-Furnished,139.8172138
3977,1753.120495,2245.63139,2,1,1,16,12.22503381,10,50.88714895,0,0,0,Unfurnished,127.7412949
3978,2223.65285,1959.011332,2,4,1,26,5.05525316,2,35.7283325,0,1,1,Unfurnished,136.5258472
3979,1784.051603,2500.467675,4,4,2,34,2.071889273,9,72.61275989,0,1,1,Unfurnished,146.1309461
3980,975.1722505,1821.382729,2,3,2,4,2.366203438,8,60.33483764,0,0,0,Fully-Furnished,124.4201529
3981,2181.281426,,4,4,3,4,1.084097599,8,61.90225535,1,0,1,Unfurnished,166.4287833
3982,2320.307282,3095.275666,2,3,3,23,2.804740567,10,45.60626424,0,1,0,Fully-Furnished,153.5752101
3983,3076.028367,1921.023284,5,2,1,6,3.276536241,5,46.02018821,1,0,0,Semi-Furnished,161.6260373
3984,938.2529834,2661.137859,5,1,1,6,13.54094952,5,56.65532253,0,1,1,Unfurnished,127.0135891
3985,1621.441007,1819.718812,1,1,1,13,7.815283149,3,10,1,0,1,Unfurnished,143.3044722
3986,458.9506484,3333.330607,2,2,1,14,6.546945843,2,43.17050124,1,0,1,Unfurnished,112.844546
3987,1776.574578,1457.332297,1,2,3,4,2.226347748,9,22.69317178,1,0,1,Unfurnished,170.0897957
3988,1225.899851,1508.685175,4,2,2,36,7.42749441,6,53.40976921,1,0,0,Semi-Furnished,59.00278827
3989,2461.722897,3219.613745,1,2,3,3,1.05068775,8,32.65071227,0,1,0,Fully-Furnished,159.1165197
3990,1112.692515,1644.042887,2,4,3,29,6.522331315,4,48.1860425,0,0,1,Semi-Furnished,87.65845416
3991,655.408481,3280.859445,4,1,3,19,16.25797756,5,36.68970161,0,0,0,Fully-Furnished,62.75028435
3992,1264.36813,2713.472464,4,1,2,25,10.65521431,10,71.41247568,1,0,0,Semi-Furnished,107.2618152
3993,512.2561144,1876.280235,5,2,3,8,7.160807359,5,83.91668597,1,0,1,Semi-Furnished,115.1058903
3994,1875.549727,549.3652224,4,3,2,29,10.79249442,10,63.75350773,0,0,0,Semi-Furnished,65.27548296
3995,467.4584769,1984.545357,4,3,1,21,5.913827287,4,64.59437627,1,0,1,Unfurnished,104.4682761
3996,1514.228791,2081.304043,1,3,3,39,4.797289028,2,49.36078508,0,0,1,Unfurnished,82.87897952
3997,461.0940901,2933.774187,4,3,1,29,14.81651852,6,40.57815731,1,1,0,Fully-Furnished,81.87614649
3998,1339.851098,3270.757741,3,4,1,19,3.430901384,4,21.09229428,1,1,1,Semi-Furnished,145.7863605
3999,2321.689078,1452.010257,5,1,1,27,6.583515057,4,52.72855912,1,0,0,Unfurnished,120.4736669
4000,1680.323946,2640.945411,5,1,3,6,9.224133129,10,45.48356828,1,1,0,Semi-Furnished,161.1782642
4001,1068.253198,2612.321725,4,1,1,3,4.255063177,3,53.36529388,0,0,0,Semi-Furnished,103.6360173
4002,1484.398256,2858.730162,1,3,3,27,10.60241981,8,39.33772269,1,1,0,Fully-Furnished,135.3089408
4003,1509.008436,,5,2,1,34,6.773621901,6,27.6289038,0,0,1,Fully-Furnished,134.3656318
4004,1736.315173,500,5,3,3,32,10.65564131,9,32.61698938,1,0,1,Semi-Furnished,110.6865535
4005,816.5708184,1875.662054,3,1,3,6,10.34393672,5,72.97494589,0,0,0,Semi-Furnished,114.9065609
4006,1796.283637,1075.43394,4,3,3,8,7.027951477,6,79.03007125,0,1,0,Semi-Furnished,106.5363488
4007,400,1837.915382,5,2,1,33,14.84263469,9,26.42479662,0,0,1,Fully-Furnished,65.11333421
4008,1185.057724,2784.003389,5,2,3,38,5.338656786,4,39.94400794,1,0,1,Fully-Furnished,107.0359903
4009,1255.863079,2244.120669,5,3,1,33,13.39548188,10,23.80435869,0,0,0,Unfurnished,136.8230557
4010,1816.663413,2918.472693,5,1,2,12,12.69973297,,50.91879904,0,0,1,Fully-Furnished,149.5625351
4011,1511.315426,2273.403137,1,4,1,28,15.08352883,10,51.30805428,1,0,0,Semi-Furnished,124.1333705
4012,797.2184731,961.3392483,2,1,1,34,8.696224157,10,48.26253565,0,1,1,Semi-Furnished,85.23024584
4013,1007.503437,500,3,4,3,9,4.845657152,6,42.44430215,1,1,0,Fully-Furnished,95.39354469
4014,1599.340005,2119.047009,1,1,1,29,16.30718634,6,53.677604,0,1,1,Unfurnished,100.1025267
4015,1460.466329,1828.858827,3,3,2,25,6.661194128,6,59.76851911,0,0,1,Fully-Furnished,94.2069368
4016,1210.437945,1218.443408,5,4,3,34,4.745829709,4,60.40715142,0,0,1,Fully-Furnished,128.469023
4017,1259.583105,639.4982003,3,1,1,27,7.240853016,10,68.30011643,1,0,0,Semi-Furnished,76.98881296
4018,1848.083999,1412.205429,4,3,1,28,4.073237135,6,44.76361845,0,1,0,Semi-Furnished,103.5300778
4019,1241.153714,1844.406812,4,1,3,5,10.1045953,7,41.22027523,0,0,0,Unfurnished,81.21684127
4020,1455.954378,2532.702259,2,2,3,2,5.577326473,2,64.29197481,1,1,1,Semi-Furnished,158.5538602
4021,2584.968294,2150.904865,2,2,1,28,6.85006332,9,41.5688458,1,0,0,Unfurnished,160.7416658
4022,788.1586816,3286.453798,3,1,1,1,11.87111545,7,46.79646626,1,0,1,Fully-Furnished,126.608882
4023,574.0786342,1171.516755,1,3,3,21,10.49477284,3,41.78573409,1,1,0,Unfurnished,42.57708177
4024,1891.794832,2704.847114,1,1,3,26,8.06233829,10,75.47125352,1,0,0,Fully-Furnished,131.2742172
4025,1160.678469,2037.838995,5,3,2,21,8.683494115,10,58.77322056,1,0,0,Fully-Furnished,108.0379545
4026,1340.881236,2555.735299,1,4,2,9,8.049021723,7,32.98224087,1,1,1,Semi-Furnished,129.143379
4027,1109.421811,1650.788109,2,2,2,18,6.275379734,,49.97973639,0,1,0,Fully-Furnished,121.6984838
4028,1370.09993,2857.344299,1,4,3,23,7.989893357,10,56.07879873,0,1,1,Fully-Furnished,113.8728299
4029,2299.269056,2236.179807,5,3,3,26,9.963366502,5,33.155293,0,0,1,Unfurnished,123.6120223
4030,1901.064229,1456.444012,4,1,3,35,7.495351484,9,55.31458964,1,0,1,Semi-Furnished,94.43009744
4031,1931.111756,1990.380777,1,2,1,16,9.679070521,,47.73650534,0,1,1,Semi-Furnished,110.5600481
4032,791.8864721,1808.355313,1,3,3,9,4.653324886,7,31.62242689,1,1,0,Semi-Furnished,85.19039881
4033,924.4231317,2391.342681,2,3,1,16,5.584425395,4,29.79641492,0,0,1,Fully-Furnished,118.4743295
4034,400,1056.178601,3,2,3,9,5.062717987,2,70.53259564,0,0,1,Fully-Furnished,57.76368863
4035,1095.309589,1976.518638,4,1,3,9,5.739474513,4,37.41827218,1,0,0,Unfurnished,108.0734131
4036,1978.351593,2316.245802,3,2,1,37,13.14872419,9,65.12031345,0,0,1,Semi-Furnished,108.0276898
4037,1758.473258,2026.418646,5,1,3,16,10.90415517,3,59.85009604,1,0,1,Semi-Furnished,136.0778878
4038,1389.243369,,5,1,3,25,3.692307525,7,40.64938569,0,1,0,Fully-Furnished,142.823307
4039,1488.849858,2619.218219,3,3,3,25,9.749993186,4,57.48452785,1,0,1,Unfurnished,122.6850332
4040,1155.557229,1994.015363,2,1,2,33,6.437670749,3,54.9227169,1,0,0,Fully-Furnished,107.6578885
4041,1602.379441,2173.351278,2,1,3,3,5.270461658,5,63.59979708,1,1,1,Semi-Furnished,124.8386772
4042,1882.93914,2236.532441,2,2,1,26,2.057042137,2,52.62194967,1,1,1,Fully-Furnished,125.7654093
4043,692.0566063,2322.639683,4,2,1,20,11.88767478,10,45.02119189,0,0,0,Unfurnished,92.60475102
4044,1649.823844,539.4736035,5,1,1,35,2.544547401,4,69.85570899,1,0,1,Unfurnished,102.5337721
4045,1966.217435,,5,3,3,37,7.792147288,7,60.96463154,0,0,0,Fully-Furnished,87.5511894
4046,1292.449856,812.4487454,5,2,1,30,4.214755017,,40.35080732,0,1,1,Semi-Furnished,108.9034691
4047,1850.350306,3022.624758,4,4,2,6,11.10337579,10,47.35371835,0,0,0,Fully-Furnished,139.0249519
4048,2907.327222,1951.320384,5,3,1,33,6.662592695,6,69.49575881,1,0,1,Fully-Furnished,171.6398323
4049,1447.828604,1845.32724,3,2,3,17,7.462149378,5,72.48039435,1,0,0,Unfurnished,93.08335413
4050,1696.653525,2717.437866,1,2,2,23,7.597062948,3,47.32683006,1,1,1,Fully-Furnished,149.0454892
4051,1130.971458,,4,4,1,12,9.21028134,,57.3132758,1,0,1,Unfurnished,133.8588113
4052,1590.625581,1097.092388,1,1,2,12,8.052019056,10,55.41329352,0,0,0,Unfurnished,110.2133584
4053,1730.135812,1943.27571,3,2,1,24,7.826907244,7,33.4955276,1,0,1,Fully-Furnished,129.4595146
4054,1597.42117,1731.866421,2,4,3,4,5.926392099,3,57.64684371,1,0,1,Unfurnished,122.928621
4055,990.1523401,604.3736891,2,4,2,38,1.701082507,8,17.71541738,0,1,1,Fully-Furnished,66.5276374
4056,1603.180886,1447.779013,2,2,1,28,3.525796162,7,63.64581481,0,0,0,Semi-Furnished,96.42936511
4057,2231.097969,1853.167742,4,3,1,32,10.87391895,4,57.81246164,1,1,1,Semi-Furnished,150.8938628
4058,1724.317882,1908.039255,2,2,2,23,6.776722147,5,10,0,1,1,Unfurnished,135.7985788
4059,1980.993595,814.2148611,4,4,2,9,5.343960889,10,35.52733688,1,1,1,Semi-Furnished,133.9203646
4060,1381.494015,2921.332466,4,2,2,24,2.377087422,4,23.58016184,1,0,0,Semi-Furnished,172.5978202
4061,1874.95012,1918.317553,1,3,2,9,1.12141144,2,34.62053406,0,0,0,Fully-Furnished,137.001095
4062,1639.633919,2030.042461,2,1,1,38,5.187172479,9,52.00561361,1,0,0,Fully-Furnished,93.79097824
4063,1024.544635,2320.513311,5,1,1,15,11.55221142,1,76.13411576,0,1,1,Semi-Furnished,88.08688063
4064,1659.260502,1369.538997,2,2,1,27,5.771719226,8,57.75356426,0,0,1,Semi-Furnished,88.67848972
4065,1004.151668,2365.084779,2,2,3,11,9.601942101,4,44.30203985,0,1,1,Fully-Furnished,107.0244602
4066,1183.559863,1706.340283,2,4,2,31,5.587760682,9,60.76157241,1,1,0,Fully-Furnished,129.6391269
4067,1594.664154,1282.731567,5,3,1,28,10.55546678,3,59.29881282,1,1,0,Semi-Furnished,106.8383181
4068,1648.622137,2458.757995,5,4,2,26,6.592996793,7,71.6996413,1,0,1,Unfurnished,161.6511961
4069,905.3837675,3193.339087,4,4,2,25,3.072463018,3,62.56359426,0,0,0,Fully-Furnished,134.9125968
4070,2026.992886,2579.863499,5,1,1,2,6.924187728,10,50.08381703,1,1,1,Fully-Furnished,185.1456143
4071,1786.003139,2738.382052,4,4,2,25,15.33600167,7,27.40621089,1,1,0,Semi-Furnished,161.3298762
4072,1147.635782,1583.495515,1,4,2,38,15.15953726,2,70.24486684,0,1,0,Semi-Furnished,68.26239589
4073,731.2076018,,4,1,2,0,9.946133211,3,48.13822568,0,0,1,Unfurnished,77.34517102
4074,1427.54771,3192.110018,2,1,2,34,7.451764738,8,36.67056971,0,1,1,Fully-Furnished,105.9279294
4075,1277.028143,3643.611912,3,3,2,26,9.215607208,7,20.23584539,1,0,1,Semi-Furnished,147.7640515
4076,1556.570229,3234.245419,3,3,1,3,9.267409355,3,32.75692071,0,0,0,Semi-Furnished,133.0555987
4077,1318.441669,1731.371249,2,3,1,18,7.840452991,8,56.03552253,0,1,0,Unfurnished,133.0044375
4078,496.2715696,1076.292529,4,2,2,21,9.76377608,9,44.15869625,0,0,0,Unfurnished,63.95149119
4079,1305.826531,1147.453842,2,1,2,5,8.832907449,2,64.87664579,1,0,0,Fully-Furnished,67.92242032
4080,1347.190444,653.0139459,5,2,2,8,6.736110459,2,74.2930542,1,1,0,Semi-Furnished,71.71770598
4081,1816.830512,1914.097105,4,2,3,10,3.218972802,7,17.97714253,0,0,0,Semi-Furnished,153.3025093
4082,1150.900163,3284.542366,2,3,2,21,6.159763031,8,34.73317081,0,0,1,Fully-Furnished,131.3061052
4083,2339.337337,1886.669895,5,1,3,8,11.1980754,5,52.08007029,1,0,0,Unfurnished,133.2084541
4084,544.1797247,2241.85832,5,2,3,28,7.874151102,2,72.2045666,1,0,0,Fully-Furnished,84.92038052
4085,2155.583749,3100.477571,4,4,3,9,9.201147566,,37.43300988,1,0,0,Fully-Furnished,148.9157205
4086,1387.840515,,1,4,1,33,6.867937889,5,53.38217939,0,0,0,Fully-Furnished,68.18066092
4087,1929.792436,3628.425165,1,1,3,30,3.76160998,3,33.64457684,1,0,0,Unfurnished,163.2912469
4088,1539.900742,3593.675526,5,2,2,21,7.045481141,9,48.73838796,0,1,1,Unfurnished,156.4266635
4089,2069.777768,1895.110929,1,3,2,3,3.910176397,,52.06823204,1,1,0,Semi-Furnished,141.7396866
4090,1306.319018,1537.972589,5,2,1,1,3.654843306,9,45.12519954,1,0,1,Semi-Furnished,127.8408969
4091,950.6897874,2557.790437,1,4,1,4,12.82254644,2,74.56600098,0,0,1,Fully-Furnished,87.78194215
4092,2210.252144,,5,4,2,14,6.31965598,1,67.85373563,1,1,0,Semi-Furnished,129.1814979
4093,1443.259677,1074.755826,5,3,1,18,5.034061098,10,45.21239158,0,0,0,Unfurnished,90.56561681
4094,1610.779237,3024.990923,5,1,1,37,14.47183874,6,46.08885387,1,0,1,Semi-Furnished,136.975586
4095,2117.375957,2973.15791,5,2,3,14,11.25994014,6,61.95694981,0,0,0,Semi-Furnished,149.0979452
4096,984.022379,2124.409283,3,4,3,7,6.513963098,4,50.71390016,1,0,0,Unfurnished,101.320102
4097,1797.745449,989.708197,1,2,1,19,9.710545302,2,50.18955889,0,1,0,Semi-Furnished,99.89395158
4098,1205.052622,1016.378999,5,3,2,11,7.056846727,10,39.69463693,0,1,0,Unfurnished,95.89245389
4099,1433.915322,2085.783431,2,3,3,3,5.229281283,3,58.98208055,0,0,0,Semi-Furnished,126.8097521
4100,1536.139483,1600.103172,4,1,2,37,9.898764898,6,40.40298761,0,1,1,Semi-Furnished,90.19891954
4101,749.8890693,1727.125654,2,3,1,38,6.702792459,4,40.39825854,0,0,1,Fully-Furnished,79.21707016
4102,1110.581479,2817.570524,2,1,2,35,8.301992036,5,54.33727174,0,1,1,Semi-Furnished,93.61795829
4103,2175.536446,2586.543454,3,2,2,14,12.08545294,9,52.10742026,1,0,1,Fully-Furnished,171.4208001
4104,1943.095594,3102.514144,1,4,2,0,11.64485242,5,50.50697128,1,1,1,Semi-Furnished,179.479853
4105,1468.680211,1207.501421,3,4,2,30,5.799626833,10,22.77808527,0,0,0,Fully-Furnished,115.3263286
4106,1621.561729,1725.446745,1,1,1,8,9.944126409,8,53.57024883,0,0,0,Semi-Furnished,98.83472734
4107,1352.878747,2607.185356,5,4,1,22,3.488575015,2,19.89075806,1,1,0,Unfurnished,123.4502023
4108,2178.291693,2358.462673,3,1,3,25,9.801656645,6,65.33457548,0,1,1,Semi-Furnished,139.7936287
4109,1399.823711,3225.904306,4,1,3,39,8.593981223,6,41.69676052,1,0,0,Unfurnished,105.9339993
4110,1615.921046,2336.429365,1,2,3,38,9.515917449,5,52.38451608,1,1,0,Unfurnished,120.7394568
4111,2073.015072,3478.487283,3,2,3,17,6.810220981,6,41.28551887,0,1,1,Fully-Furnished,160.4630528
4112,1111.314258,2432.014241,4,3,2,32,16.33628509,5,54.61680655,0,0,1,Unfurnished,96.34169747
4113,2279.394592,,2,1,3,38,4.39480117,2,31.92439539,0,1,1,Unfurnished,146.143708
4114,734.7692951,1741.188043,5,2,3,13,11.88620684,5,77.76536339,0,0,0,Fully-Furnished,103.4828287
4115,2314.821066,2011.42977,5,1,2,0,3.873206721,1,39.7001257,1,1,1,Semi-Furnished,158.1255563
4116,1313.662208,2728.755523,2,1,1,12,10.0173767,3,63.14083072,1,0,1,Semi-Furnished,137.4950309
4117,1378.650626,3290.382536,3,1,3,14,10.30315991,7,33.27976211,0,0,1,Unfurnished,143.3846507
4118,554.9949144,2583.389559,2,2,1,36,8.219903486,4,44.11071117,0,1,0,Fully-Furnished,91.73929206
4119,1272.602641,1933.462582,4,1,3,4,6.018702358,8,38.74978635,1,0,1,Semi-Furnished,116.4343021
4120,980.0967345,,1,1,1,13,8.564539563,3,41.04209577,0,0,1,Fully-Furnished,85.48856569
4121,1196.176827,500,3,3,3,13,9.068041334,7,56.34643136,1,1,1,Fully-Furnished,101.0505734
4122,1431.344517,862.2123988,1,1,1,4,15.15974595,2,57.01115478,0,0,1,Unfurnished,59.24333721
4123,1978.895807,2545.307379,2,3,1,10,4.510638859,8,56.11432393,1,1,1,Fully-Furnished,129.0769407
4124,1603.801676,2011.286685,5,1,3,31,5.776346015,3,36.91600966,1,1,1,Unfurnished,116.8025502
4125,1653.838327,2484.410921,1,3,1,4,9.138942228,6,51.94455401,1,0,0,Fully-Furnished,98.93642197
4126,952.2403056,2051.526018,1,2,3,35,6.975784838,2,37.30357615,1,1,0,Unfurnished,100.934587
4127,1059.622955,2456.756556,5,2,3,14,7.599835849,,71.9951686,0,1,1,Semi-Furnished,104.8053471
4128,2399.362509,1348.477743,1,4,2,6,12.28140734,4,36.117338,0,0,0,Fully-Furnished,99.23766765
4129,1132.399483,2456.388869,1,1,3,4,0.5,6,42.91976321,1,1,0,Unfurnished,114.8815733
4130,2328.104126,2795.531623,5,4,3,29,5.60820262,2,50.87092935,1,0,0,Semi-Furnished,160.3554253
4131,1378.469401,2976.440483,5,4,3,14,1.030523095,3,34.6792961,1,1,1,Unfurnished,148.7135575
4132,1501.143968,3610.843436,2,3,3,29,3.216734252,3,59.50440947,0,0,1,Unfurnished,145.9390841
4133,2035.18258,2195.278755,2,2,2,13,17.61849797,4,66.71126768,0,1,0,Unfurnished,122.9253631
4134,2135.946211,2219.128869,1,1,2,23,10.39267254,1,36.75196468,0,0,0,Unfurnished,112.7514287
4135,1444.59372,781.4620287,3,1,2,23,11.8062597,6,39.81961009,0,0,0,Unfurnished,66.77854636
4136,1305.878473,1574.870879,2,3,2,34,7.677881401,6,67.9100304,0,1,0,Fully-Furnished,96.19367557
4137,1472.039776,1845.534341,2,4,1,4,11.0348553,4,52.17071629,1,0,1,Semi-Furnished,80.16855853
4138,1668.978764,2840.255642,3,3,3,11,0.93374197,8,46.69350747,0,0,0,Semi-Furnished,141.1496879
4139,1945.651843,1511.199101,3,4,2,19,12.15319365,5,38.56811221,0,0,1,Semi-Furnished,136.88802
4140,1502.114929,2637.072016,5,1,3,4,4.720623526,10,44.46339531,0,1,0,Fully-Furnished,132.8638872
4141,1809.443149,1998.702626,2,3,2,35,5.874736723,4,47.80309276,0,0,1,Unfurnished,118.6292506
4142,2319.179866,,4,4,3,20,10.02060428,7,59.59252196,1,1,1,Fully-Furnished,127.5001632
4143,1690.654806,,4,3,1,38,9.265787034,10,49.95905439,1,1,1,Unfurnished,142.1451553
4144,1655.826428,1687.074902,1,2,2,2,8.338480194,10,36.34748279,1,1,1,Fully-Furnished,129.777442
4145,740.5445875,1656.770202,2,3,1,28,2.547615386,8,42.15747062,0,0,1,Semi-Furnished,86.99877213
4146,400,636.1712754,4,1,1,24,8.399254675,2,33.22935047,1,1,1,Fully-Furnished,59.86216301
4147,1694.187865,1801.636634,2,3,3,26,11.84224541,1,48.01327571,1,0,1,Unfurnished,110.9140474
4148,1452.587884,1616.025483,2,1,2,35,5.870051616,6,83.81280422,0,1,0,Semi-Furnished,81.6345708
4149,1242.608663,1587.215209,4,1,1,21,13.25974818,2,87.15564242,1,1,1,Semi-Furnished,91.23475992
4150,1621.765102,2333.49845,2,3,3,37,4.509232256,8,54.9090764,0,1,0,Unfurnished,100.4945699
4151,1469.798135,2526.905562,3,3,3,34,8.026191567,5,25.20814869,1,0,0,Unfurnished,108.6820354
4152,2063.890125,2185.755604,1,3,3,0,14.14131093,2,63.89117037,0,1,0,Fully-Furnished,128.7071483
4153,1543.055434,2796.332152,5,2,1,2,5.274400349,5,60.0088975,1,0,0,Unfurnished,132.1146274
4154,1126.538357,2460.449541,4,2,3,23,12.21594193,2,90.30565638,1,0,0,Unfurnished,97.03968194
4155,1995.083119,1763.955048,5,4,3,7,15.89860945,6,51.11877849,0,1,0,Unfurnished,140.3091495
4156,1391.434463,1629.714971,1,3,3,38,8.684176276,8,43.62272592,1,1,0,Semi-Furnished,109.3072168
4157,1763.268342,2250.257789,3,4,1,17,5.89193205,2,35.02272837,0,1,1,Unfurnished,143.2089622
4158,1261.294647,2459.013688,3,4,3,2,4.909044788,6,62.33641246,1,0,0,Semi-Furnished,97.62326374
4159,1175.086557,3118.275446,3,1,1,17,13.21841081,6,47.18203925,0,0,0,Semi-Furnished,84.72324822
4160,1542.084115,2952.938436,3,4,3,15,13.1067768,1,46.15811553,1,0,0,Semi-Furnished,148.2264159
4161,1506.414322,1566.821595,4,3,1,31,13.79723649,,42.45031088,1,1,0,Unfurnished,120.0804932
4162,1739.913518,1918.394976,4,2,1,0,7.868646597,,83.00115888,1,0,0,Unfurnished,118.9640464
4163,1365.677123,2536.814244,2,4,2,25,12.15122777,4,43.81594021,0,0,0,Semi-Furnished,110.472984
4164,581.8201081,2854.398222,2,4,2,11,7.804642435,7,60.50671907,0,0,1,Fully-Furnished,100.1960435
4165,1283.613058,2751.175575,1,2,2,37,4.467779514,4,56.93354388,0,0,0,Fully-Furnished,105.4142471
4166,1896.909234,1948.897734,2,4,1,20,12.49670714,8,16.65435229,1,1,0,Fully-Furnished,115.174476
4167,1351.31196,996.7818781,1,3,3,12,14.53548111,10,83.19868786,0,1,0,Unfurnished,94.72937164
4168,1376.808299,1200.850899,1,4,3,11,3.917592109,2,22.20786617,0,1,0,Semi-Furnished,100.5877608
4169,1993.188253,2218.106811,1,1,1,12,3.842276148,2,36.48385205,1,0,0,Unfurnished,132.7343915
4170,1144.013386,2273.780464,3,4,3,17,8.159927737,3,42.38037384,0,0,1,Semi-Furnished,146.352858
4171,728.5983909,1121.056501,5,1,1,18,11.82451442,4,39.12146399,0,1,0,Fully-Furnished,71.99379721
4172,1419.68444,2035.655689,5,2,3,18,3.464723225,6,46.56466019,0,1,0,Unfurnished,93.42666427
4173,1257.913024,2504.979486,4,2,1,5,8.908062948,,38.41973585,1,0,1,Fully-Furnished,127.5271088
4174,1016.87684,1079.018674,1,4,2,6,5.638292184,10,70.3495397,0,0,0,Semi-Furnished,90.12683047
4175,1412.310772,2883.997761,3,4,2,6,10.8033164,10,58.86337094,0,0,1,Fully-Furnished,101.8547954
4176,1745.752824,1697.975081,2,2,3,27,4.808452714,7,40.68913331,0,1,1,Semi-Furnished,111.4554874
4177,1495.355719,3006.09049,2,1,3,27,11.087212,6,37.45019984,1,0,1,Unfurnished,133.4312911
4178,1653.490536,1573.238043,4,2,3,18,7.367140757,4,41.52604536,0,0,0,Unfurnished,121.3584799
4179,2406.703849,1178.699614,4,2,3,15,4.251437905,10,36.4218439,1,1,0,Fully-Furnished,166.3892105
4180,1328.560569,1633.490408,1,1,2,16,8.254759822,,32.01577255,0,0,1,Unfurnished,126.5838609
4181,1639.174317,1923.881502,1,2,2,21,0.5,7,64.03124706,1,0,1,Semi-Furnished,118.8883425
4182,1245.393319,1689.216075,2,4,1,18,5.763621712,1,44.14762913,0,1,0,Semi-Furnished,81.44146436
4183,1076.82014,1827.198863,2,4,3,28,9.349604281,8,55.92650493,0,0,0,Fully-Furnished,68.34279998
4184,1207.546173,2267.17212,2,2,2,18,0.912980884,4,50.97553179,1,0,1,Semi-Furnished,116.2625546
4185,1260.620714,1863.056504,2,4,1,34,0.5,7,71.74371997,1,0,1,Unfurnished,101.7436647
4186,1679.737899,1947.110085,5,3,1,24,0.5,2,63.42990633,0,1,0,Fully-Furnished,106.6089349
4187,2674.537893,632.6188806,1,2,1,19,13.30851422,3,55.42592884,0,1,1,Fully-Furnished,92.65598655
4188,1141.978282,2313.358413,1,3,2,36,7.692963949,1,84.43026167,0,0,1,Unfurnished,79.02225318
4189,1291.687347,1928.637362,2,2,1,18,5.870138424,2,39.42279561,0,0,1,Unfurnished,86.6140549
4190,1468.438493,3288.234384,3,2,3,12,11.78061894,5,47.18417491,0,0,1,Unfurnished,119.4226974
4191,1697.899424,1248.347866,2,3,1,11,6.38220127,2,59.79683549,0,1,1,Fully-Furnished,136.1911064
4192,1631.775406,553.3637372,4,2,1,14,9.073847599,6,62.66497782,1,0,0,Fully-Furnished,91.53840228
4193,2142.047897,2494.454795,3,4,2,3,8.103021404,6,36.8193894,1,1,0,Semi-Furnished,155.6648096
4194,400,2277.221615,4,3,1,14,6.116002317,6,49.49128062,1,0,0,Fully-Furnished,105.8611734
4195,400,1193.253584,3,2,2,16,9.176583536,3,50.33315442,1,1,0,Fully-Furnished,62.91593525
4196,1252.060914,776.200836,4,4,2,26,11.09304489,3,84.95869519,0,1,1,Semi-Furnished,92.53243706
4197,2048.650094,3229.917385,2,3,3,10,7.260373532,10,59.93505573,1,0,0,Fully-Furnished,167.7294083
4198,717.1759842,3131.288312,2,3,1,22,6.157777707,7,66.21110668,1,1,1,Semi-Furnished,103.8857177
4199,400,500,3,4,3,14,6.629950368,4,44.17245923,1,0,0,Semi-Furnished,64.23375507
4200,1785.589703,1633.421577,4,2,3,30,0.5,6,38.74310274,1,1,1,Semi-Furnished,113.5336165
4201,1621.828612,3331.353644,5,2,1,25,9.132238186,,43.64368475,0,0,1,Unfurnished,122.0865586
4202,954.8957966,1619.149954,3,3,1,6,3.163554844,3,58.21773534,1,1,0,Unfurnished,91.37915826
4203,1007.2302,1607.510213,3,1,2,12,10.5188749,9,72.12810567,1,1,1,Fully-Furnished,108.7460517
4204,1015.12814,1773.792538,1,2,1,12,7.638303597,9,28.66301032,0,1,1,Semi-Furnished,89.95839933
4205,1555.267659,1103.282421,3,2,2,19,8.420484386,3,79.71351122,0,1,0,Unfurnished,91.59475213
4206,1186.842362,636.1794046,5,4,3,33,10.80131668,6,63.29520971,1,0,0,Semi-Furnished,76.66737433
4207,1747.031959,2842.037849,2,1,3,9,4.293904935,5,65.01563759,1,1,1,Semi-Furnished,141.2029421
4208,400,525.650475,4,1,2,36,9.476993773,4,64.01259362,1,1,0,Unfurnished,60.58331662
4209,1071.574067,2197.817162,1,3,1,26,9.07048421,,43.90738336,0,1,1,Semi-Furnished,130.2634726
4210,936.9730195,2709.263594,4,4,1,33,7.260876669,10,48.08307891,1,1,0,Fully-Furnished,93.42467947
4211,1371.829661,,2,4,2,35,4.287255197,9,60.20685151,0,1,1,Fully-Furnished,108.8600073
4212,1230.976121,1260.585278,3,2,3,15,10.38095346,9,46.25186298,0,0,0,Fully-Furnished,121.7751257
4213,1898.92189,2970.543351,5,3,2,20,10.81381818,5,53.511451,1,0,0,Fully-Furnished,152.5323705
4214,570.3316142,2426.313376,1,2,1,15,8.454408104,5,40.04432121,1,0,0,Unfurnished,94.55678606
4215,1522.745738,1506.171434,5,1,1,16,3.718790337,3,61.59237332,0,1,1,Unfurnished,85.07964802
4216,1779.168212,2961.799203,5,4,2,14,5.890203868,9,47.88709972,0,0,0,Fully-Furnished,166.7749753
4217,2428.323718,2965.228579,5,3,1,12,7.75866911,1,43.92825571,0,0,0,Unfurnished,175.93308
4218,1259.117014,2215.242154,5,2,3,32,10.7539782,3,37.61599653,0,1,1,Fully-Furnished,118.2942464
4219,1662.229302,1279.871818,2,2,2,4,1.666042396,7,40.02421649,0,0,0,Unfurnished,127.6869508
4220,598.0686037,1669.241037,5,1,3,26,5.744786143,7,30.19499878,0,1,1,Unfurnished,112.3655041
4221,400,2229.109395,5,4,3,0,6.38930976,5,56.34701053,1,0,0,Semi-Furnished,116.6308675
4222,1922.387188,1849.124137,2,1,2,29,7.667113682,6,41.02825497,1,0,0,Fully-Furnished,122.9302856
4223,1497.219853,2751.165743,4,2,2,22,2.794698864,4,49.36404898,1,0,0,Semi-Furnished,100.3520865
4224,2089.256345,776.1807359,2,4,1,14,7.129868887,8,68.22723804,1,0,1,Fully-Furnished,160.7744538
4225,813.2985555,804.5891767,3,4,1,35,6.758065743,4,48.20210686,0,1,0,Unfurnished,83.16137934
4226,1759.95107,2144.696889,2,1,2,18,3.849632514,10,47.63450437,0,0,1,Fully-Furnished,142.7078046
4227,2434.40892,1606.764469,4,4,2,29,7.528129663,6,49.23936254,1,1,0,Semi-Furnished,148.7686376
4228,1709.852804,1498.361108,3,1,1,15,5.835323613,5,54.389834,1,1,0,Semi-Furnished,82.62171541
4229,1638.290753,585.5546247,3,4,1,17,9.98234457,10,42.98441145,1,0,1,Unfurnished,75.54127333
4230,1504.27804,2015.636676,1,4,1,25,4.458689756,6,62.78080004,1,1,1,Semi-Furnished,130.171347
4231,714.5592714,1957.795914,5,3,2,16,8.359336489,3,51.95108759,1,1,0,Unfurnished,97.20304629
4232,2177.786468,2522.783186,3,4,2,10,4.766444651,,41.85684123,0,1,1,Unfurnished,169.147237
4233,1194.57118,2055.124906,3,2,1,28,5.600983047,10,44.85458381,0,1,1,Unfurnished,109.6638394
4234,1752.241628,1893.916737,4,3,3,8,9.189166511,7,67.14475092,1,0,0,Unfurnished,120.8424978
4235,718.4828467,2941.600509,3,1,3,16,8.938870931,1,40.13862141,1,1,1,Unfurnished,105.1068961
4236,910.2701677,950.0261572,4,2,1,26,6.33191127,1,56.29984778,1,1,1,Semi-Furnished,75.17767769
4237,2217.5437,2429.111375,5,1,2,36,6.922357527,1,57.169423,1,0,0,Semi-Furnished,108.1928848
4238,1326.348856,663.0822682,1,1,2,21,2.18557422,6,33.87435953,1,1,0,Semi-Furnished,71.56441996
4239,2226.637738,1329.310496,1,2,3,7,13.61105724,4,28.29993878,1,1,1,Semi-Furnished,138.7284676
4240,1460.88467,1029.874294,5,1,1,2,10.74982559,6,45.15634147,1,1,1,Unfurnished,122.9084013
4241,579.0511135,2625.554028,5,3,3,37,10.6057922,1,62.08253869,1,1,1,Fully-Furnished,52.47455372
4242,1946.0338,1947.671813,2,2,3,34,1.619871132,,27.93925852,0,0,0,Fully-Furnished,112.9029301
4243,1205.053841,1989.197404,3,1,1,31,5.61804003,4,36.91285297,1,0,1,Fully-Furnished,95.92877133
4244,1849.344407,1114.61361,3,1,3,7,6.661815884,2,60.08756331,1,0,0,Fully-Furnished,112.196937
4245,1512.605434,1760.245203,3,4,2,26,0.5,1,33.97075152,1,1,0,Semi-Furnished,124.8451641
4246,728.440886,1389.227757,4,4,3,31,11.55980038,8,65.34381729,0,0,1,Unfurnished,94.35219678
4247,1582.147383,2306.764012,2,1,1,35,13.81553795,6,89.76396395,1,0,1,Semi-Furnished,92.163991
4248,2598.111571,1207.127092,3,2,2,33,16.24773982,4,37.76834351,0,1,1,Semi-Furnished,112.6792068
4249,1746.493229,3063.835492,4,3,2,24,3.81646469,2,72.08866364,1,1,1,Semi-Furnished,119.8380589
4250,1471.241123,659.5356403,4,1,3,30,8.469293987,5,54.91872908,0,1,1,Unfurnished,88.79536492
4251,2037.671701,1354.784134,1,1,2,12,13.29127308,9,38.12143886,0,1,0,Semi-Furnished,88.97418697
4252,1605.334233,3341.760408,4,1,1,14,6.985526084,7,73.88937913,1,1,1,Unfurnished,136.1268474
4253,1604.767115,1651.889002,5,4,3,12,5.732048345,,56.10155907,1,0,1,Fully-Furnished,109.4075019
4254,954.1874139,948.0970685,4,2,2,32,0.535929306,5,67.85181956,1,1,0,Semi-Furnished,106.1901602
4255,1616.924013,2175.25725,5,1,1,30,12.53048983,8,85.18514434,0,1,0,Unfurnished,85.42599878
4256,2017.721708,1619.686206,5,4,3,24,7.922956976,5,48.38707165,0,1,0,Semi-Furnished,116.5127496
4257,1081.968924,1331.303796,1,1,1,39,5.082632564,6,58.28955778,1,0,0,Fully-Furnished,78.69820157
4258,2212.247911,1123.303351,1,1,2,22,9.135429159,10,33.26942267,0,1,0,Unfurnished,134.0115073
4259,1454.146988,4214.698885,4,2,3,37,8.612021493,6,43.02239975,1,0,1,Fully-Furnished,133.6835949
4260,1056.115244,1798.75848,1,4,3,2,8.673036409,8,48.77803242,0,0,0,Fully-Furnished,125.7201097
4261,1998.816038,500,1,3,2,15,7.131607751,5,53.17406414,1,1,0,Unfurnished,102.8313347
4262,1356.602882,3194.967807,3,2,1,1,14.48943264,1,18.06784241,1,0,0,Semi-Furnished,135.8452173
4263,1879.757444,2488.856724,4,3,2,22,7.465361067,4,73.22996539,0,1,1,Unfurnished,136.4341403
4264,1354.120684,1386.826855,4,4,3,33,14.47728831,3,59.51148223,0,0,0,Fully-Furnished,60.79924601
4265,1470.086928,1253.504729,4,4,3,29,10.25646771,2,57.7503068,0,1,1,Unfurnished,88.46581479
4266,1746.780102,2538.778237,1,3,2,9,9.404680571,7,80.73010151,0,1,1,Semi-Furnished,131.2321936
4267,1645.448529,1802.465338,1,4,1,0,7.546900987,7,74.31637148,0,1,1,Unfurnished,143.3627568
4268,502.2341098,500,5,2,2,21,11.89582677,8,47.72961963,1,0,1,Fully-Furnished,79.92050764
4269,939.37813,,2,1,1,32,8.45196707,10,41.45503134,1,0,1,Semi-Furnished,135.5304658
4270,1964.704992,1652.80763,2,3,1,24,4.27147514,5,59.34442957,0,0,0,Semi-Furnished,100.6949434
4271,1433.931706,3196.457389,2,1,3,21,4.138031236,1,73.27342454,0,0,1,Unfurnished,93.67926496
4272,1238.134349,3022.747966,3,3,1,15,9.689938488,6,47.77053817,0,1,1,Unfurnished,136.7649422
4273,820.7129924,1199.192364,1,1,3,29,4.370484459,6,63.33996041,1,0,0,Unfurnished,77.29748615
4274,960.1318394,2826.551891,5,1,1,17,7.751075772,8,75.59524398,1,0,0,Fully-Furnished,106.2435701
4275,489.10068,1478.84596,5,2,1,23,12.22873815,10,64.82344377,1,0,1,Semi-Furnished,76.43648053
4276,1449.359641,506.6395306,2,1,3,4,9.215880712,2,26.07570714,1,0,0,Semi-Furnished,78.10118694
4277,1200.78121,1660.321467,3,3,1,36,5.111460519,9,32.07840403,1,0,1,Semi-Furnished,95.55121593
4278,1016.706055,2318.110001,3,1,2,22,13.63995005,6,79.74547912,1,0,0,Semi-Furnished,91.09339743
4279,1465.938287,1629.810682,2,4,1,26,10.19150095,1,51.64706473,1,0,1,Semi-Furnished,107.7134667
4280,1681.985315,1754.361327,2,1,3,11,12.07117195,9,54.95125773,0,0,1,Fully-Furnished,133.2218311
4281,2546.598966,2914.852836,1,1,3,9,0.5,8,58.52128503,1,0,1,Semi-Furnished,174.8048904
4282,744.0582902,2085.195184,3,4,2,33,9.323411513,10,71.47940823,1,1,0,Unfurnished,102.6444102
4283,2079.690522,1325.361351,5,4,1,32,11.36863135,1,38.25703471,1,1,0,Fully-Furnished,90.28434254
4284,1986.550781,2561.624259,2,3,2,15,14.80115457,8,43.80869912,1,1,0,Fully-Furnished,138.5022527
4285,1110.45363,2158.140454,1,4,1,28,2.144725663,7,34.91952204,0,0,0,Semi-Furnished,110.1526471
4286,1601.617977,500,5,4,2,17,12.82445836,5,19.03974091,0,1,1,Unfurnished,95.0622682
4287,1271.183375,2342.682331,3,3,3,26,14.57752114,6,56.15059317,0,1,0,Unfurnished,122.9039658
4288,1592.84429,2313.462966,2,3,3,6,0.5,4,37.0125008,0,1,0,Semi-Furnished,121.8840535
4289,2254.565507,,2,1,2,35,9.914364439,9,64.43827117,1,1,1,Fully-Furnished,138.3481833
4290,1802.803116,2713.360465,1,2,1,26,10.47048326,9,40.89985573,0,1,1,Semi-Furnished,133.3854882
4291,1754.304187,1462.085133,1,3,1,9,6.691969349,10,29.80009416,1,1,0,Fully-Furnished,113.339953
4292,1284.84534,2269.199831,3,4,3,9,6.03962216,1,65.81355954,0,1,1,Semi-Furnished,119.1895904
4293,757.9716675,746.4325031,2,1,1,10,10.67141565,9,57.84334882,0,0,0,Unfurnished,64.36670261
4294,1395.765895,2325.672307,1,4,2,29,5.540072986,3,47.51685842,0,0,0,Semi-Furnished,102.1505416
4295,2103.304077,3562.447756,2,3,2,2,7.131002686,2,48.35845115,1,0,0,Unfurnished,132.0439802
4296,736.4160717,1204.114918,3,2,1,28,11.2497396,4,59.01160892,0,1,1,Semi-Furnished,76.79925598
4297,972.4553159,1392.158294,2,1,3,13,15.0161722,4,75.52442013,0,0,1,Unfurnished,88.32974048
4298,1563.133868,,5,3,3,12,10.15193709,9,56.02573066,0,0,1,Unfurnished,133.672708
4299,1007.672608,2103.998581,2,3,3,18,8.533937982,4,57.04732772,1,1,1,Unfurnished,120.8351589
4300,1103.738276,1149.570982,4,4,3,24,5.934410061,5,43.14469498,1,1,1,Unfurnished,94.35896543
4301,1288.200709,2336.997903,4,2,3,9,3.957599837,6,46.45626128,1,1,0,Unfurnished,139.2437496
4302,817.1912979,2677.471956,3,3,2,14,12.43831297,4,10,1,1,0,Semi-Furnished,86.26893424
4303,1012.939077,2427.477771,3,4,1,27,7.386200595,1,35.85193056,1,0,1,Semi-Furnished,102.2363706
4304,1851.713958,585.2676595,3,1,2,39,12.6028131,2,34.02374178,0,0,0,Semi-Furnished,53.73083418
4305,846.3151089,2796.134132,5,4,3,37,6.681792488,3,33.62094267,1,1,0,Fully-Furnished,126.8465914
4306,701.0639328,2749.893931,5,1,3,6,5.402845355,4,44.27151345,0,1,1,Unfurnished,120.7426043
4307,1184.98751,2664.129098,2,4,1,13,9.683195555,5,45.86364945,1,1,1,Fully-Furnished,96.70497818
4308,1865.977751,2298.273799,1,2,1,29,7.693856243,10,34.02328588,0,0,1,Unfurnished,119.57654
4309,1401.539096,2176.151451,4,4,1,39,3.177885582,10,68.87814728,1,1,0,Unfurnished,100.1359525
4310,1267.709461,2825.911519,4,2,2,11,15.26947332,,58.98488419,0,0,1,Semi-Furnished,101.6778591
4311,1522.179399,,4,2,1,27,5.492064905,1,53.09467671,1,1,0,Fully-Furnished,125.231717
4312,627.1462836,1237.567629,2,1,2,13,11.71036608,8,59.68308849,1,0,1,Unfurnished,87.75005013
4313,1747.352827,2862.500317,2,4,3,0,11.36742652,8,24.21147015,1,0,1,Semi-Furnished,168.218778
4314,1691.717516,1931.026322,3,4,2,3,2.96214894,4,23.7870081,0,1,1,Fully-Furnished,121.6305569
4315,1295.345763,1896.261558,1,4,1,17,3.990449422,7,68.27311468,1,1,1,Fully-Furnished,115.9714902
4316,2002.962256,770.7754477,3,2,2,35,6.793962641,4,85.72730656,0,1,1,Unfurnished,95.26247517
4317,936.2519505,1772.168472,2,3,2,31,4.537413822,3,50.81756326,0,0,0,Unfurnished,60.07009234
4318,2063.954497,1202.188034,5,4,2,27,14.90582549,7,83.7567065,1,0,0,Semi-Furnished,106.708024
4319,1577.246833,1628.916456,3,4,1,27,7.199297453,6,50.01755526,0,1,1,Fully-Furnished,129.1925273
4320,1331.723705,1121.450893,2,3,2,37,11.55899617,1,39.37048001,1,1,1,Fully-Furnished,70.11160962
4321,1490.063182,1640.87329,2,1,1,31,10.05454956,9,64.70392205,0,0,0,Unfurnished,98.79812288
4322,1446.367617,1675.111714,5,4,2,7,9.056089796,2,17.73904551,1,1,1,Semi-Furnished,109.5090153
4323,2110.141448,2077.403935,5,3,2,24,8.161284843,,41.18929859,0,1,1,Fully-Furnished,163.5939273
4324,961.6604363,708.2001102,5,4,2,19,12.94852283,5,37.58613728,0,0,0,Unfurnished,74.68656219
4325,1118.74038,843.5854818,1,2,1,32,4.699628107,3,32.00329648,1,0,0,Fully-Furnished,58.06145267
4326,2018.151446,2289.531417,2,3,1,29,14.90534124,3,42.52344415,1,0,0,Fully-Furnished,120.4376429
4327,1202.232532,1362.049506,5,2,1,36,2.851107278,8,54.3568012,0,0,0,Fully-Furnished,127.1514526
4328,1950.266539,2859.623832,1,3,3,15,11.1260469,4,69.67198894,0,0,0,Semi-Furnished,143.6932982
4329,2349.717992,2180.215778,4,1,1,24,2.37934456,10,65.62303956,1,1,1,Semi-Furnished,158.3976086
4330,1299.102487,2485.40972,4,2,2,37,6.737177791,2,26.09454768,0,0,0,Semi-Furnished,116.7810143
4331,1840.681163,3128.553856,4,4,3,9,8.373239752,5,84.34827445,0,0,0,Semi-Furnished,174.7993507
4332,923.1538593,1752.231351,2,3,1,4,6.053218605,2,68.69526953,0,1,0,Fully-Furnished,85.15053236
4333,1877.366649,1540.410636,1,4,1,7,7.273321722,10,50.60735889,0,1,0,Semi-Furnished,129.6803797
4334,1599.711993,2697.362068,1,1,3,32,2.452118208,8,70.1816423,0,0,0,Unfurnished,100.1667513
4335,1736.519141,2407.610851,4,3,3,36,4.050198125,3,36.18049004,1,0,1,Unfurnished,125.0863733
4336,1177.213964,1850.135752,3,1,1,0,9.993058829,2,62.66904133,0,0,1,Unfurnished,91.26205949
4337,669.4582922,3113.166374,4,3,3,30,8.1186873,3,20.98114503,1,0,0,Unfurnished,97.75517495
4338,1751.626032,1830.204552,2,2,2,6,5.237887897,3,45.39169329,0,1,1,Unfurnished,144.0144644
4339,468.2984238,2026.21891,4,4,2,22,13.29711105,1,70.46320556,1,1,1,Unfurnished,59.00117601
4340,1341.324754,,4,2,2,23,3.1202764,3,43.12697964,1,0,1,Fully-Furnished,115.8433566
4341,1970.590933,1252.324884,1,2,1,13,6.553638137,3,43.78504703,1,1,1,Semi-Furnished,119.4599894
4342,1595.948868,2062.068312,4,2,2,22,5.977374887,4,40.93905164,0,1,1,Unfurnished,116.3391326
4343,2474.171322,3117.408142,5,2,3,8,10.46015051,8,47.04166476,0,0,0,Unfurnished,177.4787332
4344,2012.554576,2355.974652,5,3,2,7,8.192654765,9,34.82332437,1,1,1,Semi-Furnished,176.7123178
4345,1173.050806,2024.850741,3,4,3,7,7.567339014,1,73.72949713,0,0,0,Semi-Furnished,99.73126613
4346,1513.65669,1870.586175,2,3,2,2,0.623133185,1,32.01330326,1,1,0,Fully-Furnished,130.5141623
4347,1476.314649,2264.693623,2,3,3,31,11.46013792,6,54.85867355,1,0,1,Unfurnished,111.4590581
4348,708.9116183,2599.813303,1,3,2,3,7.128696741,1,62.68378403,0,0,0,Unfurnished,99.15525691
4349,1029.800542,2487.391065,2,2,2,37,8.46264407,5,38.96263228,0,0,0,Unfurnished,109.9777447
4350,1219.619547,1734.508111,3,1,2,1,5.00574712,1,28.15731359,0,1,1,Fully-Furnished,126.6815346
4351,481.8897486,2259.825275,5,2,3,8,4.376684949,8,41.32983032,0,1,0,Semi-Furnished,142.2680709
4352,1523.746734,2383.951793,1,3,3,0,13.99715103,5,44.06306221,1,1,1,Fully-Furnished,143.6360373
4353,1375.464078,1194.24401,5,2,2,10,0.907045687,6,63.78295855,1,0,1,Fully-Furnished,90.50680115
4354,663.5530493,2134.584433,3,4,3,28,3.783203889,4,47.78213597,0,1,0,Unfurnished,105.2910856
4355,1702.106433,500,1,4,3,25,13.92196861,8,50.03757798,1,1,1,Semi-Furnished,91.64264772
4356,1857.936372,2386.026968,4,2,1,26,10.56298552,9,28.9209957,0,0,1,Unfurnished,150.039411
4357,1613.517239,2528.274444,2,2,2,37,6.698149873,9,47.09278178,1,0,1,Fully-Furnished,119.7149237
4358,1337.965912,2598.036901,3,1,3,28,12.98638526,1,71.54716103,0,0,1,Fully-Furnished,74.5484413
4359,1795.721076,1683.962518,1,2,3,32,9.787440466,7,66.44353845,0,1,1,Semi-Furnished,115.303174
4360,1840.11018,2247.237468,5,2,3,27,8.930640368,4,42.45483261,1,0,1,Semi-Furnished,126.5036104
4361,1653.701785,3139.163076,1,1,3,30,8.902248068,10,62.45241576,0,0,1,Semi-Furnished,132.4507054
4362,1087.693875,3131.015719,4,2,1,18,9.860952869,8,47.89854304,1,1,0,Unfurnished,128.555359
4363,1638.300383,,3,2,3,25,10.02277001,7,57.5630219,1,1,1,Fully-Furnished,129.5621164
4364,2097.740325,2111.455705,1,2,3,28,16.78389221,1,45.58186733,1,1,1,Semi-Furnished,123.3314854
4365,1201.685471,2888.728916,3,2,1,10,7.220428753,1,35.50060542,0,0,1,Semi-Furnished,127.760039
4366,2548.96967,799.3583878,3,2,2,31,7.343811247,1,34.73555637,1,0,0,Semi-Furnished,116.3317837
4367,1237.184533,1741.539406,5,3,2,20,3.05242725,2,57.90401779,1,1,0,Unfurnished,108.2937773
4368,1516.203507,3068.456364,2,2,1,37,7.792410453,10,10.30172896,0,0,1,Unfurnished,123.1443973
4369,1163.757202,2780.160433,4,1,2,33,15.4515476,2,65.96622785,0,0,1,Unfurnished,84.53704941
4370,1611.635418,2295.411022,1,2,2,39,11.93794001,9,46.39475319,0,1,1,Unfurnished,107.5080205
4371,628.8891537,795.3340757,2,3,1,21,5.825329024,5,40.36292246,1,1,0,Semi-Furnished,87.07419741
4372,1226.979101,1960.071814,5,1,3,26,8.120165458,1,64.9809321,1,0,0,Fully-Furnished,111.3806005
4373,953.9393998,1528.067683,2,1,1,7,2.814246498,7,10,1,1,1,Fully-Furnished,124.6051988
4374,1567.669174,2264.831122,3,2,1,39,4.123522623,10,56.93194416,0,0,0,Semi-Furnished,113.370139
4375,1997.223688,1352.522652,3,4,1,30,8.59776461,2,74.61037192,0,1,1,Fully-Furnished,113.8525584
4376,1823.003094,1179.421284,4,3,1,0,6.022181589,3,29.42292693,1,1,1,Unfurnished,137.5706058
4377,400,,1,4,1,38,3.821600842,4,43.1823562,0,0,1,Unfurnished,57.68105608
4378,2521.034826,2977.443748,1,2,3,33,9.959363059,3,56.78770519,1,0,0,Unfurnished,129.7303889
4379,1647.63997,1680.183591,5,3,2,23,7.670999653,3,26.43920042,0,0,0,Semi-Furnished,97.58805529
4380,1111.75043,2125.716627,4,4,1,27,1.729798513,9,53.69108302,0,1,0,Unfurnished,117.3597623
4381,1578.563959,1998.209507,1,3,3,3,0.5,4,90.31111021,0,0,1,Unfurnished,110.63223
4382,1588.094911,1146.052854,3,2,1,17,5.719954006,8,54.907582,0,1,1,Unfurnished,100.8593591
4383,1166.575642,992.7480708,4,3,3,28,1.646939426,1,54.41098657,1,0,0,Fully-Furnished,76.69006299
4384,1598.958334,1195.747899,2,2,2,22,0.524354374,6,31.94209543,1,0,1,Semi-Furnished,133.1404032
4385,1196.263856,1421.465249,4,4,3,36,12.51587681,1,69.94595019,1,0,0,Semi-Furnished,100.5691738
4386,1297.819004,2293.284998,4,3,3,26,7.609156441,5,10,1,0,0,Semi-Furnished,115.5298542
4387,1156.860432,1363.425869,1,1,2,15,6.938214487,7,49.4505873,1,0,1,Fully-Furnished,96.09408957
4388,783.6643551,3397.192505,5,2,2,26,7.246376735,1,63.73685206,0,0,0,Unfurnished,109.6862686
4389,1572.918235,2821.720829,5,3,3,8,3.448671397,9,12.50225083,0,0,1,Semi-Furnished,143.4564655
4390,1792.649718,2646.68764,1,1,1,4,9.64390466,,19.78601142,0,0,1,Semi-Furnished,136.7821174
4391,1757.441798,1904.272878,1,1,1,7,7.477198693,6,27.83789345,0,1,1,Unfurnished,153.8393469
4392,1909.962626,3211.424589,1,1,2,17,4.970365376,2,70.59342657,1,1,0,Unfurnished,132.7715681
4393,1662.170105,1825.595495,5,1,1,34,5.569485262,,40.45252714,1,1,0,Fully-Furnished,106.322875
4394,1233.637251,1974.990869,1,2,2,5,3.090165147,9,63.44813678,0,0,0,Semi-Furnished,106.2972248
4395,1919.831932,2135.979632,2,3,3,22,6.375028508,4,61.02827937,1,1,0,Semi-Furnished,124.7978272
4396,821.2412301,2561.458432,2,1,3,25,7.041488477,6,25.09121652,1,1,1,Semi-Furnished,117.3375385
4397,1049.664309,2509.526463,3,3,1,38,6.270866683,10,44.15867056,1,0,0,Fully-Furnished,110.0283156
4398,1017.899964,1619.899777,2,3,2,23,8.220618229,2,46.57955759,0,0,0,Semi-Furnished,46.96083394
4399,2040.02803,1573.605024,4,4,1,9,7.685953181,4,57.66574191,1,1,1,Semi-Furnished,150.174013
4400,1971.394257,2511.922366,3,3,1,14,8.923074155,2,53.41572841,0,1,1,Semi-Furnished,121.7120939
4401,1743.652619,2572.189267,2,2,3,37,11.77238815,3,49.01488886,1,1,1,Fully-Furnished,130.3207572
4402,2035.964933,1685.3191,4,2,1,19,10.37209391,2,67.47126084,0,1,1,Semi-Furnished,119.9298611
4403,1060.358609,730.2495443,2,1,3,28,11.81835936,8,67.25546805,0,0,0,Semi-Furnished,63.60006525
4404,1674.29756,1834.147123,4,3,2,5,4.609063081,5,28.276764,0,0,1,Fully-Furnished,135.8142406
4405,1437.412786,2498.820639,1,2,1,8,5.965540424,5,43.27226827,0,1,0,Semi-Furnished,108.2912909
4406,1923.441052,3444.333477,4,2,3,4,10.61438674,8,50.47606981,0,1,0,Unfurnished,147.733126
4407,1442.387884,1041.63363,1,2,1,38,10.68591069,8,51.26898229,1,1,0,Fully-Furnished,94.05696734
4408,1307.528556,1658.742998,4,1,2,18,5.28551753,7,58.26083666,0,1,1,Unfurnished,103.8533788
4409,1770.454259,1688.477151,4,2,1,4,10.4463357,5,55.59688565,1,0,1,Unfurnished,107.8610482
4410,1938.084584,3084.644272,2,3,1,19,4.225871533,7,58.93315521,1,0,0,Semi-Furnished,149.8947415
4411,1165.827403,1972.0468,4,2,3,10,9.924222897,1,60.69695732,0,1,0,Semi-Furnished,104.3058747
4412,1469.462164,1274.138753,2,2,2,26,7.894815197,3,45.75578024,1,0,1,Semi-Furnished,94.84138623
4413,970.7796832,2446.956226,4,1,2,28,2.462257584,3,44.94178854,1,1,1,Fully-Furnished,116.254313
4414,400,1676.289184,5,3,2,6,6.263704713,2,70.92368203,1,1,0,Fully-Furnished,91.63771021
4415,1600.229816,1020.490181,3,2,1,2,16.72907124,6,42.55459923,0,1,0,Fully-Furnished,104.87326
4416,1804.452678,1285.781354,2,3,3,4,8.811121451,,61.09662025,1,0,1,Unfurnished,131.0095302
4417,1631.033405,3387.233564,2,3,1,12,17.20179991,4,38.66557624,1,0,1,Fully-Furnished,139.1739323
4418,525.2191411,2307.367377,1,2,1,15,2.22429388,3,55.01947915,0,1,0,Fully-Furnished,99.71306972
4419,1324.575285,2086.208044,5,1,1,11,11.00296717,7,56.1060608,0,1,1,Semi-Furnished,140.4536351
4420,400,1800.085011,1,3,2,38,0.5,4,59.73444654,1,0,1,Unfurnished,86.16491611
4421,2184.850554,2233.719074,5,4,3,26,7.99905806,5,73.85434293,1,0,1,Fully-Furnished,146.1243596
4422,956.9727089,2224.188757,5,2,2,32,10.52486951,7,35.01117904,1,1,0,Semi-Furnished,79.23422725
4423,2127.701805,2233.735063,4,3,1,14,11.35156038,4,52.23846595,1,1,1,Semi-Furnished,125.422464
4424,1972.934822,2091.876072,1,3,1,20,4.802921102,6,59.93480571,1,1,1,Fully-Furnished,143.0611759
4425,1049.704824,2695.038671,3,3,3,16,12.15636169,9,59.97540062,0,1,1,Unfurnished,117.4102752
4426,933.6075244,2018.483477,5,2,2,36,5.86514096,6,45.35802206,0,0,1,Unfurnished,89.4252995
4427,1675.185108,,5,4,1,14,7.343610996,5,55.77027185,1,0,1,Fully-Furnished,129.5582987
4428,1077.837981,1510.061687,2,3,1,19,6.266711123,1,49.71608587,1,0,1,Fully-Furnished,101.8056041
4429,1551.242321,500,4,3,3,18,3.454442597,8,61.09971799,1,0,1,Fully-Furnished,116.5032465
4430,1258.586205,3621.453693,3,1,1,0,14.27887835,5,48.81813967,1,0,1,Unfurnished,124.6607784
4431,609.4207928,2690.203674,5,2,2,3,8.192071269,5,49.04060656,0,0,0,Unfurnished,132.1642215
4432,400,1335.943604,2,2,2,2,12.34927351,3,54.06520959,0,1,0,Semi-Furnished,66.4133941
4433,1613.342124,1774.52412,1,3,1,7,12.17884497,10,42.51271701,1,0,1,Semi-Furnished,135.5354241
4434,1219.221127,1490.498821,5,1,1,4,4.128239143,2,38.61173933,1,1,0,Unfurnished,103.8159877
4435,1223.455092,3234.037769,2,3,1,8,12.86450899,1,30.10480639,0,0,1,Semi-Furnished,100.075845
4436,1847.93192,864.0982686,1,3,3,0,10.01365697,9,47.97640727,0,0,1,Unfurnished,118.9052944
4437,2086.721138,2091.580847,4,2,3,29,3.836392542,5,38.97599192,0,0,0,Semi-Furnished,165.1808877
4438,1363.727639,1913.177726,1,1,2,6,9.795403325,10,45.55469637,1,0,0,Fully-Furnished,122.1250746
4439,1329.700647,2661.470905,5,3,2,21,3.908128461,4,68.57435415,1,1,1,Unfurnished,133.4390492
4440,1750.071517,1916.792618,3,2,1,19,14.42583347,7,46.03010835,1,1,1,Semi-Furnished,130.612183
4441,821.5322152,593.4328987,1,3,1,28,11.25514698,4,68.86645694,0,1,1,Fully-Furnished,56.52150447
4442,1611.576527,1799.105732,3,3,1,26,7.715405751,2,55.78194641,1,0,0,Semi-Furnished,110.9605555
4443,1775.942986,1222.270226,3,1,3,24,13.05921447,9,45.77615649,0,0,0,Semi-Furnished,125.5791092
4444,1840.115104,2063.663637,1,1,3,34,1.672049421,8,34.69940181,0,0,1,Fully-Furnished,114.5182269
4445,531.6236487,3147.341629,4,1,1,26,5.0026348,4,48.29869294,1,1,1,Fully-Furnished,114.1854168
4446,1119.322365,608.4598046,1,3,1,10,6.990321113,8,43.97210483,0,1,1,Unfurnished,98.46450004
4447,1060.868374,1359.821812,2,4,2,16,16.94273873,,67.76332542,0,0,0,Semi-Furnished,73.8484815
4448,1549.943477,1557.845637,3,1,3,30,3.718068397,2,79.53222096,1,0,1,Fully-Furnished,94.27931882
4449,1740.37229,1694.695124,5,4,1,17,1.170776233,4,65.46858865,1,1,1,Semi-Furnished,141.9308531
4450,2248.355204,2592.100531,3,4,3,18,2.222457942,6,38.8896823,0,0,1,Fully-Furnished,151.6634902
4451,1252.51726,1861.164466,5,4,1,37,11.62486348,7,50.82264036,1,1,0,Unfurnished,119.1068308
4452,1251.213751,2332.642181,2,2,1,28,5.623230918,5,46.59792751,0,0,1,Fully-Furnished,100.7130938
4453,2074.836009,1499.381565,2,3,2,14,7.363653343,10,41.16001881,0,1,1,Semi-Furnished,137.8639026
4454,1648.288469,2183.939476,2,1,2,6,11.05133057,10,48.63553904,1,1,0,Semi-Furnished,112.3696633
4455,2133.825756,2622.238105,1,3,2,36,7.367661488,7,48.01526659,0,1,0,Unfurnished,119.0844017
4456,1644.364002,1414.16036,3,3,1,36,8.816586418,4,77.55035456,0,1,0,Unfurnished,83.77996901
4457,921.4416906,2625.086496,5,2,2,6,10.14086059,8,54.93361234,0,1,0,Fully-Furnished,108.2873366
4458,833.4358226,2041.898215,2,2,1,21,6.277294432,3,62.38854546,0,0,1,Fully-Furnished,70.09919217
4459,724.2438755,2836.368192,2,2,3,11,7.33473176,3,65.7260512,1,0,0,Semi-Furnished,111.3403645
4460,1831.025917,1838.86408,5,3,3,7,8.967821609,5,61.32855654,0,1,0,Fully-Furnished,151.141622
4461,2094.298412,2304.995724,3,4,1,17,11.47271709,6,70.47295342,1,1,1,Unfurnished,142.5197811
4462,2424.681071,1967.515015,3,3,2,27,4.830522943,3,44.42626274,0,0,0,Fully-Furnished,118.441559
4463,1921.552666,1923.03019,5,2,2,17,0.5,10,64.39297415,1,1,0,Unfurnished,134.2407703
4464,2081.419289,2207.144343,4,3,3,30,10.7183326,2,79.42884521,1,1,1,Semi-Furnished,136.2546074
4465,1209.991834,2429.445975,3,2,1,16,11.71086368,5,39.18617673,0,1,1,Fully-Furnished,113.186544
4466,921.7920916,1000.34807,5,2,1,22,8.800136649,10,44.90398726,0,1,1,Unfurnished,72.08850716
4467,1925.039666,3146.906887,5,1,1,10,9.073172876,6,43.7773959,1,0,1,Fully-Furnished,120.1098755
4468,1708.840376,512.2695676,2,4,3,14,5.742760423,3,82.3333075,0,0,0,Unfurnished,91.50861321
4469,1553.722187,1452.150312,5,2,3,29,10.00073369,7,34.04770228,0,0,1,Unfurnished,119.624848
4470,1693.68574,1924.584743,1,1,2,30,11.41266728,3,51.65476953,1,0,1,Unfurnished,117.4183502
4471,1661.592741,2329.884775,2,4,1,5,8.225985366,2,57.38215772,0,1,1,Fully-Furnished,119.9875181
4472,2141.90843,3260.938022,2,2,1,11,17.96499332,10,41.76096631,1,0,0,Unfurnished,160.3703864
4473,2147.492792,513.3668094,3,4,1,22,1.745035649,4,35.12806587,1,0,1,Fully-Furnished,120.2373239
4474,1772.110176,1593.844697,4,4,1,38,8.651846683,3,37.70258386,0,0,0,Unfurnished,82.01643703
4475,1922.901436,500,3,3,3,39,3.302588151,7,46.24338162,0,1,0,Unfurnished,130.4086136
4476,1757.031276,2025.297579,1,1,2,35,11.5193837,8,41.97944721,0,1,1,Fully-Furnished,86.10235014
4477,1269.415134,2217.346868,2,4,3,34,1.674098288,3,71.6493943,1,0,0,Fully-Furnished,101.5836908
4478,1878.282337,3272.636594,2,3,2,2,2.664313829,6,42.1100374,0,0,1,Fully-Furnished,149.601987
4479,802.7524656,2096.507809,5,4,1,27,5.467252238,1,41.96223122,1,1,0,Semi-Furnished,105.0584899
4480,2026.945776,2835.220104,4,3,1,14,9.063328679,5,55.91713935,0,1,1,Semi-Furnished,163.9809303
4481,902.7385301,2467.069665,4,2,1,12,5.618114445,2,54.35524299,1,0,1,Semi-Furnished,81.13720603
4482,1642.901643,1651.801442,5,2,1,18,5.65823495,1,10,0,0,1,Unfurnished,105.3146592
4483,1077.423021,872.8314026,1,3,1,39,7.27643818,7,36.96205384,0,0,0,Unfurnished,80.32266452
4484,1776.694492,2220.001839,4,2,3,17,7.031039364,,42.41976091,1,1,1,Unfurnished,135.9406256
4485,1483.037387,806.3183863,2,2,2,30,13.94979755,,34.82985987,0,0,0,Fully-Furnished,46.32670991
4486,702.6220209,3036.165658,1,2,3,36,10.74364448,5,64.43620832,1,0,0,Semi-Furnished,78.85702131
4487,1710.349816,1870.350318,3,4,1,20,6.701693041,2,27.56287843,0,0,1,Unfurnished,109.257597
4488,1211.039612,2956.141929,3,3,2,38,16.38804764,8,65.76514206,0,0,0,Fully-Furnished,107.2208083
4489,1940.57336,1615.828453,1,1,2,4,9.966644699,10,18.26783735,0,0,0,Semi-Furnished,120.4900847
4490,1500.662844,2215.080629,2,1,1,16,4.124151779,3,51.21445635,1,1,1,Semi-Furnished,109.6704868
4491,1697.710493,2167.479086,3,3,2,18,9.02605496,7,73.46205415,0,1,0,Fully-Furnished,134.3670042
4492,1021.215522,1963.964706,2,4,3,3,10.14205018,1,41.07873344,0,1,0,Unfurnished,100.4702066
4493,1205.333884,,5,2,3,25,5.249501124,10,50.35124221,0,1,1,Semi-Furnished,97.76395374
4494,1270.680682,,4,2,3,23,3.789964357,1,65.41500937,0,1,1,Unfurnished,104.211883
4495,1928.35124,1259.069389,1,4,3,38,8.34583636,7,64.99046011,1,1,1,Unfurnished,110.3772997
4496,2338.688544,1032.451737,4,1,2,37,6.559112915,1,54.53531719,0,1,1,Unfurnished,143.6891987
4497,1097.414124,2994.261515,5,3,3,18,13.91651155,9,47.27129542,1,1,0,Unfurnished,124.8441916
4498,2038.424072,2581.734391,3,3,2,29,10.9646233,9,47.11801404,0,1,0,Unfurnished,115.9924536
4499,415.1612911,2052.713287,2,4,1,25,5.436898904,8,29.14867105,1,0,1,Unfurnished,95.52698797
4500,902.9052995,3332.113906,2,2,3,10,9.703752444,8,34.62750673,1,0,0,Unfurnished,130.3410199
4501,1020.610772,1785.787585,5,2,1,38,13.06851257,4,50.54057537,0,1,1,Fully-Furnished,85.19314439
4502,823.7456553,3058.162576,1,2,3,2,2.424782216,4,54.10225524,1,1,1,Unfurnished,145.6223733
4503,708.2058051,2140.459268,4,3,1,21,3.908887036,5,88.56170897,0,0,0,Unfurnished,98.15968592
4504,1706.499456,1180.1994,3,1,1,16,7.955325531,9,61.7110818,0,0,1,Semi-Furnished,116.5949146
4505,1392.966151,3478.432153,1,3,1,10,8.142407872,3,44.76645751,1,0,0,Semi-Furnished,135.0282475
4506,1689.702699,2792.568677,5,4,1,38,7.791209978,4,57.65595352,1,1,0,Unfurnished,147.9096336
4507,1845.236343,1903.183175,5,3,1,26,6.756891285,10,23.54216309,1,0,0,Semi-Furnished,148.2243214
4508,1632.808497,2581.737008,2,4,2,28,6.69575871,5,51.26691637,0,1,1,Fully-Furnished,113.3904771
4509,1828.881588,1677.037253,3,3,2,11,9.537032547,7,60.27057347,1,1,0,Fully-Furnished,109.6926502
4510,1465.233857,,1,1,3,12,12.53577021,5,60.39884873,1,0,0,Fully-Furnished,116.2097556
4511,906.5033058,500,2,4,2,10,6.076189081,9,49.00633269,0,1,0,Semi-Furnished,73.54581519
4512,2028.90709,1184.158933,3,2,1,30,17.75359738,6,58.54739681,0,0,1,Fully-Furnished,79.65318637
4513,1205.443934,2783.407795,4,2,2,10,15.84276574,3,45.96798748,1,0,0,Fully-Furnished,119.4337945
4514,1032.201851,1800.275569,4,3,2,35,13.31702252,6,55.93567225,0,0,1,Semi-Furnished,80.51089939
4515,1411.041062,2166.033836,2,3,1,1,10.48993334,6,35.87817749,1,0,0,Unfurnished,126.4912322
4516,1043.59454,922.5714703,1,1,2,22,16.03195243,,33.06689807,0,0,0,Unfurnished,73.90330023
4517,1291.284809,3478.293597,3,1,1,35,6.83953854,1,68.95463812,1,0,0,Unfurnished,104.3747482
4518,1672.026961,2952.423715,4,2,2,13,4.669582352,7,47.22054755,1,0,1,Semi-Furnished,161.2298797
4519,1674.17087,1839.451825,4,3,1,36,5.896111762,3,56.63293025,1,0,1,Unfurnished,119.8088353
4520,1051.084967,1676.243315,1,4,3,26,3.988228788,1,38.22866053,1,1,1,Fully-Furnished,116.650737
4521,1256.147314,2823.683489,2,1,2,11,8.487205289,1,33.10469367,1,0,0,Unfurnished,86.02082418
4522,2037.166502,3585.97636,5,4,3,28,9.199321857,5,41.8281816,0,1,0,Fully-Furnished,154.4401649
4523,1748.200059,2763.008205,3,4,1,5,8.803359355,10,56.37305641,1,0,0,Unfurnished,123.2966575
4524,2537.53252,3737.442134,4,1,1,22,7.950274591,10,19.05750219,1,1,1,Unfurnished,184.1707059
4525,2090.064087,1262.118937,5,3,3,9,8.532618113,2,53.10933077,1,0,1,Unfurnished,116.7148524
4526,2072.146534,1344.490536,1,4,1,33,14.94529524,2,60.21540238,1,1,1,Semi-Furnished,92.47528696
4527,806.0657248,1048.847106,2,3,1,11,10.48020747,4,36.76761924,0,1,0,Unfurnished,76.23599825
4528,1881.930176,2353.40852,3,4,1,31,11.69003519,10,53.62148452,1,1,1,Fully-Furnished,164.0690872
4529,1473.446599,2140.48284,1,3,1,25,8.763159747,7,52.4550373,1,1,0,Fully-Furnished,115.3187697
4530,1224.509098,1878.439101,2,3,1,6,1.537645206,8,36.99721224,0,0,0,Unfurnished,116.3947939
4531,1584.00767,2647.406902,1,3,1,31,0.744470118,10,47.79058309,0,1,0,Semi-Furnished,106.76941
4532,1972.605767,2985.862884,4,3,1,32,16.33123996,7,49.78850303,1,1,0,Unfurnished,158.9990298
4533,1750.415796,,4,1,1,17,5.872710899,9,36.93643406,1,0,0,Unfurnished,109.2685446
4534,1060.763099,1522.422378,5,4,3,34,5.532994623,7,44.77881527,0,1,1,Fully-Furnished,126.1862479
4535,1871.229457,2656.114875,1,3,2,19,8.982652966,4,49.64862254,1,0,1,Semi-Furnished,125.4940224
4536,1181.206229,1625.809053,4,2,1,30,10.20161191,9,54.30481131,1,0,0,Fully-Furnished,101.5894982
4537,1608.341559,1361.435139,2,4,3,4,10.70744855,9,78.34420287,1,1,1,Semi-Furnished,106.6975982
4538,1348.324966,2814.829942,5,4,1,31,15.09767413,3,35.4767384,0,0,0,Unfurnished,108.7050021
4539,1390.566874,968.3999442,3,3,2,18,14.00294553,10,70.30246666,0,0,0,Fully-Furnished,97.00968203
4540,1883.121488,1758.736154,1,4,1,0,4.756267101,8,36.53755243,1,0,1,Unfurnished,167.8264349
4541,979.9031401,2262.915221,4,2,3,6,11.87493829,1,49.96244024,0,1,0,Unfurnished,128.7169267
4542,2472.597537,1540.944069,2,2,3,21,6.463636327,2,63.78776824,0,1,1,Fully-Furnished,146.8906816
4543,589.4569654,2626.524525,1,2,2,33,7.449965022,8,56.60584662,0,1,0,Unfurnished,69.11814503
4544,1201.166158,1544.89842,2,4,1,9,3.624043176,8,14.6801807,1,1,1,Semi-Furnished,120.323199
4545,1685.105945,3126.895595,5,4,3,25,1.227708585,6,66.28413431,0,1,0,Unfurnished,141.8072486
4546,1792.157083,1899.402962,4,3,2,31,7.873753149,8,54.84973646,0,0,0,Semi-Furnished,132.0964697
4547,1449.76214,2537.016109,4,4,2,26,4.176072336,,41.65714588,0,0,1,Unfurnished,132.5744965
4548,1471.304648,2596.819162,5,4,1,11,11.71125471,2,48.03744024,1,1,0,Semi-Furnished,130.4625864
4549,1705.275043,1497.967998,2,3,3,39,6.875687026,3,56.4092168,0,1,0,Fully-Furnished,127.411247
4550,1384.465261,500,1,2,1,22,9.234360876,7,58.79120009,1,0,1,Unfurnished,80.59435079
4551,2196.590629,2288.604604,2,3,1,13,13.47010302,3,58.24356453,0,0,1,Fully-Furnished,112.4632318
4552,1919.674557,2057.830678,1,1,1,33,2.058819273,2,39.27365005,1,0,1,Fully-Furnished,124.0759454
4553,1936.412176,2444.660822,5,4,3,16,5.101530446,6,49.8162053,0,1,0,Semi-Furnished,134.4942475
4554,1016.921638,1818.778022,3,4,2,5,8.723534498,2,37.35251167,0,0,0,Unfurnished,84.07804459
4555,1460.305788,1655.657841,1,1,1,26,9.250099263,2,61.49422935,1,1,1,Fully-Furnished,94.13479301
4556,1349.767026,3606.778409,4,1,1,7,12.41399001,2,46.33861851,1,1,0,Unfurnished,160.981729
4557,997.1993122,822.1167508,4,1,3,32,11.46861252,4,56.54701143,0,0,1,Semi-Furnished,62.76485277
4558,1680.082092,2587.160383,4,3,1,34,8.387734503,7,42.29084511,1,0,1,Fully-Furnished,139.1371463
4559,1231.177121,1540.318513,2,2,2,16,9.213618682,6,51.2853097,0,1,0,Semi-Furnished,89.82110054
4560,1827.701915,1731.377106,2,3,1,25,9.324303564,5,47.1237257,1,1,0,Fully-Furnished,116.4973552
4561,964.9042186,1746.317734,2,1,2,6,2.121150541,4,31.7934111,0,0,0,Semi-Furnished,113.7662284
4562,2359.520306,1357.252581,4,3,1,23,7.374498091,,66.36290892,1,0,1,Unfurnished,140.1851438
4563,1051.833671,2456.979368,1,4,1,24,8.993892872,8,60.02755177,0,1,0,Fully-Furnished,102.8623952
4564,1609.651169,,4,3,1,34,9.834203435,2,30.96260206,0,0,0,Fully-Furnished,110.2333821
4565,1895.929655,,1,1,2,25,4.30254624,8,37.70823582,1,1,1,Unfurnished,161.9264206
4566,1214.679785,2082.705597,2,4,1,4,2.92480835,10,41.08048685,1,0,0,Fully-Furnished,151.7057351
4567,1926.234322,1210.847601,3,2,1,37,7.06186963,4,69.75556996,0,0,1,Semi-Furnished,99.53128542
4568,885.4082011,2413.460213,2,3,1,34,15.86946444,5,63.00698936,0,1,0,Fully-Furnished,91.76444144
4569,2226.05885,3725.079705,5,3,2,29,4.723009949,1,53.24857031,0,0,1,Fully-Furnished,175.9508513
4570,1507.074632,1695.444301,1,1,1,24,12.69571299,2,26.27613739,1,0,0,Fully-Furnished,72.72766122
4571,1201.794296,,3,2,3,23,14.33895857,8,56.8477647,0,1,0,Semi-Furnished,89.49567174
4572,1350.409114,1551.128695,2,4,2,29,8.181866105,1,52.53553808,1,1,1,Unfurnished,113.473443
4573,1904.459635,1608.468612,3,1,3,19,5.280608261,3,44.82603689,1,0,0,Semi-Furnished,117.98835
4574,1207.772354,500,4,1,1,2,10.05127825,2,69.82635221,1,1,0,Semi-Furnished,70.40008684
4575,1125.321155,2324.028309,1,3,2,31,8.779961168,10,47.00108451,1,0,0,Fully-Furnished,92.69655597
4576,1389.231701,1323.558259,5,2,2,7,4.563584079,5,67.71427111,1,1,1,Fully-Furnished,133.4561198
4577,911.5189436,711.789505,4,1,1,22,5.364788695,,44.48680631,1,1,0,Unfurnished,62.8895882
4578,2410.271954,2602.55196,3,3,3,15,9.814319409,4,37.16683959,1,1,1,Fully-Furnished,158.7963074
4579,1216.802704,1134.385772,2,4,2,34,11.73376163,4,31.31099563,1,0,0,Semi-Furnished,66.59164487
4580,1915.808393,1729.064757,1,1,2,24,6.708839195,4,48.80226153,0,0,1,Fully-Furnished,116.8092465
4581,1604.735042,3173.153913,5,4,2,14,7.72346574,4,50.66666044,0,0,1,Fully-Furnished,161.0413266
4582,1007.732975,872.6273616,2,4,2,7,10.67455428,6,35.67839297,1,1,0,Unfurnished,55.46746968
4583,1497.022645,773.9214123,5,3,2,33,7.310052463,2,36.36828936,0,1,1,Semi-Furnished,81.29168664
4584,1892.00139,2215.444952,1,2,1,24,6.802692107,4,67.6343421,1,0,1,Semi-Furnished,113.9852745
4585,1405.869332,2919.589891,3,4,2,18,4.978636721,7,61.13217279,1,0,1,Unfurnished,152.2231279
4586,2096.556473,740.5266258,5,1,3,12,4.909261507,7,77.46110087,1,1,0,Semi-Furnished,102.9373055
4587,2010.757696,2326.151789,1,2,2,11,18.67553103,1,25.74389421,1,0,1,Semi-Furnished,130.0685241
4588,1959.457427,2464.799632,5,2,1,14,7.21519336,10,75.62232647,1,0,1,Fully-Furnished,170.2720042
4589,1270.171614,500,2,3,1,22,13.46023329,9,38.19096615,1,0,0,Unfurnished,78.66627518
4590,960.0787761,2638.80107,5,1,3,39,14.73597335,7,30.27042479,1,1,1,Unfurnished,113.809459
4591,1193.206197,2701.284704,2,1,2,1,7.265670842,6,53.75395928,1,0,0,Fully-Furnished,114.4296823
4592,1598.12047,,2,3,3,39,9.473719234,2,22.10320726,1,1,1,Unfurnished,86.76475451
4593,1772.893357,3001.87709,1,3,3,22,8.409913928,6,66.24929103,0,0,0,Unfurnished,116.0981435
4594,414.2142976,2909.164459,4,2,3,4,1.551270597,5,52.58067826,0,0,0,Fully-Furnished,121.7081299
4595,1495.943399,2082.494341,5,4,3,33,1.792107951,9,39.44683731,0,1,1,Fully-Furnished,151.3983558
4596,1579.044613,1638.843688,3,4,2,9,8.195393868,1,65.03237932,0,1,1,Semi-Furnished,126.6880786
4597,1361.227872,1221.737686,2,4,1,26,6.300345846,5,47.96746729,1,1,1,Semi-Furnished,104.3206506
4598,2145.63692,1969.949193,4,4,1,3,15.56632135,3,50.53144112,1,0,0,Fully-Furnished,139.6081002
4599,1710.890037,2455.807136,2,1,2,3,7.053708245,9,59.41020557,1,0,0,Unfurnished,130.5896437
4600,2155.095954,1740.658511,4,1,3,7,15.80371599,1,40.53957107,0,0,0,Fully-Furnished,86.17984703
4601,1392.01974,500,4,3,2,5,6.094434415,6,34.17139527,0,0,0,Fully-Furnished,82.17450093
4602,1968.738746,3014.971116,3,3,3,24,15.64880168,3,48.04330152,0,0,1,Fully-Furnished,120.933925
4603,2317.533197,2152.178577,4,4,3,26,10.02569799,1,29.72592983,0,0,0,Semi-Furnished,112.2095706
4604,2155.846725,1696.300403,3,3,2,39,10.25316758,3,43.54401237,0,1,0,Fully-Furnished,111.0697183
4605,953.9292033,2685.726711,1,1,2,19,5.952944173,2,34.97965033,1,1,1,Unfurnished,119.7121984
4606,1373.161961,3219.710877,2,4,3,26,10.30766872,10,45.32174542,1,0,0,Fully-Furnished,157.5663852
4607,1327.417647,500,3,4,3,6,14.77085373,8,36.54649095,1,1,1,Fully-Furnished,97.38335162
4608,1744.627268,2347.41092,2,1,3,22,7.420690024,3,44.8844069,0,1,1,Fully-Furnished,112.8892742
4609,1843.176778,858.6806314,5,2,3,19,6.642412739,7,65.41265395,1,0,1,Semi-Furnished,132.5585058
4610,1080.553663,2399.288405,1,4,2,33,7.012949845,10,38.862917,0,1,1,Unfurnished,105.9311405
4611,1533.919257,2102.341762,5,3,1,28,14.48044642,6,55.76391399,1,0,0,Unfurnished,121.9268138
4612,490.0363339,2508.581221,5,2,1,4,11.42140483,7,22.8699058,0,1,1,Semi-Furnished,111.5708665
4613,2220.972503,,4,1,3,26,13.79071996,7,45.05270671,1,0,1,Semi-Furnished,122.0070446
4614,1243.81288,501.4079105,4,2,1,11,9.254490842,10,37.62559027,0,1,0,Semi-Furnished,88.30973065
4615,1527.93197,1639.705447,5,2,1,16,8.157277427,1,50.8671345,1,1,0,Unfurnished,133.4144169
4616,1345.175143,2325.478108,4,4,1,36,9.695776156,,41.71246688,0,0,0,Unfurnished,97.83397905
4617,2073.013788,2812.313863,2,2,1,33,12.28063414,4,62.96639363,1,0,0,Fully-Furnished,98.89789424
4618,400,,4,3,1,29,7.01152703,5,44.68882536,1,1,1,Unfurnished,107.4804475
4619,1491.694829,2821.648341,5,4,1,35,13.47470797,10,66.87422362,1,0,0,Semi-Furnished,132.2479356
4620,1447.090621,1481.702168,4,1,3,5,9.463322228,5,18.61812723,0,1,0,Unfurnished,113.0620036
4621,1273.181806,2289.959905,4,3,3,31,0.5,8,50.60323073,0,0,1,Unfurnished,80.18996721
4622,2363.113273,1592.084838,3,4,3,31,11.53397371,4,52.01481733,1,1,1,Unfurnished,128.9826786
4623,1056.335271,2145.736502,3,2,2,8,2.910779947,1,35.9779172,1,1,1,Unfurnished,117.418082
4624,1885.898089,2713.502108,5,3,1,21,11.43669104,5,50.01646867,1,0,0,Fully-Furnished,111.426508
4625,1678.126394,1018.388738,2,4,1,9,11.60607199,1,57.23240092,0,0,0,Semi-Furnished,81.24865769
4626,2130.759626,1456.075283,1,4,2,28,9.31957039,3,66.30346958,0,1,1,Unfurnished,102.3527313
4627,1166.405458,2147.97007,1,1,1,10,10.1747236,8,45.71845532,1,0,0,Semi-Furnished,102.7096768
4628,1133.51555,3921.266929,5,4,3,27,12.39548315,10,43.40968411,1,1,0,Semi-Furnished,157.1899229
4629,2048.034954,1309.44823,2,1,3,1,6.017489305,5,40.97920568,0,0,0,Unfurnished,129.4653087
4630,1712.660654,3632.107109,2,2,2,20,11.17371864,7,50.74649805,0,0,1,Fully-Furnished,149.2680244
4631,727.5313267,3603.538643,2,4,3,30,12.65209321,1,35.96349302,0,0,0,Fully-Furnished,85.75496421
4632,1230.347493,1922.151079,3,4,2,16,15.04033039,6,61.25731777,1,0,0,Fully-Furnished,124.0978681
4633,1693.191327,1761.477979,5,2,3,26,3.576878856,8,25.65688047,0,1,1,Unfurnished,139.2305795
4634,1918.882111,1446.347841,1,4,1,29,9.63406426,6,49.03049999,0,0,0,Unfurnished,71.57582173
4635,1160.384673,1945.437976,2,4,3,7,4.154043204,4,29.30616533,1,1,1,Unfurnished,136.679515
4636,400,874.624454,5,3,2,36,3.984311929,8,49.27892583,0,1,1,Unfurnished,68.57777479
4637,1761.611593,1939.008786,1,1,1,4,9.43611109,8,62.12608882,0,1,0,Unfurnished,111.3083153
4638,889.839655,3197.504219,3,4,2,25,8.309823259,6,52.77502646,1,0,0,Semi-Furnished,116.990234
4639,491.3306009,1511.13195,4,4,1,5,12.58000591,8,40.9594541,0,1,0,Semi-Furnished,95.30119642
4640,400,1807.420557,1,1,1,15,6.615294202,6,60.74935368,1,1,0,Unfurnished,92.72530694
4641,1906.99043,639.0876206,1,3,3,0,7.463794255,4,10,1,0,0,Fully-Furnished,115.752465
4642,1564.308725,2299.249671,1,1,3,8,8.846017049,6,48.99113364,1,0,0,Semi-Furnished,134.0222257
4643,1387.17181,2211.585348,4,4,1,20,4.552684594,9,37.51846682,1,1,1,Unfurnished,133.7617243
4644,2194.512181,2050.961888,2,2,3,6,5.10772062,8,57.41344912,0,0,0,Unfurnished,154.4195502
4645,1818.662342,1826.53836,4,2,3,14,12.46439466,7,12.03651329,1,1,0,Semi-Furnished,110.542977
4646,2308.150021,1765.793665,1,3,2,23,5.804179835,5,43.01801179,0,1,1,Semi-Furnished,118.5886851
4647,803.6322639,2401.520187,3,3,3,4,12.72990627,7,40.35525635,0,1,0,Unfurnished,114.4660933
4648,1482.724688,1976.946719,1,4,1,37,10.42925032,1,63.56364993,0,1,1,Fully-Furnished,76.93098871
4649,691.6433125,2251.977497,3,3,3,28,1.809875898,8,38.11538501,0,0,0,Unfurnished,112.344401
4650,1385.308834,2171.986254,5,4,1,10,10.12151477,5,46.67071928,1,1,1,Semi-Furnished,138.5876705
4651,1375.692073,2898.74183,3,2,1,3,10.08991929,7,51.06537474,0,0,0,Semi-Furnished,134.6851752
4652,1813.306819,2541.595278,1,3,2,9,9.691714434,7,49.64619568,0,0,0,Unfurnished,135.0618435
4653,1522.781941,2154.289475,4,4,1,33,7.432493094,8,49.34379557,0,1,0,Semi-Furnished,133.8397689
4654,1811.703569,3214.737625,1,1,1,3,4.239730178,7,50.92528021,1,1,1,Unfurnished,171.2541789
4655,1851.720067,2336.214823,1,3,2,9,13.38485106,6,49.99187694,0,1,1,Fully-Furnished,134.0124481
4656,2577.464339,3043.970151,5,4,1,32,7.593681645,6,85.64785307,0,0,1,Fully-Furnished,160.4476482
4657,1342.351672,2485.554087,2,4,2,17,4.466375359,5,23.11028981,0,0,1,Unfurnished,142.3507286
4658,1029.48865,526.4647369,1,1,1,11,9.829874744,5,38.13208098,0,0,1,Semi-Furnished,95.92931804
4659,1623.041808,3043.867811,5,2,3,22,5.028880117,4,49.2938681,1,1,0,Semi-Furnished,136.4922711
4660,1098.859986,2108.140993,4,1,2,24,4.203655887,7,66.69397253,1,1,1,Fully-Furnished,132.0154344
4661,2240.980384,1958.436183,5,4,2,36,6.498109551,3,64.30687013,1,1,0,Semi-Furnished,132.3806409
4662,1358.390981,2225.078678,5,1,1,3,5.338408943,5,65.56306989,1,0,1,Semi-Furnished,119.5308782
4663,1217.211816,1724.01347,3,1,2,12,4.351030992,3,49.46994184,1,0,0,Unfurnished,106.5870971
4664,1264.342139,,2,4,1,17,11.22564705,,68.61580165,0,1,1,Fully-Furnished,126.4233975
4665,1859.208712,1526.499147,2,2,2,28,7.544688742,5,41.00923124,1,1,0,Fully-Furnished,120.9252294
4666,1421.126508,3019.417807,4,1,2,29,13.00911978,10,63.73794917,1,0,0,Unfurnished,118.0721704
4667,1179.16659,1909.129509,5,1,3,37,4.581962089,6,52.83780412,0,1,1,Unfurnished,109.4493738
4668,2332.675959,1693.932926,4,3,1,27,1.089755849,1,53.10382309,1,1,0,Fully-Furnished,117.3977449
4669,1071.91508,1260.059347,4,3,3,6,8.595081397,4,30.18386849,0,1,1,Fully-Furnished,109.528674
4670,1517.783037,2215.020631,2,4,2,23,15.42391569,9,23.44549172,1,0,0,Unfurnished,134.0957352
4671,1826.153076,,2,4,1,9,10.12394732,5,45.64039078,0,0,0,Fully-Furnished,136.8780311
4672,684.3324448,,2,4,3,36,20.86149678,,48.60257435,0,1,1,Fully-Furnished,65.95601277
4673,1740.130251,1178.19849,1,3,2,26,9.328236484,4,33.18214476,1,0,0,Semi-Furnished,105.060333
4674,972.4461623,719.055041,5,4,3,20,8.942208845,6,63.8869365,0,0,0,Fully-Furnished,87.70554131
4675,1911.39139,2500.473042,4,1,2,35,0.5,7,37.64969219,1,1,1,Unfurnished,172.3490858
4676,1018.674494,3187.71349,5,1,2,28,9.711789762,,58.63257173,1,1,1,Semi-Furnished,138.0662084
4677,1846.384516,1178.917102,4,2,1,6,8.67467104,8,45.58667879,1,1,1,Semi-Furnished,136.7879619
4678,2052.916533,3271.553027,4,4,1,12,6.370315207,5,61.72422772,1,1,1,Fully-Furnished,179.0369036
4679,1930.718263,2227.128847,4,1,1,22,7.452884532,6,32.03563731,0,1,0,Semi-Furnished,115.7325536
4680,1625.658324,1994.349676,4,1,2,24,7.727597703,2,25.92549755,0,0,1,Unfurnished,114.4444555
4681,1384.349529,1681.961043,3,2,3,12,7.280283388,10,58.08903625,0,0,1,Unfurnished,146.7130257
4682,1211.790212,892.3855845,3,1,1,36,16.35885985,2,62.79820188,0,0,1,Fully-Furnished,57.5791879
4683,2235.517345,2790.182813,1,2,1,29,6.516551889,3,54.7216415,0,0,0,Fully-Furnished,118.3103274
4684,1150.25239,1379.514911,2,2,1,25,8.677254895,4,36.74820223,1,0,1,Unfurnished,107.8788124
4685,981.4669632,1376.154659,4,3,1,11,6.384395666,6,60.14576758,0,1,0,Unfurnished,90.4160439
4686,1832.684468,2793.541048,5,1,2,0,11.13372475,6,58.5248816,0,1,1,Fully-Furnished,133.5752482
4687,1101.931598,,3,3,3,17,8.7070548,3,32.87671803,0,1,0,Unfurnished,102.304189
4688,1024.968251,781.1217515,2,1,2,20,6.880357707,1,56.73554764,0,1,0,Fully-Furnished,58.97622369
4689,778.1978689,1985.492605,1,3,2,23,0.5,3,52.13809303,0,0,0,Semi-Furnished,83.91948324
4690,1258.54508,2234.627543,2,2,2,16,8.973232901,4,51.57096742,1,1,1,Semi-Furnished,111.1761134
4691,1458.642488,2387.787718,4,2,1,8,6.761694906,9,29.25383324,0,1,1,Fully-Furnished,166.8641309
4692,1621.545864,1758.561205,2,2,3,39,7.757037372,10,62.34316459,1,1,1,Fully-Furnished,87.7374696
4693,1975.653122,4024.295735,4,2,2,27,3.270168211,8,41.86050783,1,1,0,Fully-Furnished,177.5972056
4694,1763.448962,1817.685953,3,1,2,14,13.73312869,4,40.28126066,0,1,1,Unfurnished,95.24058853
4695,1404.56389,1815.371078,3,4,2,12,11.4269727,7,56.82725284,1,0,0,Fully-Furnished,126.2413646
4696,1400.902162,1362.410665,4,1,1,27,13.72282399,9,46.72387234,0,1,1,Fully-Furnished,89.94681945
4697,1755.078734,2099.125453,5,3,1,16,12.5879172,2,28.46379906,0,0,1,Semi-Furnished,115.8785906
4698,2136.285081,2491.968986,3,1,2,8,10.36926921,3,72.94200545,0,0,1,Fully-Furnished,127.8642651
4699,1563.1571,2962.862444,5,1,1,20,3.430869965,1,53.42264508,0,1,1,Fully-Furnished,132.9581323
4700,1265.434573,808.5725884,4,3,3,29,15.37354866,,49.69251655,0,0,1,Semi-Furnished,70.52652522
4701,1003.566999,1803.203729,4,2,1,10,4.289459396,2,49.53058162,0,0,0,Unfurnished,107.1668756
4702,777.3973678,2357.362889,3,3,2,29,6.926369504,7,50.23027337,1,1,0,Fully-Furnished,93.1257535
4703,1833.134836,2469.646028,5,3,3,35,10.82760912,7,51.44880367,0,0,1,Fully-Furnished,122.9952328
4704,1788.989262,2005.238926,4,4,1,24,11.02616315,3,67.11079013,1,0,0,Fully-Furnished,96.70653546
4705,1788.681763,2433.939176,3,4,2,6,10.28894691,2,73.71137573,1,1,1,Fully-Furnished,154.3743058
4706,1435.670277,1352.828886,4,2,3,19,6.398846075,3,45.65302664,0,1,1,Semi-Furnished,106.1025648
4707,2203.467373,3246.324346,2,3,3,34,5.572273491,8,60.14590612,1,1,1,Semi-Furnished,186.8346141
4708,1257.940753,2794.102482,2,3,3,9,18.13813027,9,59.40561623,1,0,1,Semi-Furnished,75.3377736
4709,1977.634619,924.0577703,3,3,1,34,7.842744246,8,60.34145663,1,0,0,Fully-Furnished,115.8259865
4710,1480.628553,1139.917562,4,1,3,0,7.352914461,2,69.07216268,1,0,0,Unfurnished,80.96847366
4711,1195.824618,,3,4,1,13,5.145774036,9,62.77822623,0,0,0,Fully-Furnished,86.2375751
4712,1796.265154,2542.375977,1,4,2,4,8.978681396,6,56.2583677,0,1,0,Fully-Furnished,133.8684786
4713,1704.818059,972.2177869,3,2,1,39,8.792091202,2,40.48167327,1,1,0,Unfurnished,98.00495968
4714,1678.48638,1735.180533,3,4,1,37,7.935095165,9,54.54950966,0,0,1,Fully-Furnished,155.560893
4715,1540.639211,2363.763517,2,4,2,33,9.526906587,5,34.31060254,0,0,1,Semi-Furnished,102.7672027
4716,1481.053459,1947.067252,2,2,1,23,15.05415001,6,56.9174974,1,0,0,Semi-Furnished,82.46312701
4717,2694.185996,2207.110013,4,3,1,3,5.619789175,1,54.78929127,1,0,0,Unfurnished,147.8671587
4718,2092.128323,1147.357831,3,1,2,26,8.172334969,2,28.52720569,0,1,1,Semi-Furnished,107.3843588
4719,1861.413447,2475.883499,3,2,3,4,5.40860619,1,42.96180661,0,0,1,Unfurnished,151.2598491
4720,1555.899579,1509.430486,4,4,2,12,9.178793443,4,38.87829269,1,1,1,Unfurnished,127.6392559
4721,2003.5786,,5,2,3,39,5.726121995,2,60.542656,0,1,0,Fully-Furnished,138.5357151
4722,1758.997388,2190.185382,4,4,1,20,5.898228034,1,45.58909827,1,1,1,Semi-Furnished,155.6898299
4723,1513.102376,2082.462577,2,3,2,36,2.161906504,,28.65329882,0,0,0,Unfurnished,113.2371758
4724,1348.217837,2019.184015,2,3,3,31,8.391179131,4,56.68784278,1,1,1,Fully-Furnished,105.9689461
4725,1459.541331,,3,3,1,37,9.719078488,4,53.09991597,1,1,1,Unfurnished,72.67172934
4726,400,1760.360471,2,4,1,30,15.44190541,3,51.86756485,1,0,0,Semi-Furnished,58.27708062
4727,1605.30042,2001.746873,4,2,1,31,9.878009925,2,33.46397639,0,0,1,Semi-Furnished,92.13546224
4728,1255.76196,899.9318135,3,4,3,14,6.201263507,8,58.8161979,0,1,1,Fully-Furnished,108.6147912
4729,2296.334999,1629.973627,4,3,3,29,2.561283649,10,48.30359551,1,0,1,Unfurnished,147.4771262
4730,1509.672035,2310.143903,4,3,3,6,3.114851977,2,47.40374732,1,0,0,Semi-Furnished,122.2269283
4731,905.5182902,978.0507169,3,3,1,37,2.817486642,,31.13105476,0,0,0,Semi-Furnished,71.73476592
4732,1475.059923,2925.265321,5,4,3,30,15.51216814,7,31.6727529,0,0,1,Semi-Furnished,101.3802098
4733,976.9394575,3015.69061,2,1,2,25,9.151241988,9,100,1,1,0,Semi-Furnished,97.63106267
4734,1736.703708,1003.879539,1,3,3,35,5.668135123,3,32.70276763,0,1,1,Semi-Furnished,121.3535954
4735,1645.473682,3086.095706,1,2,3,25,4.160561579,1,18.39264384,1,0,0,Unfurnished,139.2517799
4736,1978.919816,1885.134729,1,3,1,1,4.575568638,9,44.21845289,1,1,0,Unfurnished,142.7093971
4737,1104.559104,2334.811647,2,4,2,8,5.562802422,1,47.14273838,1,1,0,Fully-Furnished,88.75099935
4738,1517.004048,1602.679158,5,2,2,4,13.26502087,8,36.24675929,0,1,1,Semi-Furnished,119.416936
4739,817.4891023,2738.435862,4,4,2,26,7.880226212,2,37.67352313,0,1,0,Fully-Furnished,95.10513769
4740,1850.747391,2324.875215,3,1,3,11,2.210134331,7,48.21772765,1,0,0,Unfurnished,138.971545
4741,1759.43559,1348.677395,5,1,1,34,17.2418371,3,55.46674721,0,0,0,Unfurnished,80.78150722
4742,1747.902511,1067.8384,1,4,3,28,3.439355443,6,28.99995189,0,0,1,Fully-Furnished,119.4492048
4743,1500.809516,831.7580518,2,3,1,15,5.63665876,6,44.06516107,1,1,1,Unfurnished,89.18947237
4744,1707.386445,2150.353421,2,2,2,18,13.24057755,4,49.97375571,0,0,1,Semi-Furnished,81.04375613
4745,2302.169554,2457.977129,3,3,3,26,9.66059853,8,46.41555872,1,0,1,Semi-Furnished,145.8011737
4746,1357.452871,2520.772543,4,4,1,17,6.120308002,5,39.69998784,1,0,0,Unfurnished,107.0143904
4747,1569.322592,1905.615124,5,4,3,12,3.074532296,7,34.62416337,1,1,1,Semi-Furnished,152.4943911
4748,956.9368504,1074.402835,5,3,1,29,4.133239564,5,75.94680791,1,1,1,Fully-Furnished,96.72256543
4749,1065.869519,1454.340162,5,2,2,25,4.374015524,4,14.9457516,0,1,1,Unfurnished,86.77341133
4750,1548.906647,2921.878911,4,2,3,5,8.028127191,6,65.37995928,0,1,1,Fully-Furnished,147.2720933
4751,2051.966773,1612.297148,4,2,2,2,8.764247269,3,32.86243174,1,1,1,Unfurnished,152.169299
4752,1371.859588,2114.734105,4,2,3,22,7.405381485,6,53.6052381,0,0,1,Semi-Furnished,137.5957354
4753,1382.041735,1139.479613,3,2,3,11,7.843144744,6,51.17315488,0,0,0,Semi-Furnished,76.89254904
4754,1296.557378,2269.266436,2,1,1,14,3.797107219,,34.40808613,1,1,1,Semi-Furnished,120.6689363
4755,1232.621665,1633.852351,1,1,1,0,9.172544425,3,47.11620943,1,0,0,Semi-Furnished,81.20460968
4756,1647.485728,2837.370171,4,4,1,7,13.12207455,8,44.043021,0,0,0,Fully-Furnished,160.1568922
4757,751.3711774,2618.846165,2,1,2,30,7.348833273,4,50.41566523,0,0,1,Fully-Furnished,61.76215214
4758,2140.469788,1603.435243,4,2,2,10,7.270853174,2,69.2292632,1,0,0,Unfurnished,133.607446
4759,1167.288851,1898.668778,1,2,3,16,8.332004208,7,71.34357174,1,1,0,Semi-Furnished,95.29614795
4760,1860.951743,1559.107008,4,2,1,26,12.47281944,8,38.49018805,1,0,0,Semi-Furnished,94.87648045
4761,865.0007013,864.4534428,2,4,2,30,4.421108002,4,55.1863441,0,1,0,Fully-Furnished,71.58540435
4762,1834.420065,1314.046056,3,4,3,26,13.80338934,6,65.27979364,0,1,1,Semi-Furnished,116.6979308
4763,1835.972304,2158.573862,1,3,2,13,9.684888958,8,43.50426154,1,1,0,Semi-Furnished,102.6785003
4764,1692.101036,2260.207599,2,1,3,22,8.114722783,5,58.99406506,0,1,1,Semi-Furnished,115.9253191
4765,1002.785739,,5,1,1,4,12.85295535,9,85.70275492,0,0,1,Fully-Furnished,98.12763251
4766,1624.774095,1758.613557,5,3,3,29,3.271751704,6,32.89691767,0,1,0,Fully-Furnished,99.09524097
4767,908.4719076,2746.453285,5,3,3,33,10.08818214,6,57.17967549,0,0,0,Semi-Furnished,111.2737697
4768,1373.618372,2050.833524,3,1,1,18,9.721238258,2,34.88300173,1,0,0,Fully-Furnished,80.37645422
4769,2014.70655,2562.603062,4,2,1,30,4.258179742,7,40.62342387,0,1,0,Semi-Furnished,155.8316793
4770,1898.350964,580.9798942,4,1,3,15,9.842552492,9,42.86540019,0,1,1,Unfurnished,107.1441182
4771,1507.591471,500,4,2,2,26,9.133220718,5,56.64284666,1,1,0,Semi-Furnished,56.07233207
4772,1012.596712,2227.030422,3,4,1,25,7.285047521,5,80.39258457,1,1,0,Semi-Furnished,124.7351134
4773,1822.793856,860.187477,5,1,3,38,11.45127022,5,41.0442172,1,1,1,Unfurnished,86.84697447
4774,1509.690619,1830.038638,4,1,1,28,5.712982991,1,65.13083075,1,0,1,Semi-Furnished,92.11459838
4775,400,1758.322367,3,4,1,38,9.081284983,5,36.47316694,1,0,1,Semi-Furnished,68.09372248
4776,1891.314913,3269.920482,3,4,2,28,7.47330487,10,43.40911638,0,1,1,Unfurnished,150.2816306
4777,1487.883583,2319.997242,2,4,1,30,5.541212708,8,69.69163698,0,1,0,Semi-Furnished,117.1737559
4778,2101.225624,2132.687221,4,4,3,1,10.01153874,3,64.35294015,0,1,0,Unfurnished,158.6146358
4779,952.3647406,2669.592924,5,4,3,5,7.169057011,9,43.82263083,1,1,1,Unfurnished,114.4498965
4780,400,2294.798069,1,3,1,8,2.107974165,9,40.91625419,1,1,0,Semi-Furnished,103.2431989
4781,1639.541929,1633.858406,3,3,1,14,0.795735581,6,57.0284135,0,1,1,Semi-Furnished,143.9445103
4782,1645.781838,,2,4,2,19,11.15622987,4,40.18914082,1,0,0,Semi-Furnished,124.8715584
4783,654.6641862,1112.199898,1,4,2,1,3.117599571,4,42.80134571,1,0,1,Unfurnished,99.60526638
4784,1010.750227,2258.59775,3,4,2,2,9.117537974,1,43.97819069,0,1,1,Unfurnished,130.5261587
4785,2877.608872,761.9441647,2,4,3,29,8.219807575,10,47.32566461,0,1,1,Fully-Furnished,129.1811665
4786,1347.194693,2163.155086,4,2,2,7,6.525872892,5,41.25027158,0,1,0,Unfurnished,120.6674983
4787,1865.479488,2154.391713,2,2,3,39,15.82667383,5,25.47955611,1,1,0,Fully-Furnished,122.1747736
4788,1174.670086,3341.16397,3,4,2,20,8.718696074,5,73.28165817,0,0,0,Unfurnished,122.2880687
4789,454.8485506,748.0208852,4,4,3,38,11.02253393,1,62.31387533,1,0,0,Semi-Furnished,42.30720626
4790,1414.870877,1519.290259,5,1,1,12,9.139264861,1,48.690421,0,1,0,Semi-Furnished,68.27535487
4791,1367.19772,2658.145941,2,4,3,39,7.073842308,10,38.92171991,0,0,1,Semi-Furnished,126.9178491
4792,1300.060881,2268.253805,1,4,1,36,7.923644999,2,68.04494631,0,1,1,Fully-Furnished,90.35125463
4793,1442.679582,2144.244041,4,3,3,31,13.83417106,1,57.01392655,0,0,1,Semi-Furnished,107.2354155
4794,1632.134136,1235.091438,4,2,3,13,12.35242117,8,40.26934086,0,0,1,Unfurnished,99.25944282
4795,1424.941524,1527.345322,5,4,1,0,15.80794573,4,57.61244611,0,1,1,Semi-Furnished,135.006129
4796,867.996916,2996.032807,2,2,3,26,8.886568372,6,51.21081623,1,1,1,Semi-Furnished,131.2552858
4797,1743.092396,1958.792645,1,2,3,23,4.492251737,8,52.01468398,1,0,1,Unfurnished,107.090821
4798,525.3141223,2300.287757,5,1,2,21,6.237932223,5,62.92971323,1,0,1,Fully-Furnished,121.1555279
4799,474.8212714,1907.849337,2,2,1,13,3.248887233,6,57.51558071,1,0,0,Semi-Furnished,64.80387524
4800,1869.590247,1053.531588,1,2,1,7,11.06817652,4,62.80869816,1,0,0,Fully-Furnished,106.1603848
4801,1753.510136,2747.048341,1,4,2,26,5.656334736,6,77.49250841,1,0,0,Fully-Furnished,121.3523956
4802,1471.302317,2402.585908,3,3,2,2,0.5,6,58.75413742,1,1,0,Semi-Furnished,138.0532821
4803,802.2757476,,1,4,1,32,17.85510279,3,85.27108649,0,1,0,Unfurnished,107.4785901
4804,1146.04453,1187.534896,2,4,1,20,5.717595446,4,67.91377887,0,0,1,Fully-Furnished,94.29071134
4805,1368.626626,2658.058337,5,3,1,31,5.693636298,6,46.31380264,1,0,1,Unfurnished,108.0960987
4806,702.0530157,950.7648272,5,3,2,39,14.68644677,8,27.29151444,1,0,1,Fully-Furnished,68.44812592
4807,1130.485671,,3,1,2,31,3.166994197,7,68.06343508,0,1,1,Semi-Furnished,113.3141966
4808,1826.165169,2781.205271,2,3,3,23,12.54642355,4,30.62236829,1,1,0,Unfurnished,146.8862792
4809,2213.652682,500,1,4,2,10,5.650230226,3,52.32877182,1,1,0,Unfurnished,131.0524911
4810,1290.282624,1836.054021,3,3,3,36,2.704818222,8,60.83692706,0,0,0,Fully-Furnished,97.35448927
4811,1878.244177,1549.432213,4,3,3,20,14.82287105,6,33.90739808,0,0,0,Unfurnished,104.2062854
4812,542.9699647,1438.434161,2,3,2,17,11.69238779,8,40.55270254,1,1,1,Semi-Furnished,121.3320385
4813,1829.725621,2308.170122,3,2,2,10,11.68000394,9,34.0391616,1,1,1,Unfurnished,158.1758438
4814,1098.025793,2896.548565,5,1,2,26,9.470622187,9,80.96975428,0,1,1,Unfurnished,115.5218959
4815,1653.672808,1893.377028,3,2,2,37,10.39640653,10,61.01648498,0,1,1,Fully-Furnished,114.993055
4816,1376.123791,2164.389142,4,2,1,0,3.071367901,9,39.14593726,1,0,1,Unfurnished,122.7116269
4817,2160.207005,2091.447002,2,1,2,28,8.446443429,10,26.89732439,0,1,1,Unfurnished,133.7122451
4818,1062.782176,,3,2,3,20,4.284947998,1,36.92454604,1,0,0,Semi-Furnished,87.86771963
4819,1813.803149,,1,3,3,28,2.444237924,3,40.57671904,1,0,1,Unfurnished,106.290703
4820,1360.246268,2886.755681,2,1,1,8,9.643813323,9,41.67601587,0,0,0,Semi-Furnished,132.3922333
4821,1420.847261,2236.156295,3,2,1,6,12.63259822,4,61.87839516,0,0,1,Unfurnished,88.97298609
4822,1408.073053,2315.905192,3,4,2,37,6.466524703,10,28.83761444,1,0,0,Unfurnished,116.3413865
4823,1077.163448,1354.792297,2,2,1,30,7.151948431,2,66.30989478,0,0,0,Semi-Furnished,51.60967
4824,1492.950517,1632.623682,5,4,2,26,3.44739742,1,22.90225734,1,0,0,Unfurnished,115.6754964
4825,1468.675889,1859.092642,1,3,2,31,8.028868584,5,48.87513348,0,1,0,Unfurnished,118.0967173
4826,1620.620124,772.7002452,2,4,1,4,11.04030445,4,39.55782811,0,1,1,Fully-Furnished,117.7824552
4827,1542.252573,649.5725398,1,2,1,32,11.16611095,5,64.91903204,1,1,0,Fully-Furnished,79.17906407
4828,1898.997275,1519.401655,1,2,3,14,10.1807047,5,71.60664628,1,1,1,Unfurnished,135.8349548
4829,1961.754308,2418.016613,2,2,1,4,5.526275331,8,62.13169163,1,0,1,Semi-Furnished,159.0723917
4830,974.6883391,1477.490088,3,1,1,19,5.399483826,6,56.63892682,1,0,0,Fully-Furnished,78.17498896
4831,1934.38625,1184.955842,5,1,1,37,11.18161789,3,45.97060635,0,0,0,Unfurnished,62.71476023
4832,906.8317864,1348.251477,1,2,3,36,11.24799573,9,70.11912176,1,0,1,Fully-Furnished,95.67821493
4833,1793.927944,1635.726061,1,2,2,16,7.312020058,8,34.99054136,0,1,1,Unfurnished,106.3588556
4834,1809.869392,1716.91283,3,3,3,3,6.29531237,9,56.70707656,1,0,1,Semi-Furnished,123.7711808
4835,544.3415542,3732.417162,2,1,1,20,12.66898837,4,66.26915178,0,1,0,Fully-Furnished,88.80698091
4836,1546.489623,2843.696503,5,1,1,33,6.560205341,8,63.74211255,0,0,1,Fully-Furnished,114.1005759
4837,1265.751943,,1,1,1,39,10.9837289,3,57.93161382,0,1,0,Unfurnished,69.26074987
4838,1120.617371,,1,4,2,4,7.452627301,5,57.52364015,1,1,0,Semi-Furnished,124.1551598
4839,2175.426165,1200.943305,2,2,3,3,3.809868876,7,63.38312855,0,1,0,Semi-Furnished,127.2421073
4840,1173.16043,1022.108308,3,3,3,21,14.44924856,1,48.00697693,1,0,0,Semi-Furnished,81.08108006
4841,1096.811535,1114.503767,4,3,2,13,8.480255583,1,71.40048975,1,1,0,Unfurnished,88.42977702
4842,1537.84747,3067.604907,3,2,3,3,5.15702408,3,80.85476416,0,1,0,Semi-Furnished,136.9988329
4843,1842.794873,1562.246569,1,2,2,7,2.436777329,4,22.27218145,1,0,1,Semi-Furnished,126.6116114
4844,1429.175707,998.9150542,1,3,2,2,2.839996807,1,44.0909344,0,0,1,Unfurnished,105.680997
4845,2083.185273,,5,4,3,28,6.508354384,8,33.26406736,0,1,1,Semi-Furnished,140.1845675
4846,1765.487831,1809.115575,3,3,3,25,15.70051553,2,40.21199966,1,0,0,Semi-Furnished,99.81428702
4847,410.8943401,2214.730619,4,4,2,29,5.661352485,5,51.85771165,1,1,1,Fully-Furnished,90.25292815
4848,1235.266518,2200.760817,5,4,3,11,13.78981933,6,57.06521981,1,0,0,Semi-Furnished,100.8010327
4849,1219.07895,1337.455549,4,1,2,14,7.476945326,6,47.52276468,0,1,1,Fully-Furnished,104.1605038
4850,1739.680477,2548.525114,5,2,3,1,3.275398436,6,59.53509434,0,0,1,Fully-Furnished,175.4970928
4851,400,1488.645173,3,1,3,0,6.107155246,1,38.95039678,1,0,1,Fully-Furnished,91.72229504
4852,2774.504854,1874.978931,1,4,3,27,2.876048305,,43.92828895,1,1,1,Fully-Furnished,156.8287728
4853,1765.513047,2549.419256,4,3,3,39,4.576126192,3,59.68912309,0,1,0,Semi-Furnished,99.89862078
4854,1574.438402,1486.542877,3,1,3,34,4.457007752,8,45.03937111,1,0,1,Fully-Furnished,121.7904556
4855,2090.783858,1544.518861,4,3,1,33,0.5,6,30.66443266,1,0,0,Fully-Furnished,145.9551288
4856,2671.827026,2473.33444,3,4,1,3,14.05118428,2,83.4762422,0,1,0,Fully-Furnished,157.7588949
4857,1935.373322,1313.813459,5,3,3,17,8.844068121,1,64.0732451,1,0,0,Semi-Furnished,119.1940003
4858,1974.406548,1692.166381,3,1,3,11,5.254886378,4,52.44593515,0,0,0,Unfurnished,95.59592645
4859,1565.345012,2444.593742,5,4,3,20,8.887030986,1,63.38472615,0,1,1,Fully-Furnished,130.4355226
4860,1429.237123,3643.273953,1,2,2,9,4.658078425,5,56.25992662,1,0,1,Fully-Furnished,132.7616314
4861,1262.102278,2484.323604,5,1,1,20,0.5,8,26.17732366,0,0,0,Unfurnished,128.8315365
4862,1086.944004,2378.11181,2,1,2,39,19.82676653,10,52.29820301,1,1,1,Semi-Furnished,77.8819391
4863,1156.49295,2424.641267,1,2,1,24,8.758399507,2,39.14920718,0,1,1,Fully-Furnished,98.72931842
4864,824.7220178,1141.447781,3,4,1,16,5.643947843,8,51.69355081,0,0,0,Semi-Furnished,96.02287151
4865,1462.064275,2092.477391,3,2,3,5,0.5,8,56.06549529,1,0,0,Fully-Furnished,119.092725
4866,657.6662114,1976.186809,2,1,3,13,2.023400819,,64.28166159,0,1,1,Semi-Furnished,94.8622907
4867,1595.458262,2257.267632,3,4,2,36,14.61796772,8,35.21293679,1,1,1,Semi-Furnished,137.5875869
4868,1481.834696,2093.206442,1,3,2,39,14.0077542,2,35.76288523,0,1,1,Fully-Furnished,121.7682372
4869,1573.467649,2303.759742,1,1,3,39,11.01286014,7,42.88731358,1,1,1,Fully-Furnished,123.5278915
4870,1238.934215,1750.826244,5,3,3,17,3.539691846,,71.96281269,1,1,0,Semi-Furnished,122.0706619
4871,3038.430185,2046.887134,4,2,1,29,14.03989595,4,44.54805017,0,0,1,Fully-Furnished,141.3942289
4872,2180.05795,1017.737147,3,4,1,8,9.799130472,9,58.02370521,0,0,1,Unfurnished,126.6837919
4873,877.72875,1744.074178,2,2,3,13,10.61969779,6,49.16216122,1,0,0,Semi-Furnished,97.76060727
4874,1616.434044,3112.666839,1,3,1,16,9.784683778,3,44.07112495,0,1,1,Unfurnished,122.1866863
4875,1195.996929,2255.046672,1,1,2,33,1.972051261,4,52.01660668,1,1,0,Fully-Furnished,92.60263777
4876,992.7601366,1983.26317,1,4,1,21,3.207356197,4,61.87776162,1,1,0,Unfurnished,81.21687394
4877,829.9639644,3516.898621,4,2,3,31,5.959127334,1,60.10733241,0,0,1,Unfurnished,138.8406585
4878,1716.108345,911.3320174,4,3,1,11,10.57455883,10,31.86806003,1,0,1,Semi-Furnished,135.1306798
4879,1159.309882,1112.435556,3,3,3,15,2.478271671,1,55.02548809,1,1,0,Unfurnished,91.36347354
4880,1983.913012,3370.169129,2,1,1,21,7.29861434,1,74.45819968,0,0,1,Fully-Furnished,149.5931272
4881,1996.891107,2036.768749,4,3,2,37,7.293561959,4,54.57366299,1,1,1,Semi-Furnished,138.5027006
4882,2186.957193,1805.933571,5,4,2,38,11.17095876,1,66.96312584,1,0,1,Fully-Furnished,109.6417457
4883,1073.806617,1040.63654,4,3,3,1,10.69868614,6,76.10697859,1,0,1,Fully-Furnished,92.93983432
4884,1737.682805,2358.157013,1,1,3,7,3.959096284,2,52.45963448,0,1,0,Unfurnished,105.6244439
4885,1816.227108,2435.567896,2,2,3,0,13.78674468,1,49.07058706,0,1,0,Fully-Furnished,125.441803
4886,1262.910912,,3,4,1,39,3.347040685,7,56.44712586,0,1,1,Unfurnished,131.4365783
4887,1114.114021,1887.779532,4,2,1,4,12.36895777,6,69.30917988,0,1,1,Semi-Furnished,106.4679392
4888,2304.760333,1731.587334,1,2,1,35,5.799420407,1,47.6131717,1,1,0,Semi-Furnished,107.3445066
4889,1613.747938,2204.781717,5,3,2,16,8.655703814,10,32.79970837,1,0,1,Unfurnished,138.4279253
4890,1817.983875,1104.599806,5,3,3,29,8.90394984,9,55.39663663,1,0,1,Semi-Furnished,146.8118832
4891,1088.961994,3001.557964,3,1,1,14,8.790829763,6,63.92405372,1,0,1,Semi-Furnished,127.3232908
4892,890.3577667,2732.659025,3,3,2,19,10.69799679,2,55.99400041,0,1,0,Semi-Furnished,99.90964852
4893,1215.275113,,4,3,3,35,9.565837992,7,56.58330241,1,1,1,Semi-Furnished,85.67255184
4894,1437.989306,1826.865031,3,2,2,1,11.13459652,3,49.42166739,1,1,0,Unfurnished,115.0343026
4895,967.8899966,1890.86228,1,4,3,3,9.858479841,7,46.47637695,0,0,0,Unfurnished,87.79924716
4896,1495.077596,1377.353158,1,3,1,23,2.942178964,9,69.06165057,0,1,1,Fully-Furnished,132.576658
4897,655.747406,1645.256465,1,4,2,1,9.079196298,5,23.24239282,1,1,0,Fully-Furnished,83.34162155
4898,939.9762888,1783.783706,4,3,2,1,5.74452039,1,51.37503706,1,0,0,Semi-Furnished,87.32918177
4899,1835.455624,3290.294697,4,3,2,0,3.562950088,5,35.26547084,1,0,1,Unfurnished,175.8997672
4900,1801.89526,2757.294647,3,1,3,12,6.840640429,8,49.5089764,1,1,0,Unfurnished,143.890364
4901,1304.061617,2747.723766,4,3,3,5,8.732942396,8,53.95926246,0,0,0,Unfurnished,114.0306918
4902,991.1178455,2295.94049,1,1,2,21,8.998700112,3,57.58818768,0,0,1,Fully-Furnished,70.31968021
4903,986.2982242,1106.138393,2,2,3,16,12.22409898,4,52.12696283,1,1,0,Semi-Furnished,107.53843
4904,1313.365877,1966.807116,1,4,2,21,13.22923648,8,70.85852221,0,0,1,Unfurnished,99.67452008
4905,1822.259246,2776.390768,2,3,1,5,9.345123323,8,51.58398986,1,0,0,Fully-Furnished,139.3270215
4906,1964.122846,,3,1,2,2,10.06842551,7,34.07846198,1,1,1,Unfurnished,130.5413333
4907,1251.734132,2509.242565,5,2,2,5,8.381236133,6,65.52163845,1,0,1,Unfurnished,100.0014861
4908,923.253787,3858.08738,4,3,3,16,11.06890185,4,55.0489125,1,0,0,Fully-Furnished,135.5821177
4909,1633.921819,2849.453317,4,1,3,34,9.947952555,10,35.60458549,0,0,0,Fully-Furnished,111.1959005
4910,1088.232515,3131.223308,1,1,3,36,7.782047625,9,60.96325219,1,1,1,Unfurnished,108.3824958
4911,1240.873681,2174.671,1,2,1,34,16.60793027,2,41.62555955,0,1,1,Semi-Furnished,84.4065861
4912,2162.638045,2774.345559,2,3,1,22,5.815266546,2,64.02915866,1,0,1,Semi-Furnished,109.4176537
4913,1913.557714,1425.717429,4,3,1,7,13.81782783,1,31.07676196,0,1,1,Fully-Furnished,92.90646254
4914,1578.987156,2636.69105,3,4,3,6,2.582828295,3,48.12439305,1,0,0,Unfurnished,150.0473126
4915,864.0404994,2523.510507,1,3,2,9,11.25446615,3,56.4528255,0,0,0,Fully-Furnished,98.41396192
4916,1605.698284,2231.928939,4,1,2,25,13.74627341,4,33.9995535,1,1,0,Unfurnished,98.25443837
4917,2031.328645,3052.805936,5,4,2,9,0.5,3,57.84808378,1,1,0,Unfurnished,183.3713184
4918,1312.183167,1568.97213,2,4,3,18,8.555802292,10,65.4919851,1,1,1,Unfurnished,141.5384853
4919,2175.557045,1850.353987,1,3,3,22,10.86165616,6,46.94630951,0,1,0,Fully-Furnished,104.0166579
4920,2146.372645,2076.369633,1,4,1,30,9.007854417,9,55.89477652,0,0,1,Fully-Furnished,135.1729881
4921,2331.866416,1176.311223,3,1,3,32,9.512623742,,38.06969386,0,0,0,Fully-Furnished,105.4340974
4922,1652.621563,2181.545555,1,1,2,1,8.54489265,6,92.9203016,1,0,0,Fully-Furnished,75.05262367
4923,1793.69585,624.8556696,4,2,1,27,3.623008695,,50.09341486,1,1,0,Semi-Furnished,88.81013957
4924,2207.093644,,4,1,1,31,17.47218237,8,54.96867169,0,1,1,Unfurnished,141.2772943
4925,1723.696969,2037.309893,4,2,3,32,5.985848547,10,45.98041688,1,1,0,Fully-Furnished,115.8330632
4926,1249.382946,1583.285677,5,4,1,8,9.736644955,6,40.0911177,1,1,0,Unfurnished,132.3813777
4927,1275.728582,1332.50111,5,2,1,28,5.412641292,2,64.46627417,0,0,0,Semi-Furnished,84.43123554
4928,1619.277477,1812.336776,1,3,3,14,0.5,5,13.8969269,0,0,0,Fully-Furnished,150.8983902
4929,854.719289,2550.607769,5,2,1,17,4.301948505,4,22.64102193,1,1,1,Semi-Furnished,98.76471415
4930,1428.370542,2438.191183,5,3,2,17,2.209573231,6,54.80367383,0,1,1,Fully-Furnished,163.8224256
4931,2048.273559,1435.569642,3,4,3,6,12.36627016,2,44.48435718,1,0,0,Unfurnished,137.1236662
4932,404.3730744,1323.168262,5,2,2,13,5.572527936,4,62.68083172,1,1,1,Semi-Furnished,88.81241026
4933,2267.241051,2525.518965,2,1,2,28,5.943634643,8,42.23045749,1,1,1,Semi-Furnished,173.5757423
4934,2061.187109,1422.122076,2,3,2,18,3.74267715,1,24.92728689,0,0,1,Fully-Furnished,120.2350428
4935,1270.117692,2047.927819,2,4,2,4,8.376141595,3,49.00473654,1,0,0,Unfurnished,133.090344
4936,1771.695414,2099.003714,1,1,1,4,5.134165935,4,45.98024078,0,0,0,Unfurnished,99.97067248
4937,1501.573863,2249.649705,4,3,1,14,11.96941892,2,33.7628333,0,1,1,Unfurnished,121.5996804
4938,2114.995184,2686.616344,3,4,3,25,9.208157292,2,61.79413037,0,1,1,Unfurnished,141.5689748
4939,1991.341571,989.6296505,1,4,3,23,5.712696857,6,55.35422819,1,1,0,Fully-Furnished,98.73043716
4940,799.9646384,500,4,1,2,18,11.40093221,6,35.21229111,0,1,0,Semi-Furnished,53.42363896
4941,1793.631207,1546.042175,3,4,2,19,8.031762092,3,27.00617313,1,1,1,Fully-Furnished,132.5043012
4942,1397.186073,,3,2,3,8,8.085987623,8,55.32714296,1,0,1,Unfurnished,142.9932149
4943,1541.416285,3617.73928,3,4,3,27,2.149460385,3,35.65498483,0,0,1,Semi-Furnished,150.3205694
4944,1135.91405,3464.941708,2,3,3,15,7.715655469,2,35.60895392,0,0,0,Semi-Furnished,103.3868573
4945,2374.068535,1845.614906,2,3,3,10,9.286178557,5,48.36408109,0,0,0,Unfurnished,118.0588371
4946,2020.03091,574.3079344,2,3,2,33,13.33426729,7,50.71247619,1,1,1,Fully-Furnished,98.11675335
4947,1130.114418,,3,2,3,24,4.99242548,1,57.54412936,1,0,1,Fully-Furnished,82.24679006
4948,832.6946965,1508.769471,3,1,1,39,17.11243449,,65.85436808,0,0,1,Unfurnished,49.77338359
4949,1307.163685,1841.541096,2,2,2,20,10.22747327,2,43.04392236,1,0,0,Semi-Furnished,83.82656899
4950,1717.251323,3040.500321,3,2,1,4,1.922352496,8,58.81435662,0,0,0,Semi-Furnished,151.6799256
4951,1620.102922,2694.244368,2,2,3,10,4.619207544,10,47.3870098,1,1,1,Fully-Furnished,158.5533425
4952,2126.566412,2181.924063,2,4,1,8,13.68399666,6,67.65453919,1,1,0,Semi-Furnished,142.4797979
4953,1894.959861,1288.124183,2,1,3,10,12.97291657,4,37.27666636,0,0,0,Unfurnished,97.61033542
4954,1984.784513,1231.376353,4,4,1,36,8.072373926,4,57.86353269,0,1,0,Semi-Furnished,96.84066229
4955,1663.4277,2203.30215,3,2,2,0,8.599670812,5,37.59358768,1,0,0,Fully-Furnished,107.0281961
4956,805.3506349,2557.640783,1,3,1,25,3.341558905,3,36.39347175,1,0,1,Fully-Furnished,97.78653007
4957,1402.150734,2313.50501,2,2,2,9,13.28577096,4,43.15334288,0,0,0,Unfurnished,101.6958012
4958,2030.04487,1172.321632,1,1,1,39,4.048931653,,18.46744513,1,1,1,Fully-Furnished,125.7350571
4959,1474.238536,2520.534103,4,3,1,18,11.37896444,7,64.79788636,0,0,1,Unfurnished,115.0729784
4960,1751.545184,2340.728774,3,1,2,15,13.40816947,7,36.90533282,0,1,1,Semi-Furnished,108.8861672
4961,1340.625842,1143.466875,2,2,2,36,8.192622217,1,43.08857545,1,1,0,Semi-Furnished,59.22371839
4962,985.0940757,,2,1,3,3,11.87044546,3,35.49111184,0,1,0,Semi-Furnished,86.48116745
4963,1438.327968,2550.79678,2,4,2,13,15.39055883,9,64.24816205,0,1,1,Unfurnished,137.539465
4964,1654.523722,1812.393972,1,3,2,29,9.071875197,6,54.00640201,0,0,1,Fully-Furnished,85.47056963
4965,1172.15614,3271.317841,4,1,3,6,7.298792734,6,58.26272641,0,1,1,Unfurnished,153.2232259
4966,1382.144378,,3,3,2,11,7.73258857,4,52.54707148,0,0,1,Semi-Furnished,101.5347888
4967,1030.268379,1610.695049,4,3,2,23,5.028048389,10,52.52495135,0,0,0,Semi-Furnished,88.03328459
4968,2059.622459,1991.83552,2,2,1,38,4.937664829,9,54.98293703,1,1,0,Semi-Furnished,141.8396307
4969,1352.772121,2050.706714,4,2,3,21,9.769627055,3,64.23848656,0,0,0,Semi-Furnished,88.33523711
4970,2226.377773,1417.287749,1,3,3,29,7.344200711,8,32.78913253,0,0,0,Semi-Furnished,116.9618038
4971,2264.373925,1269.929441,5,1,1,38,9.310276707,6,41.43909406,0,1,1,Unfurnished,127.4072834
4972,1459.477018,2561.111915,5,3,3,19,2.040255401,2,34.22950973,1,1,0,Semi-Furnished,152.9305407
4973,995.7756337,2676.218638,3,2,1,25,7.629524699,3,58.99886461,0,1,1,Unfurnished,103.0747605
4974,457.0510611,2483.025176,3,1,2,4,12.1204714,1,56.61891196,1,1,0,Unfurnished,88.02608191
4975,763.9814635,3212.254475,4,3,3,39,3.524302892,,60.77169228,0,0,0,Semi-Furnished,96.84284981
4976,813.0825876,1566.581411,3,2,2,5,8.066105657,4,11.74661372,0,0,1,Semi-Furnished,74.76275947
4977,2189.234814,3339.416613,1,3,3,33,0.581562756,6,43.50919775,1,1,1,Semi-Furnished,186.6020515
4978,1557.912294,1279.263105,2,3,2,4,2.778151911,10,14.29486193,0,1,1,Unfurnished,90.2620299
4979,1694.802262,1189.851549,2,3,3,9,11.23064355,7,79.26849654,0,0,0,Fully-Furnished,104.0073708
4980,400,592.0328943,4,1,3,27,6.762862827,3,51.90525887,1,0,1,Unfurnished,78.92126264
4981,901.0167854,1643.363749,2,2,2,2,15.28829146,7,37.73817186,0,1,1,Semi-Furnished,116.5207916
4982,1943.539888,1597.022131,4,2,1,12,9.729772442,4,48.16603613,0,1,0,Unfurnished,104.4533391
4983,1643.387056,2420.749824,3,4,3,1,10.12238266,1,49.72805473,0,1,1,Fully-Furnished,141.1504885
4984,1426.397361,2195.112753,3,3,1,34,3.6940718,1,79.6553838,0,1,1,Fully-Furnished,93.45180741
4985,1782.421179,1045.621303,1,3,1,27,6.459578493,8,47.11460253,1,1,0,Fully-Furnished,96.74442132
4986,2317.898903,1685.819009,2,4,1,36,5.069455272,10,52.78389474,0,1,1,Unfurnished,159.2886216
4987,1389.478768,1702.830383,1,3,1,22,3.738233042,7,41.10392031,0,1,1,Fully-Furnished,114.3766262
4988,1534.684901,579.2142024,5,1,1,22,10.6555725,4,81.64249829,0,0,1,Fully-Furnished,84.48019313
4989,1596.298459,1215.242618,1,4,1,34,11.45806346,1,73.58560062,1,0,1,Unfurnished,97.9746107
4990,2696.054818,1383.349096,4,2,3,38,9.595748777,6,20.65815307,1,0,0,Semi-Furnished,151.5159092
4991,450.3218678,3146.900016,4,3,,31,4.687731227,10,62.80504491,0,0,1,Fully-Furnished,106.2402505
4992,1841.611507,2153.160573,1,2,3,1,9.32292014,7,56.72067181,0,0,1,Unfurnished,104.9516376
4993,1442.598876,2529.735003,3,3,3,15,0.5,6,38.36210317,1,0,0,Fully-Furnished,128.4004163
4994,1783.385863,801.0916023,5,4,3,15,13.29203707,6,35.10069869,0,1,0,Unfurnished,120.3393058
4995,1171.313723,2955.371586,1,2,2,2,2.807399297,8,19.54975464,0,1,0,Semi-Furnished,108.5822811
4996,1475.517485,3040.88165,3,3,1,27,3.51816407,6,59.64084781,0,1,1,Unfurnished,127.2771569
4997,1855.70529,500,1,1,2,28,8.461169078,2,29.60876426,0,1,0,Unfurnished,75.40533391
4998,3056.455101,1435.746621,2,4,1,19,8.816638241,7,54.64776711,1,1,1,Fully-Furnished,172.6037454
4999,1904.018095,2396.612458,4,3,2,35,7.709005606,10,33.67358585,1,0,0,Unfurnished,124.1326447
5000,1075.967201,2515.510763,2,3,3,32,3.559488236,4,32.07092235,1,0,1,Semi-Furnished,114.0718583
